HG001.HudsonAlpha_PacBio_CCS	data/NA12878/HudsonAlpha_PacBio_CCS/PBmixSequel846_1_A01_PCCL_30hours_15kbV2PD_70pM_HumanHG001_CCS/m64109_200805_204709.fastq.gz	17952198516
HG001.HudsonAlpha_PacBio_CCS	data/NA12878/HudsonAlpha_PacBio_CCS/PBmixSequel846_2_B01_PCCM_30hours_21kbV2PD_70pM_HumanHG001_CCS/m64109_200807_075817.fastq.gz	12997844102
HG001.HudsonAlpha_PacBio_CCS	data/NA12878/HudsonAlpha_PacBio_CCS/PBmixSequel846_3_C01_PCDB_30hours_15kbV2PD_70pM_HumanHG001_CCS/m64109_200808_191025.fastq.gz	2370961414
HG001.HudsonAlpha_PacBio_CCS	data/NA12878/HudsonAlpha_PacBio_CCS/PBmixSequel846_4_D01_PBXM_30hours_21kbV2PD_70pM_HumanHG001_CCS/m64109_200810_062248.fastq.gz	7554747039
HG001.HudsonAlpha_PacBio_CCS	data/NA12878/HudsonAlpha_PacBio_CCS/PBmixSequel851_1_A01_PCCL_30hours_15kbV2PD_70pM_HumanHG001_CCS/m64109_200813_162416.fastq.gz	12803796909
HG001.HudsonAlpha_PacBio_CCS	data/NA12878/HudsonAlpha_PacBio_CCS/PBmixSequel851_2_B01_PCCL_30hours_15kbV2PD_70pM_HumanHG001_CCS/m64109_200815_033514.fastq.gz	17073939749
HG001.PacBio_SequelII_CCS_11kb	sra/PRJNA540705/HG001/m64011_190326_191011.fastq.gz	11505694108
HG001.PacBio_SequelII_CCS_11kb	sra/PRJNA540705/HG001/m64011_190329_072846.fastq.gz	9990606627
HG001.PacBio_SequelII_CCS_11kb	sra/PRJNA540705/HG001/m64013_190322_203854.fastq.gz	11425030261
HG001.PacBio_SequelII_CCS_11kb	sra/PRJNA540705/HG001/m64013_190324_024932.fastq.gz	13354233618
HG001.PacBio_SequelII_CCS_11kb	sra/PRJNA540705/HG001/m64013_190410_223304.fastq.gz	11258667414
HG001.PacBio_SequelII_CCS_11kb	sra/PRJNA540705/HG001/m64013_190412_043951.fastq.gz	11810851188
HG001.PacBio_CCS_15kb_20kb_chemistry2	data/NA12878/PacBio_CCS_15kb_20kb_chemistry2/uBAMs/m64109_200805_204709.hifi_reads.bam	19713089498
HG001.PacBio_CCS_15kb_20kb_chemistry2	data/NA12878/PacBio_CCS_15kb_20kb_chemistry2/uBAMs/m64109_200807_075817.hifi_reads.bam	14485427038
HG001.PacBio_CCS_15kb_20kb_chemistry2	data/NA12878/PacBio_CCS_15kb_20kb_chemistry2/uBAMs/m64109_200808_191025.hifi_reads.bam	2604719251
HG001.PacBio_CCS_15kb_20kb_chemistry2	data/NA12878/PacBio_CCS_15kb_20kb_chemistry2/uBAMs/m64109_200810_062248.hifi_reads.bam	8271615361
HG001.PacBio_CCS_15kb_20kb_chemistry2	data/NA12878/PacBio_CCS_15kb_20kb_chemistry2/uBAMs/m64109_200813_162416.hifi_reads.bam	14016453809
HG001.PacBio_CCS_15kb_20kb_chemistry2	data/NA12878/PacBio_CCS_15kb_20kb_chemistry2/uBAMs/m64109_200815_033514.hifi_reads.bam	18602688089
HG002.PacBio_CCS_10kb	data/AshkenazimTrio/HG002_NA24385_son/PacBio_CCS_10kb/m54238_180628_014238.Q20.fastq	4266347528
HG002.PacBio_CCS_10kb	data/AshkenazimTrio/HG002_NA24385_son/PacBio_CCS_10kb/m54238_180629_191119.Q20.fastq	4502289830
HG002.PacBio_CCS_10kb	data/AshkenazimTrio/HG002_NA24385_son/PacBio_CCS_10kb/m54238_180630_152934.Q20.fastq	4316549877
HG002.PacBio_CCS_10kb	data/AshkenazimTrio/HG002_NA24385_son/PacBio_CCS_10kb/m54238_180701_114913.Q20.fastq	4704108467
HG002.PacBio_CCS_10kb	data/AshkenazimTrio/HG002_NA24385_son/PacBio_CCS_10kb/m54315_180629_192151.Q20.fastq	4173715380
HG002.PacBio_CCS_10kb	data/AshkenazimTrio/HG002_NA24385_son/PacBio_CCS_10kb/m54315_180630_153949.Q20.fastq	3834992105
HG002.PacBio_CCS_10kb	data/AshkenazimTrio/HG002_NA24385_son/PacBio_CCS_10kb/m54315_180701_115911.Q20.fastq	4466753862
HG002.PacBio_CCS_10kb	data/AshkenazimTrio/HG002_NA24385_son/PacBio_CCS_10kb/m54315_180702_081849.Q20.fastq	3732526385
HG002.PacBio_CCS_10kb	data/AshkenazimTrio/HG002_NA24385_son/PacBio_CCS_10kb/m54315_180703_170746.Q20.fastq	4885078512
HG002.PacBio_CCS_10kb	data/AshkenazimTrio/HG002_NA24385_son/PacBio_CCS_10kb/m54315_180704_132638.Q20.fastq	4884952651
HG002.PacBio_CCS_10kb	data/AshkenazimTrio/HG002_NA24385_son/PacBio_CCS_10kb/m54315_180705_094736.Q20.fastq	5216960795
HG002.PacBio_CCS_10kb	data/AshkenazimTrio/HG002_NA24385_son/PacBio_CCS_10kb/m54315_180706_060914.Q20.fastq	4224031068
HG002.PacBio_CCS_10kb	data/AshkenazimTrio/HG002_NA24385_son/PacBio_CCS_10kb/m54315_180709_214711.Q20.fastq	3941744461
HG002.PacBio_CCS_10kb	data/AshkenazimTrio/HG002_NA24385_son/PacBio_CCS_10kb/m54315_180710_180741.Q20.fastq	5031005329
HG002.PacBio_CCS_10kb	data/AshkenazimTrio/HG002_NA24385_son/PacBio_CCS_10kb/m54315_180711_143025.Q20.fastq	4853052651
HG002.PacBio_CCS_10kb	data/AshkenazimTrio/HG002_NA24385_son/PacBio_CCS_10kb/m54315_180712_105314.Q20.fastq	5138353875
HG002.PacBio_CCS_10kb	data/AshkenazimTrio/HG002_NA24385_son/PacBio_CCS_10kb/m54315_180713_175923.Q20.fastq	5247966686
HG002.PacBio_CCS_10kb	data/AshkenazimTrio/HG002_NA24385_son/PacBio_CCS_10kb/m54315_180714_142044.Q20.fastq	5059799480
HG002.PacBio_CCS_10kb	data/AshkenazimTrio/HG002_NA24385_son/PacBio_CCS_10kb/m54315_180715_104504.Q20.fastq	4009183985
HG002.PacBio_CCS_10kb	data/AshkenazimTrio/HG002_NA24385_son/PacBio_CCS_10kb/m54315_180716_070735.Q20.fastq	4714912408
HG002.PacBio_CCS_10kb	data/AshkenazimTrio/HG002_NA24385_son/PacBio_CCS_10kb/m54316_180629_192220.Q20.fastq	3899043656
HG002.PacBio_CCS_10kb	data/AshkenazimTrio/HG002_NA24385_son/PacBio_CCS_10kb/m54316_180630_153952.Q20.fastq	5412711208
HG002.PacBio_CCS_10kb	data/AshkenazimTrio/HG002_NA24385_son/PacBio_CCS_10kb/m54316_180701_115831.Q20.fastq	4767362153
HG002.PacBio_CCS_10kb	data/AshkenazimTrio/HG002_NA24385_son/PacBio_CCS_10kb/m54316_180702_081810.Q20.fastq	4692871274
HG002.PacBio_CCS_10kb	data/AshkenazimTrio/HG002_NA24385_son/PacBio_CCS_10kb/m54316_180703_170606.Q20.fastq	5076956461
HG002.PacBio_CCS_10kb	data/AshkenazimTrio/HG002_NA24385_son/PacBio_CCS_10kb/m54316_180704_132455.Q20.fastq	4187292496
HG002.PacBio_CCS_10kb	data/AshkenazimTrio/HG002_NA24385_son/PacBio_CCS_10kb/m54316_180705_094428.Q20.fastq	5209812743
HG002.PacBio_CCS_10kb	data/AshkenazimTrio/HG002_NA24385_son/PacBio_CCS_10kb/m54316_180706_060418.Q20.fastq	4259648856
HG002.PacBio_CCS_10kb	data/AshkenazimTrio/HG002_NA24385_son/PacBio_CCS_10kb/m54316_180707_173305.Q20.fastq	4125368648
HG002.PacBio_CCS_10kb	data/AshkenazimTrio/HG002_NA24385_son/PacBio_CCS_10kb/m54316_180708_135201.Q20.fastq	4701573048
HG002.PacBio_CCS_10kb	data/AshkenazimTrio/HG002_NA24385_son/PacBio_CCS_10kb/m54316_180709_101303.Q20.fastq	4103209795
HG002.PacBio_CCS_10kb	data/AshkenazimTrio/HG002_NA24385_son/PacBio_CCS_10kb/m54316_180710_063427.Q20.fastq	3724297881
HG002.PacBio_CCS_10kb	data/AshkenazimTrio/HG002_NA24385_son/PacBio_CCS_10kb/m54316_180712_210755.Q20.fastq	4636264964
HG002.PacBio_CCS_10kb	data/AshkenazimTrio/HG002_NA24385_son/PacBio_CCS_10kb/m54316_180713_172559.Q20.fastq	4477811287
HG002.PacBio_CCS_10kb	data/AshkenazimTrio/HG002_NA24385_son/PacBio_CCS_10kb/m54316_180714_134459.Q20.fastq	4920806622
HG002.PacBio_CCS_10kb	data/AshkenazimTrio/HG002_NA24385_son/PacBio_CCS_10kb/m54316_180716_225856.Q20.fastq	4328311720
HG002.PacBio_CCS_10kb	data/AshkenazimTrio/HG002_NA24385_son/PacBio_CCS_10kb/m54316_180717_191759.Q20.fastq	4441619177
HG002.PacBio_CCS_10kb	data/AshkenazimTrio/HG002_NA24385_son/PacBio_CCS_10kb/m54316_180718_153832.Q20.fastq	4586207868
HG002.PacBio_CCS_10kb	data/AshkenazimTrio/HG002_NA24385_son/PacBio_CCS_10kb/m54316_180719_115850.Q20.fastq	4995984692
HG002.PacBio_CCS_15kb	data/AshkenazimTrio/HG002_NA24385_son/PacBio_CCS_15kb/m54238_180901_011437.Q20.fastq	3566245468
HG002.PacBio_CCS_15kb	data/AshkenazimTrio/HG002_NA24385_son/PacBio_CCS_15kb/m54238_180902_013549.Q20.fastq	4790259227
HG002.PacBio_CCS_15kb	data/AshkenazimTrio/HG002_NA24385_son/PacBio_CCS_15kb/m54238_180903_015530.Q20.fastq	4941919809
HG002.PacBio_CCS_15kb	data/AshkenazimTrio/HG002_NA24385_son/PacBio_CCS_15kb/m54238_180904_021549.Q20.fastq	4114074972
HG002.PacBio_CCS_15kb	data/AshkenazimTrio/HG002_NA24385_son/PacBio_CCS_15kb/m54238_180907_170406.Q20.fastq	4471602877
HG002.PacBio_CCS_15kb	data/AshkenazimTrio/HG002_NA24385_son/PacBio_CCS_15kb/m54238_180908_172515.Q20.fastq	3667098714
HG002.PacBio_CCS_15kb	data/AshkenazimTrio/HG002_NA24385_son/PacBio_CCS_15kb/m54238_180909_174539.Q20.fastq	4936562733
HG002.PacBio_CCS_15kb	data/AshkenazimTrio/HG002_NA24385_son/PacBio_CCS_15kb/m54238_180910_180559.Q20.fastq	4812371009
HG002.PacBio_CCS_15kb	data/AshkenazimTrio/HG002_NA24385_son/PacBio_CCS_15kb/m54238_180913_181445.Q20.fastq	4882063539
HG002.PacBio_CCS_15kb	data/AshkenazimTrio/HG002_NA24385_son/PacBio_CCS_15kb/m54238_180914_183539.Q20.fastq	5017831207
HG002.PacBio_CCS_15kb	data/AshkenazimTrio/HG002_NA24385_son/PacBio_CCS_15kb/m54238_180915_185611.Q20.fastq	4226909260
HG002.PacBio_CCS_15kb	data/AshkenazimTrio/HG002_NA24385_son/PacBio_CCS_15kb/m54238_180916_191625.Q20.fastq	3204309013
HG002.PacBio_CCS_15kb	data/AshkenazimTrio/HG002_NA24385_son/PacBio_CCS_15kb/m54238_180919_165326.Q20.fastq	5744589950
HG002.PacBio_CCS_15kb	data/AshkenazimTrio/HG002_NA24385_son/PacBio_CCS_15kb/m54238_180920_171425.Q20.fastq	5287728502
HG002.PacBio_CCS_15kb	data/AshkenazimTrio/HG002_NA24385_son/PacBio_CCS_15kb/m54238_180921_173448.Q20.fastq	5125485209
HG002.PacBio_CCS_15kb	data/AshkenazimTrio/HG002_NA24385_son/PacBio_CCS_15kb/m54238_180922_175520.Q20.fastq	4652212804
HG002.PacBio_CCS_15kb	data/AshkenazimTrio/HG002_NA24385_son/PacBio_CCS_15kb/m54238_180925_225123.Q20.fastq	4032523248
HG002.PacBio_CCS_15kb	data/AshkenazimTrio/HG002_NA24385_son/PacBio_CCS_15kb/m54238_180926_231301.Q20.fastq	4695039425
HG002.PacBio_CCS_15kb	data/AshkenazimTrio/HG002_NA24385_son/PacBio_CCS_15kb/m54238_180927_233325.Q20.fastq	5031714433
HG002.PacBio_CCS_15kb	data/AshkenazimTrio/HG002_NA24385_son/PacBio_CCS_15kb/m54328_180921_232856.Q20.fastq	3600546140
HG002.PacBio_CCS_15kb	data/AshkenazimTrio/HG002_NA24385_son/PacBio_CCS_15kb/m54328_180922_235017.Q20.fastq	4620267794
HG002.PacBio_CCS_15kb	data/AshkenazimTrio/HG002_NA24385_son/PacBio_CCS_15kb/m54328_180924_001027.Q20.fastq	5931008152
HG002.PacBio_CCS_15kb	data/AshkenazimTrio/HG002_NA24385_son/PacBio_CCS_15kb/m54328_180925_003051.Q20.fastq	5649143581
HG002.PacBio_CCS_15kb	data/AshkenazimTrio/HG002_NA24385_son/PacBio_CCS_15kb/m54328_180926_222309.Q20.fastq	3290600048
HG002.PacBio_CCS_15kb	data/AshkenazimTrio/HG002_NA24385_son/PacBio_CCS_15kb/m54328_180927_224427.Q20.fastq	3326035995
HG002.PacBio_CCS_15kb	data/AshkenazimTrio/HG002_NA24385_son/PacBio_CCS_15kb/m54328_180928_230446.Q20.fastq	2575745766
HG002.PacBio_CCS_15kb	data/AshkenazimTrio/HG002_NA24385_son/PacBio_CCS_15kb/m54328_180929_232524.Q20.fastq	3038253547
HG002.PacBio_CCS_15kb	data/AshkenazimTrio/HG002_NA24385_son/PacBio_CCS_15kb/m54329_180924_222717.Q20.fastq	4955335328
HG002.PacBio_CCS_15kb	data/AshkenazimTrio/HG002_NA24385_son/PacBio_CCS_15kb/m54329_180925_224838.Q20.fastq	4433656546
HG002.PacBio_CCS_15kb	data/AshkenazimTrio/HG002_NA24385_son/PacBio_CCS_15kb/m54329_180926_230856.Q20.fastq	4399787171
HG002.PacBio_CCS_15kb	data/AshkenazimTrio/HG002_NA24385_son/PacBio_CCS_15kb/m54329_180927_232921.Q20.fastq	5219672208
HG002.PacBio_CCS_15kb	data/AshkenazimTrio/HG002_NA24385_son/PacBio_CCS_15kb/m54334_180924_221206.Q20.fastq	5676716206
HG002.PacBio_CCS_15kb	data/AshkenazimTrio/HG002_NA24385_son/PacBio_CCS_15kb/m54334_180925_223328.Q20.fastq	4890200600
HG002.PacBio_CCS_15kb	data/AshkenazimTrio/HG002_NA24385_son/PacBio_CCS_15kb/m54334_180926_225337.Q20.fastq	5469066116
HG002.PacBio_CCS_15kb	data/AshkenazimTrio/HG002_NA24385_son/PacBio_CCS_15kb/m54334_180927_231334.Q20.fastq	4648161463
HG002.PacBio_CCS_15kb	data/AshkenazimTrio/HG002_NA24385_son/PacBio_CCS_15kb/m54335_180924_221150.Q20.fastq	4559287099
HG002.PacBio_CCS_15kb	data/AshkenazimTrio/HG002_NA24385_son/PacBio_CCS_15kb/m54335_180925_223313.Q20.fastq	5710491016
HG002.PacBio_CCS_15kb	data/AshkenazimTrio/HG002_NA24385_son/PacBio_CCS_15kb/m54335_180926_225328.Q20.fastq	4967325846
HG002.PacBio_CCS_15kb	data/AshkenazimTrio/HG002_NA24385_son/PacBio_CCS_15kb/m54335_180927_231344.Q20.fastq	4285747792
HG002.PacBio_HiFi-Revio_20231031	data/AshkenazimTrio/HG002_NA24385_son/PacBio_HiFi-Revio_20231031/HG002_PacBio-Revio_m84039_230928_213653_s3.hifi_reads.bam	39832639964
HG002.PacBio_HiFi-Revio_20231031	data/AshkenazimTrio/HG002_NA24385_son/PacBio_HiFi-Revio_20231031/HG002_PacBio-Revio_m84039_231005_222902_s1.hifi_reads.bam	43583414353
HG002.PacBio_SequelII_CCS_11kb	data/AshkenazimTrio/HG002_NA24385_son/PacBio_SequelII_CCS_11kb/reads/m64011_181218_235052.fastq.gz	12623219191
HG002.PacBio_SequelII_CCS_11kb	data/AshkenazimTrio/HG002_NA24385_son/PacBio_SequelII_CCS_11kb/reads/m64011_181227_224151.fastq.gz	14005049228
HG002.PacBio_SequelII_CCS_11kb	data/AshkenazimTrio/HG002_NA24385_son/PacBio_SequelII_CCS_11kb/reads/m64014_181210_152538.fastq.gz	13664359582
HG002.PacBio_SequelII_CCS_11kb	data/AshkenazimTrio/HG002_NA24385_son/PacBio_SequelII_CCS_11kb/reads/m64017_190116_171555.fastq.gz	16310860069
HG002.PacBio_SequelII_CCS_11kb	data/AshkenazimTrio/HG002_NA24385_son/PacBio_SequelII_CCS_11kb/reads/m64018_190129_193747.fastq.gz	15497950317
HG002.PacBio_SequelII_CCS_11kb	data/AshkenazimTrio/HG002_NA24385_son/PacBio_SequelII_CCS_11kb/reads/m64020_190123_225958.fastq.gz	12034280851
HG002.PacBio_CCS_15kb_20kb_chemistry2	data/AshkenazimTrio/HG002_NA24385_son/PacBio_CCS_15kb_20kb_chemistry2/reads/m64011_190830_220126.fastq.gz	21346367664
HG002.PacBio_CCS_15kb_20kb_chemistry2	data/AshkenazimTrio/HG002_NA24385_son/PacBio_CCS_15kb_20kb_chemistry2/reads/m64011_190901_095311.fastq.gz	20967151620
HG002.PacBio_CCS_15kb_20kb_chemistry2	data/AshkenazimTrio/HG002_NA24385_son/PacBio_CCS_15kb_20kb_chemistry2/reads/m64012_190920_173625.fastq.gz	22258638405
HG002.PacBio_CCS_15kb_20kb_chemistry2	data/AshkenazimTrio/HG002_NA24385_son/PacBio_CCS_15kb_20kb_chemistry2/reads/m64012_190921_234837.fastq.gz	22219713545
HG002.PacBio_CCS_15kb_20kb_chemistry2	data/AshkenazimTrio/HG002_NA24385_son/PacBio_CCS_15kb_20kb_chemistry2/reads/m64015_190920_185703.fastq.gz	20758071983
HG002.PacBio_CCS_15kb_20kb_chemistry2	data/AshkenazimTrio/HG002_NA24385_son/PacBio_CCS_15kb_20kb_chemistry2/reads/m64015_190922_010918.fastq.gz	20586715866
HG003.PacBio_CCS_Google_15kb	data/AshkenazimTrio/HG003_NA24149_father/PacBio_CCS_Google_15kb/m54262U_191105_163601.fastq.gz	19035492643
HG003.PacBio_CCS_Google_15kb	data/AshkenazimTrio/HG003_NA24149_father/PacBio_CCS_Google_15kb/m64017_191109_034853.fastq.gz	15013007164
HG003.PacBio_CCS_Google_15kb	data/AshkenazimTrio/HG003_NA24149_father/PacBio_CCS_Google_15kb/m64017_191110_150028.fastq.gz	14196973303
HG003.PacBio_CCS_HudsonAlpha_14kb_15kb_19kb	data/AshkenazimTrio/HG003_NA24149_father/PacBio_CCS_HudsonAlpha_14kb_15kb_19kb/PBmixSequel729_1_A01_PBTH_30hours_19kbV2PD_70pM_HumanHG003_CCS/m64017_191120_193948.fastq.gz	20867850431
HG003.PacBio_CCS_HudsonAlpha_14kb_15kb_19kb	data/AshkenazimTrio/HG003_NA24149_father/PacBio_CCS_HudsonAlpha_14kb_15kb_19kb/PBmixSequel733_1_A01_PBTH_30hours_19kbV2PD_70pM_HumanHG003_CCS/m64017_191122_184406.fastq.gz	18417317243
HG003.PacBio_CCS_HudsonAlpha_14kb_15kb_19kb	data/AshkenazimTrio/HG003_NA24149_father/PacBio_CCS_HudsonAlpha_14kb_15kb_19kb/PBmixSequel737_1_A01_PBTG_30hours_15kbV2PD_70pM_HumanHG003_CCS/m64017_191202_204405.fastq.gz	16728253282
HG003.PacBio_CCS_HudsonAlpha_14kb_15kb_19kb	data/AshkenazimTrio/HG003_NA24149_father/PacBio_CCS_HudsonAlpha_14kb_15kb_19kb/PBmixSequel740_1_A01_PBTG_30hours_15kbV2PD_70pM_HumanHG003_CCS/m64017_191204_164321.fastq.gz	14760712201
HG003.PacBio_CCS_HudsonAlpha_14kb_15kb_19kb	data/AshkenazimTrio/HG003_NA24149_father/PacBio_CCS_HudsonAlpha_14kb_15kb_19kb/PBmixSequel740_2_B01_PBST_30hours_14kbV2PD_70pM_HumanHG003_CCS/m64017_191205_225630.fastq.gz	17898132091
HG003.PacBio_CCS_HudsonAlpha_14kb_15kb_19kb	data/AshkenazimTrio/HG003_NA24149_father/PacBio_CCS_HudsonAlpha_14kb_15kb_19kb/PBmixSequel740_3_C01_PBST_30hours_14kbV2PD_70pM_HumanHG003_CCS/m64017_191207_052215.fastq.gz	13720625794
HG003.PacBio_HiFi-Revio_20231031	data/AshkenazimTrio/HG003_NA24149_father/PacBio_HiFi-Revio_20231031/HG003_PacBio-Revio_m84039_230928_220759_s4.hifi_reads.bam	39448217058
HG003.PacBio_HiFi-Revio_20231031	data/AshkenazimTrio/HG003_NA24149_father/PacBio_HiFi-Revio_20231031/HG003_PacBio-Revio_m84039_231006_220627_s2.hifi_reads.bam	41548218529
HG003.PacBio_CCS_15kb_20kb_chemistry2	data/AshkenazimTrio/HG003_NA24149_father/PacBio_CCS_15kb_20kb_chemistry2/reads/PBmixSequel729_1_A01_PBTH_30hours_19kbV2PD_70pM_HumanHG003.fastq.gz	20867850431
HG003.PacBio_CCS_15kb_20kb_chemistry2	data/AshkenazimTrio/HG003_NA24149_father/PacBio_CCS_15kb_20kb_chemistry2/reads/PBmixSequel733_1_A01_PBTH_30hours_19kbV2PD_70pM_HumanHG003.fastq.gz	18417317243
HG003.PacBio_CCS_15kb_20kb_chemistry2	data/AshkenazimTrio/HG003_NA24149_father/PacBio_CCS_15kb_20kb_chemistry2/reads/PBmixSequel737_1_A01_PBTG_30hours_15kbV2PD_70pM_HumanHG003.fastq.gz	16728253282
HG003.PacBio_CCS_15kb_20kb_chemistry2	data/AshkenazimTrio/HG003_NA24149_father/PacBio_CCS_15kb_20kb_chemistry2/reads/PBmixSequel740_1_A01_PBTG_30hours_15kbV2PD_70pM_HumanHG003.fastq.gz	14760712201
HG003.PacBio_CCS_15kb_20kb_chemistry2	data/AshkenazimTrio/HG003_NA24149_father/PacBio_CCS_15kb_20kb_chemistry2/reads/PBmixSequel740_2_B01_PBST_30hours_14kbV2PD_70pM_HumanHG003.fastq.gz	17898132091
HG003.PacBio_CCS_15kb_20kb_chemistry2	data/AshkenazimTrio/HG003_NA24149_father/PacBio_CCS_15kb_20kb_chemistry2/reads/PBmixSequel740_3_C01_PBST_30hours_14kbV2PD_70pM_HumanHG003.fastq.gz	13720625794
HG004.PacBio_CCS_Google_15kb	data/AshkenazimTrio/HG004_NA24143_mother/PacBio_CCS_Google_15kb/m64017_191107_163840.fastq.gz	16371881323
HG004.PacBio_CCS_Google_15kb	data/AshkenazimTrio/HG004_NA24143_mother/PacBio_CCS_Google_15kb/m64017_191112_165230.fastq.gz	13586029767
HG004.PacBio_CCS_Google_15kb	data/AshkenazimTrio/HG004_NA24143_mother/PacBio_CCS_Google_15kb/m64017_191113_230503.fastq.gz	16072339511
HG004.PacBio_CCS_HudsonAlpha_15kb_21kb	data/AshkenazimTrio/HG004_NA24143_mother/PacBio_CCS_HudsonAlpha_15kb_21kb/PBmixSequel724_1_A01_PBTA_30hours_21kbV2PD_70pM_HumanHG004_CCS/m64017_191115_211223.fastq.gz	18737518069
HG004.PacBio_CCS_HudsonAlpha_15kb_21kb	data/AshkenazimTrio/HG004_NA24143_mother/PacBio_CCS_HudsonAlpha_15kb_21kb/PBmixSequel725_1_A01_PBTA_30hours_21kbV2PD_70pM_HumanHG004_CCS/m64017_191118_150849.fastq.gz	20224842717
HG004.PacBio_CCS_HudsonAlpha_15kb_21kb	data/AshkenazimTrio/HG004_NA24143_mother/PacBio_CCS_HudsonAlpha_15kb_21kb/PBmixSequel733_2_B01_PBSU_30hours_15kbV2PD_70pM_HumanHG004_CCS/m64017_191124_055423.fastq.gz	18355888420
HG004.PacBio_CCS_HudsonAlpha_15kb_21kb	data/AshkenazimTrio/HG004_NA24143_mother/PacBio_CCS_HudsonAlpha_15kb_21kb/PBmixSequel735_1_A01_PBSU_30hours_15kbV2PD_70pM_HumanHG004_CCS/m64017_191126_155613.fastq.gz	16385257975
HG004.PacBio_CCS_HudsonAlpha_15kb_21kb	data/AshkenazimTrio/HG004_NA24143_mother/PacBio_CCS_HudsonAlpha_15kb_21kb/PBmixSequel735_2_B01_PBSU_30hours_15kbV2PD_70pM_HumanHG004_CCS/m64017_191127_220906.fastq.gz	15622843728
HG004.PacBio_CCS_HudsonAlpha_15kb_21kb	data/AshkenazimTrio/HG004_NA24143_mother/PacBio_CCS_HudsonAlpha_15kb_21kb/PBmixSequel735_3_C01_PBSU_30hours_15kbV2PD_70pM_HumanHG004_CCS/m64017_191129_043425.fastq.gz	15809468991
HG004.PacBio_HiFi-Revio_20231031	data/AshkenazimTrio/HG004_NA24143_mother/PacBio_HiFi-Revio_20231031/HG004_PacBio-Revio_m84039_230929_004333_s1.hifi_reads.bam	32780469949
HG004.PacBio_HiFi-Revio_20231031	data/AshkenazimTrio/HG004_NA24143_mother/PacBio_HiFi-Revio_20231031/HG004_PacBio-Revio_m84039_231006_223645_s3.hifi_reads.bam	28209529855
HG004.PacBio_CCS_15kb_20kb_chemistry2	data/AshkenazimTrio/HG004_NA24143_mother/PacBio_CCS_15kb_20kb_chemistry2/uBAMs/m64017_191115_211223.hifi_reads.bam	20732834184
HG004.PacBio_CCS_15kb_20kb_chemistry2	data/AshkenazimTrio/HG004_NA24143_mother/PacBio_CCS_15kb_20kb_chemistry2/uBAMs/m64017_191118_150849.hifi_reads.bam	22311077254
HG004.PacBio_CCS_15kb_20kb_chemistry2	data/AshkenazimTrio/HG004_NA24143_mother/PacBio_CCS_15kb_20kb_chemistry2/uBAMs/m64017_191124_055423.hifi_reads.bam	20296053144
HG004.PacBio_CCS_15kb_20kb_chemistry2	data/AshkenazimTrio/HG004_NA24143_mother/PacBio_CCS_15kb_20kb_chemistry2/uBAMs/m64017_191126_155613.hifi_reads.bam	18245782347
HG004.PacBio_CCS_15kb_20kb_chemistry2	data/AshkenazimTrio/HG004_NA24143_mother/PacBio_CCS_15kb_20kb_chemistry2/uBAMs/m64017_191127_220906.hifi_reads.bam	17284338938
HG004.PacBio_CCS_15kb_20kb_chemistry2	data/AshkenazimTrio/HG004_NA24143_mother/PacBio_CCS_15kb_20kb_chemistry2/uBAMs/m64017_191129_043425.hifi_reads.bam	17723603444
HG005.HudsonAlpha_PacBio_CCS	data/ChineseTrio/HG005_NA24631_son/HudsonAlpha_PacBio_CCS/PBmixSequel788_1_A01_PBXX_30hours_19kbV2PD_70pM_HumanHG005_CCS/m64109_200304_195708.fastq.gz	23846423576
HG005.HudsonAlpha_PacBio_CCS	data/ChineseTrio/HG005_NA24631_son/HudsonAlpha_PacBio_CCS/PBmixSequel789_1_A01_PBXW_30hours_15kbV2PD_70pM_HumanHG005_CCS/m64109_200309_192110.fastq.gz	20135481680
HG005.HudsonAlpha_PacBio_CCS	data/ChineseTrio/HG005_NA24631_son/HudsonAlpha_PacBio_CCS/PBmixSequel789_2_B01_PBXX_30hours_19kbV2PD_70pM_HumanHG005_CCS/m64109_200311_013444.fastq.gz	21861541687
HG005.HudsonAlpha_PacBio_CCS	data/ChineseTrio/HG005_NA24631_son/HudsonAlpha_PacBio_CCS/PBmixSequel840_1_A01_PCCD_30hours_15kbV2PD_70pM_HumanHG005_CCS/m64017_200723_190224.fastq.gz	17988381881
HG005.HudsonAlpha_PacBio_CCS	data/ChineseTrio/HG005_NA24631_son/HudsonAlpha_PacBio_CCS/PBmixSequel842_1_A01_PCCD_30hours_15kbV2PD_70pM_HumanHG005_CCS/m64017_200730_190124.fastq.gz	17247788120
HG005.HudsonAlpha_PacBio_CCS	data/ChineseTrio/HG005_NA24631_son/HudsonAlpha_PacBio_CCS/PBmixSequel842_2_B01_PCCD_30hours_15kbV2PD_70pM_HumanHG005_CCS/m64017_200801_011415.fastq.gz	14975846055
HG005.HudsonAlpha_PacBio_CCS	data/ChineseTrio/HG005_NA24631_son/HudsonAlpha_PacBio_CCS/PBmixSequel842_3_C01_PCCD_30hours_15kbV2PD_70pM_HumanHG005_CCS/m64017_200802_073944.fastq.gz	11506133003
HG005.PacBio_SequelII_CCS_11kb	sra/PRJNA540706/HG005/m64011_190322_203904.fastq.gz	13221908088
HG005.PacBio_SequelII_CCS_11kb	sra/PRJNA540706/HG005/m64011_190324_024600.fastq.gz	14288073256
HG005.PacBio_SequelII_CCS_11kb	sra/PRJNA540706/HG005/m64011_190410_223303.fastq.gz	12126829605
HG005.PacBio_SequelII_CCS_11kb	sra/PRJNA540706/HG005/m64011_190412_044021.fastq.gz	10535850583
HG005.PacBio_SequelII_CCS_11kb	sra/PRJNA540706/HG005/m64013_190325_224842.fastq.gz	13328104058
HG005.PacBio_SequelII_CCS_11kb	sra/PRJNA540706/HG005/m64013_190327_045517.fastq.gz	12366892377
HG005.PacBio_CCS_15kb_20kb_chemistry2	data/ChineseTrio/HG005_NA24631_son/PacBio_CCS_15kb_20kb_chemistry2/uBAMs/m64017_200723_190224.hifi_reads.bam	19592616966
HG005.PacBio_CCS_15kb_20kb_chemistry2	data/ChineseTrio/HG005_NA24631_son/PacBio_CCS_15kb_20kb_chemistry2/uBAMs/m64017_200730_190124.hifi_reads.bam	18902761670
HG005.PacBio_CCS_15kb_20kb_chemistry2	data/ChineseTrio/HG005_NA24631_son/PacBio_CCS_15kb_20kb_chemistry2/uBAMs/m64017_200801_011415.hifi_reads.bam	16333218711
HG005.PacBio_CCS_15kb_20kb_chemistry2	data/ChineseTrio/HG005_NA24631_son/PacBio_CCS_15kb_20kb_chemistry2/uBAMs/m64017_200802_073944.hifi_reads.bam	12685094758
HG005.PacBio_CCS_15kb_20kb_chemistry2	data/ChineseTrio/HG005_NA24631_son/PacBio_CCS_15kb_20kb_chemistry2/uBAMs/m64109_200304_195708.hifi_reads.bam	25903457520
HG005.PacBio_CCS_15kb_20kb_chemistry2	data/ChineseTrio/HG005_NA24631_son/PacBio_CCS_15kb_20kb_chemistry2/uBAMs/m64109_200309_192110.hifi_reads.bam	22268227533
HG005.PacBio_CCS_15kb_20kb_chemistry2	data/ChineseTrio/HG005_NA24631_son/PacBio_CCS_15kb_20kb_chemistry2/uBAMs/m64109_200311_013444.hifi_reads.bam	23857545348
HG006.PacBio_HiFi_Google	data/ChineseTrio/HG006_NA24694-huCA017E_father/PacBio_HiFi_Google/HG006_m64062_200516_095307.fastq.gz	17509212434
HG006.PacBio_HiFi_Google	data/ChineseTrio/HG006_NA24694-huCA017E_father/PacBio_HiFi_Google/HG006_m64066_200607_111143.fastq.gz	21740339505
HG006.PacBio_HiFi_Google	data/ChineseTrio/HG006_NA24694-huCA017E_father/PacBio_HiFi_Google/HG006_m64081_200602_073001.fastq.gz	20496898411
HG006.PacBio_CCS_15kb_20kb_chemistry2	data/ChineseTrio/HG006_NA24694-huCA017E_father/PacBio_CCS_15kb_20kb_chemistry2/reads/PBmixSequel744_1_A01_PBTK_30hours_15kbV2PD_70pM_HumanHG006.fastq.gz	16689054284
HG006.PacBio_CCS_15kb_20kb_chemistry2	data/ChineseTrio/HG006_NA24694-huCA017E_father/PacBio_CCS_15kb_20kb_chemistry2/reads/PBmixSequel745_1_A01_PBTK_30hours_15kbV2PD_70pM_HumanHG006.fastq.gz	16439000656
HG006.PacBio_CCS_15kb_20kb_chemistry2	data/ChineseTrio/HG006_NA24694-huCA017E_father/PacBio_CCS_15kb_20kb_chemistry2/reads/PBmixSequel745_2_B01_PBTK_30hours_15kbV2PD_70pM_HumanHG006.fastq.gz	15671098772
HG006.PacBio_CCS_15kb_20kb_chemistry2	data/ChineseTrio/HG006_NA24694-huCA017E_father/PacBio_CCS_15kb_20kb_chemistry2/reads/PBmixSequel745_3_C01_PBUP_30hours_15kbV2PD_70pM_HumanHG006.fastq.gz	13020560906
HG006.PacBio_CCS_15kb_20kb_chemistry2	data/ChineseTrio/HG006_NA24694-huCA017E_father/PacBio_CCS_15kb_20kb_chemistry2/reads/PBmixSequel753_1_A01_PBTL_30hours_20kbV2PD_70pM_HumanHG006.fastq.gz	16551116125
HG006.PacBio_CCS_15kb_20kb_chemistry2	data/ChineseTrio/HG006_NA24694-huCA017E_father/PacBio_CCS_15kb_20kb_chemistry2/reads/PBmixSequel773_1_A01_PBWP_30hours_24kbV2PD_70pM_HumanHG006.fastq.gz	21483229793
HG007.PacBio_HiFi_Google	data/ChineseTrio/HG007_NA24695-hu38168_mother/PacBio_HiFi_Google/HG007_m64062_200517_230654.fastq.gz	14370809155
HG007.PacBio_HiFi_Google	data/ChineseTrio/HG007_NA24695-hu38168_mother/PacBio_HiFi_Google/HG007_m64062_200602_224131.fastq.gz	16640830563
HG007.PacBio_HiFi_Google	data/ChineseTrio/HG007_NA24695-hu38168_mother/PacBio_HiFi_Google/HG007_m64062_200604_115437.fastq.gz	16759402157
HG007.PacBio_CCS_15kb_20kb_chemistry2	data/ChineseTrio/HG007_NA24695-hu38168_mother/PacBio_CCS_15kb_20kb_chemistry2/reads/PBmixSequel748_1_A01_PBTM_30hours_16kbV2PD_70pM_HumanHG007.fastq.gz	17280190806
HG007.PacBio_CCS_15kb_20kb_chemistry2	data/ChineseTrio/HG007_NA24695-hu38168_mother/PacBio_CCS_15kb_20kb_chemistry2/reads/PBmixSequel752_1_A01_PBTM_30hours_16kbV2PD_70pM_HumanHG007.fastq.gz	19065350390
HG007.PacBio_CCS_15kb_20kb_chemistry2	data/ChineseTrio/HG007_NA24695-hu38168_mother/PacBio_CCS_15kb_20kb_chemistry2/reads/PBmixSequel752_2_B01_PBTM_30hours_20kbV2PD_70pM_HumanHG007.fastq.gz	17265339543
HG007.PacBio_CCS_15kb_20kb_chemistry2	data/ChineseTrio/HG007_NA24695-hu38168_mother/PacBio_CCS_15kb_20kb_chemistry2/reads/PBmixSequel752_3_C01_PBUQ_30hours_17kbV2PD_70pM_HumanHG007.fastq.gz	17747832341
HG007.PacBio_CCS_15kb_20kb_chemistry2	data/ChineseTrio/HG007_NA24695-hu38168_mother/PacBio_CCS_15kb_20kb_chemistry2/reads/PBmixSequel753_2_B01_PBTN_30hours_20kbV2PD_70pM_HumanHG007.fastq.gz	14770109163
HG007.PacBio_CCS_15kb_20kb_chemistry2	data/ChineseTrio/HG007_NA24695-hu38168_mother/PacBio_CCS_15kb_20kb_chemistry2/reads/PBmixSequel756_2_B01_PBTN_30hours_20kbV2PD90pM_80pM_HumanHG007.fastq.gz	12381521827
HG008-T.BCM_Revio_20240313	data_somatic/HG008/Liss_lab/BCM_Revio_20240313/HG008-T_ubams/m84101_240226_212100_s2.hifi_reads.bam	57038367200
HG008-T.BCM_Revio_20240313	data_somatic/HG008/Liss_lab/BCM_Revio_20240313/HG008-T_ubams/m84101_240226_232018_s3.hifi_reads.bam	55663135965
HG008-N-D.BCM_Revio_20240313	data_somatic/HG008/Liss_lab/BCM_Revio_20240313/HG008-N-D_ubams/m84059_240304_183205_s3.hifi_reads.bam	52355436354
HG008-N-D.BCM_Revio_20240313	data_somatic/HG008/Liss_lab/BCM_Revio_20240313/HG008-N-D_ubams/m84059_240304_203144_s4.hifi_reads.bam	53813506650
HG008-T.PacBio_Revio_20240125	data_somatic/HG008/Liss_lab/PacBio_Revio_20240125/HG008-T_PacBio-Revio_m84039_240113_032943_s4.hifi_reads.bc2005.bam	64454410401
HG008-T.PacBio_Revio_20240125	data_somatic/HG008/Liss_lab/PacBio_Revio_20240125/HG008-T_PacBio-Revio_m84039_240114_012401_s1.hifi_reads.bc2005.bam	63065800270
HG008-N-P.PacBio_Revio_20240125	data_somatic/HG008/Liss_lab/PacBio_Revio_20240125/HG008-N-P_PacBio-Revio_m84039_240114_032308_s2.hifi_reads.bc2006.bam	54438690555
HG009N-WT-p25.HG009-N_bulk	data_somatic/HG009/NIST/HG009-N_bulk/20250728p25/BCM_Revio_HG009N-WT-p25_20260313/m84059_260205_080829_s3.demux.bc2065--bc2065.bam	50466511293
HG009N-WT-p4.HG009-N_bulk	data_somatic/HG009/NIST/HG009-N_bulk/20250728p4/BCM_Revio_HG009N-WT-p4_20260313/m84059_260206_135527_s1.demux.bc2067--bc2067.bam	68985695946
HG009N-WT-p4.HG009-N_bulk	data_somatic/HG009/NIST/HG009-N_bulk/20250728p4/BCM_Revio_HG009N-WT-p4_20260313/m84059_260206_155840_s2.demux.bc2067--bc2067.bam	69736493257
HG009N-LVTert-p23.HG009-N_bulk	data_somatic/HG009/NIST/HG009-N_bulk/20250805p23/BCM_Revio_HG009N-LVTert-p23_20260313/m84059_260205_101145_s4.demux.bc2066--bc2066.bam	49853072855
HG009T-p16.HG009-T_bulk	data_somatic/HG009/NIST/HG009-T_bulk/20250715p16/BCM_Revio_HG009T-p16_20260313/m84113_260203_223550_s3.demux.bc2061--bc2061.bam	67116842994
HG009T-p16.HG009-T_bulk	data_somatic/HG009/NIST/HG009-T_bulk/20250715p16/BCM_Revio_HG009T-p16_20260313/m84113_260204_003844_s4.demux.bc2061--bc2061.bam	67331542182
HG009T-p42.HG009-T_bulk	data_somatic/HG009/NIST/HG009-T_bulk/20250715p42/BCM_Revio_HG009T-p42_20260313/m84059_260205_040156_s1.demux.bc2062--bc2062.bam	53027573952
HG009T-1C3.HG009-T_clones	data_somatic/HG009/NIST/HG009-T_clones/20250918p14/1C3/p15plus7/BCM_Revio_HG009T-1C3_20260313/m84059_260205_060513_s2.demux.bc2063--bc2063.bam	60318185862
HG009T-1D5.HG009-T_clones	data_somatic/HG009/NIST/HG009-T_clones/20250918p14/1D5/p15plus7/BCM_Revio_HG009T-1D5_20260313/m84059_260204_001816_s4.demux.bc2058--bc2058.bam	81825764825
HG009T-3C4.HG009-T_clones	data_somatic/HG009/NIST/HG009-T_clones/20250918p14/3C4/p15plus8/BCM_Revio_HG009T-3C4_20260313/m84059_260328_040502_s4.demux.bc2022--bc2022.bam	67610068904
HG009T-3C9.HG009-T_clones	data_somatic/HG009/NIST/HG009-T_clones/20250918p14/3C9/p15plus7/BCM_Revio_HG009T-3C9_20260313/m84113_260203_183002_s1.demux.bc2059--bc2059.bam	72342101504
HG009T-3F2.HG009-T_clones	data_somatic/HG009/NIST/HG009-T_clones/20250918p14/3F2/p15plus7/BCM_Revio_HG009T-3F2_20260313/m84059_260203_221456_s3.demux.bc2057--bc2057.bam	80402678483
HG009T-4G9.HG009-T_clones	data_somatic/HG009/NIST/HG009-T_clones/20250918p14/4G9/p15plus7/BCM_Revio_HG009T-4G9_20260313/m84113_260203_203255_s2.demux.bc2060--bc2060.bam	70394347682
