dsid	sample	dataset	entry	status	cov	mapped_pct	err_rate	avg_len	n_reads	avg_qual	dv_snp	dv_indel	dv_tstv	dv_records	c3_snp	c3_indel	c3_tstv	c3_records	sv_records	wh_het	wh_phased	wh_phased_pct	wh_blocks	wh_n50	multiqc	flags
HG001.HudsonAlpha_PacBio_CCS	HG001	HudsonAlpha_PacBio_CCS	hifi_fastq	done	24.68	99.93367082362516	0.01501835	17435.0	4442992.0	75.6	6742406.0	3023098.0	1.34	9754476.0	4375470.0	968184.0	1.88	5335265.0	53809.0	3842598.0	2934194.0	76.3596400143861	12849.0	360070.0	ok	SNP6.74M / INDEL3023k / ts/tv1.34 / caller불일치(DV 6.74M vs C3 4.38M) / 위상76%
HG001.PacBio_CCS_15kb_20kb_chemistry2	HG001	PacBio_CCS_15kb_20kb_chemistry2	hifi_bam	done	25.87	99.92962445501601	0.01541597	17539.0	4630870.0	74.8	6772389.0	3068802.0	1.33	9829969.0	4385029.0	967877.0	1.87	5344468.0	54048.0	3849250.0	2935392.0	76.25880366305124	12306.0	380746.0	ok	SNP6.77M / INDEL3069k / ts/tv1.33 / caller불일치(DV 6.77M vs C3 4.39M) / 위상76%
HG001.PacBio_SequelII_CCS_11kb	HG001	PacBio_SequelII_CCS_11kb	hifi_fastq	done	28.9	99.91856453364322	0.01107107	9963.0	9082038.0	79.5	6400491.0	2093301.0	1.39	8483820.0	4326141.0	960821.0	1.89	5278902.0	53188.0	3726646.0	2926110.0	78.51859285802837	29098.0	94318.0	ok	SNP6.40M / INDEL2093k / ts/tv1.39 / caller불일치(DV 6.40M vs C3 4.33M) / 위상79%
HG002.PacBio_CCS_10kb	HG002	PacBio_CCS_10kb	hifi_fastq	done	28.3	99.91445986420153	0.01088126	9567.0	9270502.0	79.0	6366443.0	2922788.0	1.4	9278339.0	4351294.0	984190.0	1.88	5327190.0	53399.0	3783489.0	2895765.0	76.53689491366302	29154.0	92022.0	ok	SNP6.37M / INDEL2923k / ts/tv1.40 / caller불일치(DV 6.37M vs C3 4.35M) / 위상77%
HG002.PacBio_CCS_15kb	HG002	PacBio_CCS_15kb	hifi_fastq	done	28.36	99.85129132981555	0.01357973	13478.0	6610240.0	77.6	6557183.0	4092530.0	1.37	10638470.0	4378641.0	1024305.0	1.87	5394654.0	53686.0	3885144.0	2913486.0	74.99042506532577	18840.0	209340.0	ok	SNP6.56M / INDEL4093k / ts/tv1.37 / caller불일치(DV 6.56M vs C3 4.38M) / 위상75%
HG002.PacBio_CCS_15kb_20kb_chemistry2	HG002	PacBio_CCS_15kb_20kb_chemistry2	hifi_fastq	done	52.96	99.91498638365103	0.01295457	14189.0	11714594.0	81.0	6793764.0	1706541.0	1.34	8490602.0	4404333.0	967898.0	1.86	5364276.0	53936.0	3763218.0	2910989.0	77.35371695182155	12763.0	325837.0	ok	SNP6.79M / INDEL1707k / ts/tv1.34 / caller불일치(DV 6.79M vs C3 4.40M) / 위상77%
HG002.PacBio_HiFi-Revio_20231031	HG002	PacBio_HiFi-Revio_20231031	hifi_bam	done	48.07	99.96752572365709	0.0112966	16654.0	9031764.0	37.7	6927745.0	1866139.0	1.32	8783979.0	4387356.0	980363.0	1.87	5359878.0	53966.0	3809274.0	2906752.0	76.3072438475153	8491.0	552839.0	ok	SNP6.93M / INDEL1866k / ts/tv1.32 / caller불일치(DV 6.93M vs C3 4.39M) / 위상76%
HG002.PacBio_SequelII_CCS_11kb	HG002	PacBio_SequelII_CCS_11kb	hifi_fastq	done	31.82	99.7708794712887	0.01139003	11237.0	8892263.0	79.5	6449614.0	1863511.0	1.39	8303262.0	4356335.0	967267.0	1.88	5315506.0	53820.0	3717114.0	2904765.0	78.1457065884985	23765.0	122353.0	ok	SNP6.45M / INDEL1864k / ts/tv1.39 / caller불일치(DV 6.45M vs C3 4.36M) / 위상78%
HG003.PacBio_CCS_15kb_20kb_chemistry2	HG003	PacBio_CCS_15kb_20kb_chemistry2	hifi_fastq	done	41.26	99.88147376988536	0.01324674	15371.0	8425983.0	80.6	6676629.0	1954456.0	1.35	8621175.0	4389819.0	964554.0	1.86	5346427.0	53545.0	3725907.0	2874287.0	77.14328350117167	13025.0	312456.0	ok	SNP6.68M / INDEL1954k / ts/tv1.35 / caller불일치(DV 6.68M vs C3 4.39M) / 위상77%
HG003.PacBio_CCS_Google_15kb	HG003	PacBio_CCS_Google_15kb	hifi_fastq	done	20.91	99.89800651020265	0.0132773	15497.0	4234584.0	82.3	6312745.0	2705236.0	1.4	9007832.0	4348917.0	966478.0	1.88	5307276.0	52706.0	3678474.0	2870443.0	78.03352694622825	16522.0	216152.0	ok	SNP6.31M / INDEL2705k / ts/tv1.40 / caller불일치(DV 6.31M vs C3 4.35M) / 위상78%
HG003.PacBio_CCS_HudsonAlpha_14kb_15kb_19kb	HG003	PacBio_CCS_HudsonAlpha_14kb_15kb_19kb	hifi_fastq	done	41.26	99.88147376988536	0.01324674	15371.0	8425983.0	80.6	6676623.0	1954454.0	1.35	8621167.0	4389811.0	964553.0	1.86	5346418.0	53543.0	3725941.0	2874331.0	77.14376046212219	13026.0	312511.0	ok	SNP6.68M / INDEL1954k / ts/tv1.35 / caller불일치(DV 6.68M vs C3 4.39M) / 위상77%
HG003.PacBio_HiFi-Revio_20231031	HG003	PacBio_HiFi-Revio_20231031	hifi_bam	done	46.29	99.9726458911104	0.01083949	16270.0	8894459.0	37.6	6827094.0	1897369.0	1.33	8714551.0	4364098.0	970847.0	1.87	5327125.0	53446.0	3755577.0	2863639.0	76.25030720978428	9763.0	468487.0	ok	SNP6.83M / INDEL1897k / ts/tv1.33 / caller불일치(DV 6.83M vs C3 4.36M) / 위상76%
HG004.PacBio_CCS_15kb_20kb_chemistry2	HG004	PacBio_CCS_15kb_20kb_chemistry2	hifi_bam	done	41.47	99.94619342477252	0.01317023	17321.0	7500942.0	77.6	7034286.0	2189468.0	1.31	9213616.0	4461843.0	973014.0	1.86	5426966.0	54218.0	3939137.0	3028300.0	76.87724493969111	10644.0	445210.0	ok	SNP7.03M / INDEL2189k / ts/tv1.31 / caller불일치(DV 7.03M vs C3 4.46M) / 위상77%
HG004.PacBio_CCS_Google_15kb	HG004	PacBio_CCS_Google_15kb	hifi_fastq	done	20.67	99.94571105308546	0.01139929	14129.0	4579201.0	83.1	6429802.0	2309147.0	1.39	8729081.0	4399833.0	972332.0	1.89	5364053.0	53062.0	3806931.0	3003079.0	78.884513535969	18872.0	208696.0	ok	SNP6.43M / INDEL2309k / ts/tv1.39 / caller불일치(DV 6.43M vs C3 4.40M) / 위상79%
HG004.PacBio_CCS_HudsonAlpha_15kb_21kb	HG004	PacBio_CCS_HudsonAlpha_15kb_21kb	hifi_fastq	done	39.54	99.95003023532863	0.01279999	17243.0	7180342.0	78.4	6985522.0	2156103.0	1.32	9131516.0	4461137.0	973130.0	1.86	5426359.0	54091.0	3928440.0	3024232.0	76.98302634124487	11139.0	424076.0	ok	SNP6.99M / INDEL2156k / ts/tv1.32 / caller불일치(DV 6.99M vs C3 4.46M) / 위상77%
HG004.PacBio_HiFi-Revio_20231031	HG004	PacBio_HiFi-Revio_20231031	hifi_bam	done	35.69	99.97187123487002	0.01092002	16006.0	6964401.0	37.8	6969341.0	2144231.0	1.32	9103854.0	4412717.0	968022.0	1.88	5373121.0	53885.0	3913323.0	3012020.0	76.9683463389043	10466.0	461431.0	ok	SNP6.97M / INDEL2144k / ts/tv1.32 / caller불일치(DV 6.97M vs C3 4.41M) / 위상77%
HG005.HudsonAlpha_PacBio_CCS	HG005	HudsonAlpha_PacBio_CCS	hifi_fastq	done	46.24	99.92715042432073	0.01518611	16990.0	8554614.0	77.5	6814362.0	2021067.0	1.33	8825328.0	4383449.0	964785.0	1.85	5340256.0	54053.0	3596823.0	2705790.0	75.22722135618017	14337.0	243766.0	ok	SNP6.81M / INDEL2021k / ts/tv1.33 / caller불일치(DV 6.81M vs C3 4.38M) / 위상75%
HG005.PacBio_CCS_15kb_20kb_chemistry2	HG005	PacBio_CCS_15kb_20kb_chemistry2	hifi_bam	done	47.91	99.92000983243071	0.015515	17021.0	8852338.0	76.8	6836650.0	2042278.0	1.33	8868716.0	4382955.0	964621.0	1.85	5339594.0	54150.0	3608444.0	2707118.0	75.02175452909897	14276.0	249411.0	ok	SNP6.84M / INDEL2042k / ts/tv1.33 / caller불일치(DV 6.84M vs C3 4.38M) / 위상75%
HG005.PacBio_SequelII_CCS_11kb	HG005	PacBio_SequelII_CCS_11kb	hifi_fastq	done	31.34	99.92431704804886	0.01168954	10424.0	9430129.0	79.2	6354869.0	2277273.0	1.39	8622317.0	4313304.0	962317.0	1.88	5267606.0	53314.0	3499443.0	2691382.0	76.90886806843261	28410.0	62637.0	ok	SNP6.35M / INDEL2277k / ts/tv1.39 / caller불일치(DV 6.35M vs C3 4.31M) / 위상77%
HG006.PacBio_CCS_15kb_20kb_chemistry2	HG006	PacBio_CCS_15kb_20kb_chemistry2	hifi_fastq	done	38.91	99.87806885964672	0.01345831	16314.0	7488653.0	79.7	6799951.0	1987266.0	1.32	8777321.0	4364168.0	959421.0	1.85	5315785.0	53390.0	3529123.0	2666941.0	75.56951117883962	13304.0	259164.0	ok	SNP6.80M / INDEL1987k / ts/tv1.32 / caller불일치(DV 6.80M vs C3 4.36M) / 위상76%
HG006.PacBio_HiFi_Google	HG006	PacBio_HiFi_Google	hifi_fastq	done	26.61	99.94912457819171	0.008665847	13476.0	6171939.0	81.9	6049862.0	1981906.0	1.43	8021925.0	4257981.0	958297.0	1.9	5208252.0	52212.0	3395287.0	2646572.0	77.94840318358949	22613.0	102198.0	ok	SNP6.05M / INDEL1982k / ts/tv1.43 / caller불일치(DV 6.05M vs C3 4.26M) / 위상78%
HG007.PacBio_CCS_15kb_20kb_chemistry2	HG007	PacBio_CCS_15kb_20kb_chemistry2	hifi_fastq	done	36.14	99.91127435404337	0.01436215	17553.0	6454729.0	77.4	6724642.0	2066129.0	1.34	8780495.0	4384019.0	969505.0	1.87	5345396.0	54057.0	3630506.0	2773555.0	76.39582471424093	13852.0	297001.0	ok	SNP6.72M / INDEL2066k / ts/tv1.34 / caller불일치(DV 6.72M vs C3 4.38M) / 위상76%
HG007.PacBio_HiFi_Google	HG007	PacBio_HiFi_Google	hifi_fastq	done	19.87	99.86635406885578	0.01327993	13743.0	4533621.0	80.1	6298056.0	2741067.0	1.4	9028564.0	4327708.0	973317.0	1.89	5292674.0	53081.0	3573794.0	2742080.0	76.72742189393121	23658.0	120548.0	ok	SNP6.30M / INDEL2741k / ts/tv1.40 / caller불일치(DV 6.30M vs C3 4.33M) / 위상77%
HG008-N-D.BCM_Revio_20240313	HG008-N-D	BCM_Revio_20240313	hifi_bam	done	68.02	99.96411468969984	0.009987762	16500.0	12896642.0	38.1	7093669.0	1837966.0	1.29	8922246.0	4408245.0	965101.0	1.86	5365648.0	53688.0	3841425.0	2958147.0	77.00650149358637	9214.0	542716.0	ok	SNP7.09M / INDEL1838k / ts/tv1.29 / caller불일치(DV 7.09M vs C3 4.41M) / 위상77%
HG008-N-P.PacBio_Revio_20240125	HG008-N-P	PacBio_Revio_20240125	hifi_bam	done	35.1	99.96306466558102	0.01044933	16415.0	6679241.0	38.2	6766525.0	1882441.0	1.33	8639476.0	4358725.0	960314.0	1.88	5311452.0	53320.0	3805434.0	2966107.0	77.94398746634418	11200.0	420529.0	ok	SNP6.77M / INDEL1882k / ts/tv1.33 / caller불일치(DV 6.77M vs C3 4.36M) / 위상78%
HG008-T.BCM_Revio_20240313	HG008-T	BCM_Revio_20240313	hifi_bam	done	71.96	99.9705507183942	0.01192266	18052.0	12479082.0	38.1	6450495.0	1583709.0	1.25	8028184.0	3866207.0	845690.0	1.82	4707144.0	46909.0	2413377.0	1537985.0	63.72750714040948	7045.0	0.0	ok	SNP6.45M / INDEL1584k / ts/tv1.25 / caller불일치(DV 6.45M vs C3 3.87M) / 위상64%
HG008-T.PacBio_Revio_20240125	HG008-T	PacBio_Revio_20240125	hifi_bam	done	78.59	99.9717927830626	0.01126276	17515.0	14014144.0	38.0	6449909.0	1750295.0	1.25	8194122.0	3872714.0	845775.0	1.82	4713741.0	46887.0	2409573.0	1532908.0	63.617412711712824	7591.0	0.0	ok	SNP6.45M / INDEL1750k / ts/tv1.25 / caller불일치(DV 6.45M vs C3 3.87M) / 위상64%
HG009N-LVTert-p23.HG009-N_bulk	HG009N-LVTert-p23	HG009-N_bulk	hifi_bam	done	31.57	99.96718828629578	0.01132666	19145.0	5156695.0	38.4	7179161.0	1944446.0	1.28	9113984.0	4361858.0	959243.0	1.88	5313249.0	53685.0	3846164.0	2960906.0	76.9833527639487	8648.0	578017.0	ok	SNP7.18M / INDEL1944k / ts/tv1.28 / caller불일치(DV 7.18M vs C3 4.36M) / 위상77%
HG009N-WT-p25.HG009-N_bulk	HG009N-WT-p25	HG009-N_bulk	hifi_bam	done	31.36	99.96643659325996	0.01109311	19001.0	5160382.0	38.4	7143392.0	1932819.0	1.28	9066681.0	4354228.0	959011.0	1.88	5305382.0	53690.0	3840116.0	2961631.0	77.12347751994992	8627.0	584685.0	ok	SNP7.14M / INDEL1933k / ts/tv1.28 / caller불일치(DV 7.14M vs C3 4.35M) / 위상77%
HG009N-WT-p4.HG009-N_bulk	HG009N-WT-p4	HG009-N_bulk	hifi_bam	done	84.62	99.97263014208312	0.01061329	19124.0	13825428.0	38.2	7563083.0	1606350.0	1.24	9160023.0	4425978.0	964513.0	1.85	5382667.0	53778.0	3877766.0	2942217.0	75.87402127926234	7974.0	639078.0	ok	SNP7.56M / INDEL1606k / ts/tv1.24 / caller불일치(DV 7.56M vs C3 4.43M) / 위상76%
HG009T-1C3.HG009-T_clones	HG009T-1C3	HG009-T_clones	hifi_bam	done	37.91	99.96359266186774	0.01082711	18376.0	6451996.0	38.4	6714246.0	1889675.0	1.24	8596767.0	3957939.0	870646.0	1.85	4822960.0	48565.0	2817044.0	1935716.0	68.71443967506364	8307.0	47410.0	ok	SNP6.71M / INDEL1890k / ts/tv1.24 / caller불일치(DV 6.71M vs C3 3.96M) / 위상69%
HG009T-1D5.HG009-T_clones	HG009T-1D5	HG009-T_clones	hifi_bam	done	48.5	99.97159642658622	0.01117308	19923.0	7615239.0	38.1	6777351.0	1627768.0	1.22	8398353.0	3899567.0	863294.0	1.85	4757560.0	48065.0	2663679.0	1768177.0	66.38100912309629	6938.0	0.0	ok	SNP6.78M / INDEL1628k / ts/tv1.22 / caller불일치(DV 6.78M vs C3 3.90M) / 위상66%
HG009T-3C4.HG009-T_clones	HG009T-3C4	HG009-T_clones	hifi_bam	done	42.98	99.96659859876192	0.01032865	18151.0	7403881.0	38.4	6718632.0	1706237.0	1.23	8417988.0	3912742.0	861332.0	1.85	4768651.0	48004.0	2693700.0	1798417.0	66.76381928202844	6843.0	0.0	ok	SNP6.72M / INDEL1706k / ts/tv1.23 / caller불일치(DV 6.72M vs C3 3.91M) / 위상67%
HG009T-3C9.HG009-T_clones	HG009T-3C9	HG009-T_clones	hifi_bam	done	45.68	99.97077838472275	0.01030735	19219.0	7432854.0	38.4	6768829.0	1660562.0	1.23	8422384.0	3938790.0	870078.0	1.86	4803292.0	48517.0	2800644.0	1923610.0	68.6845596941275	7216.0	70789.0	ok	SNP6.77M / INDEL1661k / ts/tv1.23 / caller불일치(DV 6.77M vs C3 3.94M) / 위상69%
HG009T-3F2.HG009-T_clones	HG009T-3F2	HG009-T_clones	hifi_bam	done	48.66	99.97272453261976	0.01140245	19478.0	7816548.0	38.2	6784470.0	1605301.0	1.22	8382986.0	3920075.0	864124.0	1.85	4778905.0	48104.0	2681424.0	1790401.0	66.77052939035379	7061.0	0.0	ok	SNP6.78M / INDEL1605k / ts/tv1.22 / caller불일치(DV 6.78M vs C3 3.92M) / 위상67%
HG009T-4G9.HG009-T_clones	HG009T-4G9	HG009-T_clones	hifi_bam	done	43.82	99.9712877066743	0.01073288	19417.0	7056211.0	38.3	6770578.0	1805764.0	1.24	8569129.0	3948901.0	870624.0	1.86	4813867.0	48528.0	2818192.0	1928386.0	68.4263527822093	7172.0	80994.0	ok	SNP6.77M / INDEL1806k / ts/tv1.24 / caller불일치(DV 6.77M vs C3 3.95M) / 위상68%
HG009T-p16.HG009-T_bulk	HG009T-p16	HG009-T_bulk	hifi_bam	done	85.37	99.96914101906894	0.01064163	18578.0	14365348.0	38.5	7065468.0	1628839.0	1.21	8687335.0	3993924.0	867322.0	1.82	4855749.0	48624.0	2837802.0	1883591.0	66.37499726901314	6755.0	102783.0	ok	SNP7.07M / INDEL1629k / ts/tv1.21 / caller불일치(DV 7.07M vs C3 3.99M) / 위상66%
HG009T-p42.HG009-T_bulk	HG009T-p42	HG009-T_bulk	hifi_bam	done	34.65	99.96508150246308	0.01113781	17782.0	6097055.0	38.6	6488631.0	1762778.0	1.26	8244585.0	3879085.0	859364.0	1.86	4733014.0	47838.0	2664225.0	1803378.0	67.68865242237423	8348.0	0.0	ok	SNP6.49M / INDEL1763k / ts/tv1.26 / caller불일치(DV 6.49M vs C3 3.88M) / 위상68%
