data/ChineseTrio/HG006_NA24694-huCA017E_father/PacBio_CCS_15kb_20kb_chemistry2/CHM13v2.0/GIAB_5mC_CpG/HG006.chm13.deepvariant.haplotagged.bam	99315768613
data/ChineseTrio/HG006_NA24694-huCA017E_father/PacBio_CCS_15kb_20kb_chemistry2/CHM13v2.0/GIAB_5mC_CpG/HG006.chm13.deepvariant.haplotagged.bam.bai	13342256
data/ChineseTrio/HG006_NA24694-huCA017E_father/PacBio_CCS_15kb_20kb_chemistry2/CHM13v2.0/GIAB_5mC_CpG/HG006.chm13.deepvariant.haplotagged.bam.bai.md5	101
data/ChineseTrio/HG006_NA24694-huCA017E_father/PacBio_CCS_15kb_20kb_chemistry2/CHM13v2.0/GIAB_5mC_CpG/HG006.chm13.deepvariant.haplotagged.bam.md5	97
data/ChineseTrio/HG006_NA24694-huCA017E_father/PacBio_CCS_15kb_20kb_chemistry2/GRCh38/GIAB_5mC_CpG/HG006.GRCh38.deepvariant.haplotagged.bam	103719422388
data/ChineseTrio/HG006_NA24694-huCA017E_father/PacBio_CCS_15kb_20kb_chemistry2/GRCh38/GIAB_5mC_CpG/HG006.GRCh38.deepvariant.haplotagged.bam.bai	13782024
data/ChineseTrio/HG006_NA24694-huCA017E_father/PacBio_CCS_15kb_20kb_chemistry2/GRCh38/GIAB_5mC_CpG/HG006.GRCh38.deepvariant.haplotagged.bam.bai.md5	102
data/ChineseTrio/HG006_NA24694-huCA017E_father/PacBio_CCS_15kb_20kb_chemistry2/GRCh38/GIAB_5mC_CpG/HG006.GRCh38.deepvariant.haplotagged.bam.md5	98
data/ChineseTrio/HG006_NA24694-huCA017E_father/PacBio_CCS_15kb_20kb_chemistry2/reads/PBmixSequel744_1_A01_PBTK_30hours_15kbV2PD_70pM_HumanHG006.fastq.gz	16689054284
data/ChineseTrio/HG006_NA24694-huCA017E_father/PacBio_CCS_15kb_20kb_chemistry2/reads/PBmixSequel744_1_A01_PBTK_30hours_15kbV2PD_70pM_HumanHG006/CCS4/PBmixSequel744_1_A01_PBTK_30hours_15kbV2PD_70pM_HumanHG006.ccs_report.txt	630
data/ChineseTrio/HG006_NA24694-huCA017E_father/PacBio_CCS_15kb_20kb_chemistry2/reads/PBmixSequel744_1_A01_PBTK_30hours_15kbV2PD_70pM_HumanHG006/CCS4/PBmixSequel744_1_A01_PBTK_30hours_15kbV2PD_70pM_HumanHG006.stats	1666
data/ChineseTrio/HG006_NA24694-huCA017E_father/PacBio_CCS_15kb_20kb_chemistry2/reads/PBmixSequel744_1_A01_PBTK_30hours_15kbV2PD_70pM_HumanHG006/RawFiles/.m64017_191209_211903.metadata.xml	13674
data/ChineseTrio/HG006_NA24694-huCA017E_father/PacBio_CCS_15kb_20kb_chemistry2/reads/PBmixSequel744_1_A01_PBTK_30hours_15kbV2PD_70pM_HumanHG006/RawFiles/.m64017_191209_211903.run.metadata.xml	13674
data/ChineseTrio/HG006_NA24694-huCA017E_father/PacBio_CCS_15kb_20kb_chemistry2/reads/PBmixSequel744_1_A01_PBTK_30hours_15kbV2PD_70pM_HumanHG006/RawFiles/m64017_191209_211903.sts.xml	159697
data/ChineseTrio/HG006_NA24694-huCA017E_father/PacBio_CCS_15kb_20kb_chemistry2/reads/PBmixSequel744_1_A01_PBTK_30hours_15kbV2PD_70pM_HumanHG006/RawFiles/m64017_191209_211903.subreadset.xml	16412
data/ChineseTrio/HG006_NA24694-huCA017E_father/PacBio_CCS_15kb_20kb_chemistry2/reads/PBmixSequel745_1_A01_PBTK_30hours_15kbV2PD_70pM_HumanHG006.fastq.gz	16439000656
data/ChineseTrio/HG006_NA24694-huCA017E_father/PacBio_CCS_15kb_20kb_chemistry2/reads/PBmixSequel745_1_A01_PBTK_30hours_15kbV2PD_70pM_HumanHG006/CCS4/PBmixSequel745_1_A01_PBTK_30hours_15kbV2PD_70pM_HumanHG006.ccs_report.txt	630
data/ChineseTrio/HG006_NA24694-huCA017E_father/PacBio_CCS_15kb_20kb_chemistry2/reads/PBmixSequel745_1_A01_PBTK_30hours_15kbV2PD_70pM_HumanHG006/CCS4/PBmixSequel745_1_A01_PBTK_30hours_15kbV2PD_70pM_HumanHG006.stats	1715
data/ChineseTrio/HG006_NA24694-huCA017E_father/PacBio_CCS_15kb_20kb_chemistry2/reads/PBmixSequel745_1_A01_PBTK_30hours_15kbV2PD_70pM_HumanHG006/RawFiles/.m64017_191211_182504.metadata.xml	13679
data/ChineseTrio/HG006_NA24694-huCA017E_father/PacBio_CCS_15kb_20kb_chemistry2/reads/PBmixSequel745_1_A01_PBTK_30hours_15kbV2PD_70pM_HumanHG006/RawFiles/.m64017_191211_182504.run.metadata.xml	39277
data/ChineseTrio/HG006_NA24694-huCA017E_father/PacBio_CCS_15kb_20kb_chemistry2/reads/PBmixSequel745_1_A01_PBTK_30hours_15kbV2PD_70pM_HumanHG006/RawFiles/m64017_191211_182504.sts.xml	158007
data/ChineseTrio/HG006_NA24694-huCA017E_father/PacBio_CCS_15kb_20kb_chemistry2/reads/PBmixSequel745_1_A01_PBTK_30hours_15kbV2PD_70pM_HumanHG006/RawFiles/m64017_191211_182504.subreadset.xml	16412
data/ChineseTrio/HG006_NA24694-huCA017E_father/PacBio_CCS_15kb_20kb_chemistry2/reads/PBmixSequel745_2_B01_PBTK_30hours_15kbV2PD_70pM_HumanHG006.fastq.gz	15671098772
data/ChineseTrio/HG006_NA24694-huCA017E_father/PacBio_CCS_15kb_20kb_chemistry2/reads/PBmixSequel745_2_B01_PBTK_30hours_15kbV2PD_70pM_HumanHG006/CCS4/PBmixSequel745_2_B01_PBTK_30hours_15kbV2PD_70pM_HumanHG006.ccs_report.txt	630
data/ChineseTrio/HG006_NA24694-huCA017E_father/PacBio_CCS_15kb_20kb_chemistry2/reads/PBmixSequel745_2_B01_PBTK_30hours_15kbV2PD_70pM_HumanHG006/CCS4/PBmixSequel745_2_B01_PBTK_30hours_15kbV2PD_70pM_HumanHG006.stats	1666
data/ChineseTrio/HG006_NA24694-huCA017E_father/PacBio_CCS_15kb_20kb_chemistry2/reads/PBmixSequel745_2_B01_PBTK_30hours_15kbV2PD_70pM_HumanHG006/RawFiles/.m64017_191213_003759.metadata.xml	13679
data/ChineseTrio/HG006_NA24694-huCA017E_father/PacBio_CCS_15kb_20kb_chemistry2/reads/PBmixSequel745_2_B01_PBTK_30hours_15kbV2PD_70pM_HumanHG006/RawFiles/.m64017_191213_003759.run.metadata.xml	39277
data/ChineseTrio/HG006_NA24694-huCA017E_father/PacBio_CCS_15kb_20kb_chemistry2/reads/PBmixSequel745_2_B01_PBTK_30hours_15kbV2PD_70pM_HumanHG006/RawFiles/m64017_191213_003759.sts.xml	156667
data/ChineseTrio/HG006_NA24694-huCA017E_father/PacBio_CCS_15kb_20kb_chemistry2/reads/PBmixSequel745_2_B01_PBTK_30hours_15kbV2PD_70pM_HumanHG006/RawFiles/m64017_191213_003759.subreadset.xml	16412
data/ChineseTrio/HG006_NA24694-huCA017E_father/PacBio_CCS_15kb_20kb_chemistry2/reads/PBmixSequel745_3_C01_PBUP_30hours_15kbV2PD_70pM_HumanHG006.fastq.gz	13020560906
data/ChineseTrio/HG006_NA24694-huCA017E_father/PacBio_CCS_15kb_20kb_chemistry2/reads/PBmixSequel745_3_C01_PBUP_30hours_15kbV2PD_70pM_HumanHG006/CCS4/PBmixSequel745_3_C01_PBUP_30hours_15kbV2PD_70pM_HumanHG006.ccs_report.txt	630
data/ChineseTrio/HG006_NA24694-huCA017E_father/PacBio_CCS_15kb_20kb_chemistry2/reads/PBmixSequel745_3_C01_PBUP_30hours_15kbV2PD_70pM_HumanHG006/CCS4/PBmixSequel745_3_C01_PBUP_30hours_15kbV2PD_70pM_HumanHG006.stats	1666
data/ChineseTrio/HG006_NA24694-huCA017E_father/PacBio_CCS_15kb_20kb_chemistry2/reads/PBmixSequel745_3_C01_PBUP_30hours_15kbV2PD_70pM_HumanHG006/RawFiles/.m64017_191214_070352.metadata.xml	13679
data/ChineseTrio/HG006_NA24694-huCA017E_father/PacBio_CCS_15kb_20kb_chemistry2/reads/PBmixSequel745_3_C01_PBUP_30hours_15kbV2PD_70pM_HumanHG006/RawFiles/.m64017_191214_070352.run.metadata.xml	39277
data/ChineseTrio/HG006_NA24694-huCA017E_father/PacBio_CCS_15kb_20kb_chemistry2/reads/PBmixSequel745_3_C01_PBUP_30hours_15kbV2PD_70pM_HumanHG006/RawFiles/m64017_191214_070352.sts.xml	160307
data/ChineseTrio/HG006_NA24694-huCA017E_father/PacBio_CCS_15kb_20kb_chemistry2/reads/PBmixSequel745_3_C01_PBUP_30hours_15kbV2PD_70pM_HumanHG006/RawFiles/m64017_191214_070352.subreadset.xml	16412
data/ChineseTrio/HG006_NA24694-huCA017E_father/PacBio_CCS_15kb_20kb_chemistry2/reads/PBmixSequel753_1_A01_PBTL_30hours_20kbV2PD_70pM_HumanHG006.fastq.gz	16551116125
data/ChineseTrio/HG006_NA24694-huCA017E_father/PacBio_CCS_15kb_20kb_chemistry2/reads/PBmixSequel753_1_A01_PBTL_30hours_20kbV2PD_70pM_HumanHG006/CCS4/PBmixSequel753_1_A01_PBTL_30hours_20kbV2PD_70pM_HumanHG006.ccs_report.txt	627
data/ChineseTrio/HG006_NA24694-huCA017E_father/PacBio_CCS_15kb_20kb_chemistry2/reads/PBmixSequel753_1_A01_PBTL_30hours_20kbV2PD_70pM_HumanHG006/CCS4/PBmixSequel753_1_A01_PBTL_30hours_20kbV2PD_70pM_HumanHG006.stats	1598
data/ChineseTrio/HG006_NA24694-huCA017E_father/PacBio_CCS_15kb_20kb_chemistry2/reads/PBmixSequel753_1_A01_PBTL_30hours_20kbV2PD_70pM_HumanHG006/RawFiles/.m64017_200107_170917.metadata.xml	13674
data/ChineseTrio/HG006_NA24694-huCA017E_father/PacBio_CCS_15kb_20kb_chemistry2/reads/PBmixSequel753_1_A01_PBTL_30hours_20kbV2PD_70pM_HumanHG006/RawFiles/.m64017_200107_170917.run.metadata.xml	26473
data/ChineseTrio/HG006_NA24694-huCA017E_father/PacBio_CCS_15kb_20kb_chemistry2/reads/PBmixSequel753_1_A01_PBTL_30hours_20kbV2PD_70pM_HumanHG006/RawFiles/m64017_200107_170917.sts.xml	146346
data/ChineseTrio/HG006_NA24694-huCA017E_father/PacBio_CCS_15kb_20kb_chemistry2/reads/PBmixSequel753_1_A01_PBTL_30hours_20kbV2PD_70pM_HumanHG006/RawFiles/m64017_200107_170917.subreadset.xml	16412
data/ChineseTrio/HG006_NA24694-huCA017E_father/PacBio_CCS_15kb_20kb_chemistry2/reads/PBmixSequel773_1_A01_PBWP_30hours_24kbV2PD_70pM_HumanHG006.fastq.gz	21483229793
data/ChineseTrio/HG006_NA24694-huCA017E_father/PacBio_CCS_15kb_20kb_chemistry2/reads/PBmixSequel773_1_A01_PBWP_30hours_24kbV2PD_70pM_HumanHG006/CCS4/PBmixSequel773_1_A01_PBWP_30hours_24kbV2PD_70pM_HumanHG006.ccs_report.txt	629
data/ChineseTrio/HG006_NA24694-huCA017E_father/PacBio_CCS_15kb_20kb_chemistry2/reads/PBmixSequel773_1_A01_PBWP_30hours_24kbV2PD_70pM_HumanHG006/CCS4/PBmixSequel773_1_A01_PBWP_30hours_24kbV2PD_70pM_HumanHG006.stats	1764
data/ChineseTrio/HG006_NA24694-huCA017E_father/PacBio_CCS_15kb_20kb_chemistry2/reads/PBmixSequel773_1_A01_PBWP_30hours_24kbV2PD_70pM_HumanHG006/RawFiles/.m64109_200210_210230.metadata.xml	13687
data/ChineseTrio/HG006_NA24694-huCA017E_father/PacBio_CCS_15kb_20kb_chemistry2/reads/PBmixSequel773_1_A01_PBWP_30hours_24kbV2PD_70pM_HumanHG006/RawFiles/.m64109_200210_210230.run.metadata.xml	52249
data/ChineseTrio/HG006_NA24694-huCA017E_father/PacBio_CCS_15kb_20kb_chemistry2/reads/PBmixSequel773_1_A01_PBWP_30hours_24kbV2PD_70pM_HumanHG006/RawFiles/m64109_200210_210230.sts.xml	157446
data/ChineseTrio/HG006_NA24694-huCA017E_father/PacBio_CCS_15kb_20kb_chemistry2/reads/PBmixSequel773_1_A01_PBWP_30hours_24kbV2PD_70pM_HumanHG006/RawFiles/m64109_200210_210230.subreadset.xml	16410
data/ChineseTrio/HG006_NA24694-huCA017E_father/PacBio_CCS_15kb_20kb_chemistry2/reads/README_PacBio-CCS_HudsonAlpha_HG006.md	10086
data/ChineseTrio/HG006_NA24694-huCA017E_father/PacBio_CCS_15kb_20kb_chemistry2/reads/md5.in	6940
data/ChineseTrio/HG006_NA24694-huCA017E_father/PacBio_CCS_15kb_20kb_chemistry2/uBAMs/m64017_191209_211903.hifi_reads.bam	18669720993
data/ChineseTrio/HG006_NA24694-huCA017E_father/PacBio_CCS_15kb_20kb_chemistry2/uBAMs/m64017_191209_211903.hifi_reads.bam.md5	92
data/ChineseTrio/HG006_NA24694-huCA017E_father/PacBio_CCS_15kb_20kb_chemistry2/uBAMs/m64017_191211_182504.hifi_reads.bam	18379511812
data/ChineseTrio/HG006_NA24694-huCA017E_father/PacBio_CCS_15kb_20kb_chemistry2/uBAMs/m64017_191211_182504.hifi_reads.bam.md5	92
data/ChineseTrio/HG006_NA24694-huCA017E_father/PacBio_CCS_15kb_20kb_chemistry2/uBAMs/m64017_191213_003759.hifi_reads.bam	17656078112
data/ChineseTrio/HG006_NA24694-huCA017E_father/PacBio_CCS_15kb_20kb_chemistry2/uBAMs/m64017_191213_003759.hifi_reads.bam.md5	92
data/ChineseTrio/HG006_NA24694-huCA017E_father/PacBio_CCS_15kb_20kb_chemistry2/uBAMs/m64017_191214_070352.hifi_reads.bam	14498284885
data/ChineseTrio/HG006_NA24694-huCA017E_father/PacBio_CCS_15kb_20kb_chemistry2/uBAMs/m64017_191214_070352.hifi_reads.bam.md5	92
data/ChineseTrio/HG006_NA24694-huCA017E_father/PacBio_CCS_15kb_20kb_chemistry2/uBAMs/m64017_200107_170917.hifi_reads.bam	17968439054
data/ChineseTrio/HG006_NA24694-huCA017E_father/PacBio_CCS_15kb_20kb_chemistry2/uBAMs/m64017_200107_170917.hifi_reads.bam.md5	92
data/ChineseTrio/HG006_NA24694-huCA017E_father/PacBio_CCS_15kb_20kb_chemistry2/uBAMs/m64109_200210_210230.hifi_reads.bam	24322006957
data/ChineseTrio/HG006_NA24694-huCA017E_father/PacBio_CCS_15kb_20kb_chemistry2/uBAMs/m64109_200210_210230.hifi_reads.bam.md5	92
data/ChineseTrio/HG006_NA24694-huCA017E_father/PacBio_HiFi_Google/HG006_m64062_200516_095307.fastq.gz	17509212434
data/ChineseTrio/HG006_NA24694-huCA017E_father/PacBio_HiFi_Google/HG006_m64066_200607_111143.fastq.gz	21740339505
data/ChineseTrio/HG006_NA24694-huCA017E_father/PacBio_HiFi_Google/HG006_m64081_200602_073001.fastq.gz	20496898411
data/ChineseTrio/HG006_NA24694-huCA017E_father/PacBio_HiFi_Google/README_PacBio-CCS_Google_HG006.md	2610
data/ChineseTrio/HG006_NA24694-huCA017E_father/PacBio_HiFi_Google/md5_fq	421
