data/NA12878/10XGenomics/10XGenomics_sizeselected/NA12878_phased_possorted.bam	87116162763
data/NA12878/10XGenomics/10XGenomics_sizeselected/NA12878_phased_possorted.bam.bai	8958984
data/NA12878/10XGenomics/10XGenomics_sizeselected/NA12878_phased_possorted.bam.bai.md5	114
data/NA12878/10XGenomics/10XGenomics_sizeselected/NA12878_phased_possorted.bam.md5	110
data/NA12878/10XGenomics/10XGenomics_sizeselected/README_NISTStanford_10XSizeSelected_NA12878.txt	1176
data/NA12878/10XGenomics/NA12878_phased_possorted_bam.bam	101415465865
data/NA12878/10XGenomics/NA12878_phased_possorted_bam.bam.bai	9021936
data/NA12878/10XGenomics/README_10Xgenomes.txt	2790
data/NA12878/10Xgenomics_ChromiumGenome_LongRanger2.0_06202016/NA12878.fastqs/read-I1_si-AGTGGAAC_lane-001-chunk-0002.fastq.gz	178383644
data/NA12878/10Xgenomics_ChromiumGenome_LongRanger2.0_06202016/NA12878.fastqs/read-I1_si-AGTGGAAC_lane-002-chunk-0004.fastq.gz	175415931
data/NA12878/10Xgenomics_ChromiumGenome_LongRanger2.0_06202016/NA12878.fastqs/read-I1_si-AGTGGAAC_lane-003-chunk-0007.fastq.gz	179135380
data/NA12878/10Xgenomics_ChromiumGenome_LongRanger2.0_06202016/NA12878.fastqs/read-I1_si-AGTGGAAC_lane-004-chunk-0006.fastq.gz	168023508
data/NA12878/10Xgenomics_ChromiumGenome_LongRanger2.0_06202016/NA12878.fastqs/read-I1_si-AGTGGAAC_lane-005-chunk-0000.fastq.gz	164525758
data/NA12878/10Xgenomics_ChromiumGenome_LongRanger2.0_06202016/NA12878.fastqs/read-I1_si-AGTGGAAC_lane-006-chunk-0003.fastq.gz	168103890
data/NA12878/10Xgenomics_ChromiumGenome_LongRanger2.0_06202016/NA12878.fastqs/read-I1_si-AGTGGAAC_lane-007-chunk-0005.fastq.gz	166475583
data/NA12878/10Xgenomics_ChromiumGenome_LongRanger2.0_06202016/NA12878.fastqs/read-I1_si-AGTGGAAC_lane-008-chunk-0001.fastq.gz	199103803
data/NA12878/10Xgenomics_ChromiumGenome_LongRanger2.0_06202016/NA12878.fastqs/read-I1_si-CAGATGGG_lane-001-chunk-0002.fastq.gz	148897516
data/NA12878/10Xgenomics_ChromiumGenome_LongRanger2.0_06202016/NA12878.fastqs/read-I1_si-CAGATGGG_lane-002-chunk-0004.fastq.gz	146679278
data/NA12878/10Xgenomics_ChromiumGenome_LongRanger2.0_06202016/NA12878.fastqs/read-I1_si-CAGATGGG_lane-003-chunk-0007.fastq.gz	150312576
data/NA12878/10Xgenomics_ChromiumGenome_LongRanger2.0_06202016/NA12878.fastqs/read-I1_si-CAGATGGG_lane-004-chunk-0006.fastq.gz	140409916
data/NA12878/10Xgenomics_ChromiumGenome_LongRanger2.0_06202016/NA12878.fastqs/read-I1_si-CAGATGGG_lane-005-chunk-0000.fastq.gz	137689595
data/NA12878/10Xgenomics_ChromiumGenome_LongRanger2.0_06202016/NA12878.fastqs/read-I1_si-CAGATGGG_lane-006-chunk-0003.fastq.gz	140622699
data/NA12878/10Xgenomics_ChromiumGenome_LongRanger2.0_06202016/NA12878.fastqs/read-I1_si-CAGATGGG_lane-007-chunk-0005.fastq.gz	139346607
data/NA12878/10Xgenomics_ChromiumGenome_LongRanger2.0_06202016/NA12878.fastqs/read-I1_si-CAGATGGG_lane-008-chunk-0001.fastq.gz	166321279
data/NA12878/10Xgenomics_ChromiumGenome_LongRanger2.0_06202016/NA12878.fastqs/read-I1_si-GTCTCCTT_lane-001-chunk-0002.fastq.gz	195982730
data/NA12878/10Xgenomics_ChromiumGenome_LongRanger2.0_06202016/NA12878.fastqs/read-I1_si-GTCTCCTT_lane-002-chunk-0004.fastq.gz	194406449
data/NA12878/10Xgenomics_ChromiumGenome_LongRanger2.0_06202016/NA12878.fastqs/read-I1_si-GTCTCCTT_lane-003-chunk-0007.fastq.gz	198172354
data/NA12878/10Xgenomics_ChromiumGenome_LongRanger2.0_06202016/NA12878.fastqs/read-I1_si-GTCTCCTT_lane-004-chunk-0006.fastq.gz	185765777
data/NA12878/10Xgenomics_ChromiumGenome_LongRanger2.0_06202016/NA12878.fastqs/read-I1_si-GTCTCCTT_lane-005-chunk-0000.fastq.gz	183843826
data/NA12878/10Xgenomics_ChromiumGenome_LongRanger2.0_06202016/NA12878.fastqs/read-I1_si-GTCTCCTT_lane-006-chunk-0003.fastq.gz	186956512
data/NA12878/10Xgenomics_ChromiumGenome_LongRanger2.0_06202016/NA12878.fastqs/read-I1_si-GTCTCCTT_lane-007-chunk-0005.fastq.gz	184524175
data/NA12878/10Xgenomics_ChromiumGenome_LongRanger2.0_06202016/NA12878.fastqs/read-I1_si-GTCTCCTT_lane-008-chunk-0001.fastq.gz	214016012
data/NA12878/10Xgenomics_ChromiumGenome_LongRanger2.0_06202016/NA12878.fastqs/read-I1_si-TCACATCA_lane-001-chunk-0002.fastq.gz	151016058
data/NA12878/10Xgenomics_ChromiumGenome_LongRanger2.0_06202016/NA12878.fastqs/read-I1_si-TCACATCA_lane-002-chunk-0004.fastq.gz	148910536
data/NA12878/10Xgenomics_ChromiumGenome_LongRanger2.0_06202016/NA12878.fastqs/read-I1_si-TCACATCA_lane-003-chunk-0007.fastq.gz	152280328
data/NA12878/10Xgenomics_ChromiumGenome_LongRanger2.0_06202016/NA12878.fastqs/read-I1_si-TCACATCA_lane-004-chunk-0006.fastq.gz	142557060
data/NA12878/10Xgenomics_ChromiumGenome_LongRanger2.0_06202016/NA12878.fastqs/read-I1_si-TCACATCA_lane-005-chunk-0000.fastq.gz	139730525
data/NA12878/10Xgenomics_ChromiumGenome_LongRanger2.0_06202016/NA12878.fastqs/read-I1_si-TCACATCA_lane-006-chunk-0003.fastq.gz	143048771
data/NA12878/10Xgenomics_ChromiumGenome_LongRanger2.0_06202016/NA12878.fastqs/read-I1_si-TCACATCA_lane-007-chunk-0005.fastq.gz	141489831
data/NA12878/10Xgenomics_ChromiumGenome_LongRanger2.0_06202016/NA12878.fastqs/read-I1_si-TCACATCA_lane-008-chunk-0001.fastq.gz	169090249
data/NA12878/10Xgenomics_ChromiumGenome_LongRanger2.0_06202016/NA12878.fastqs/read-RA_si-AGTGGAAC_lane-001-chunk-0002.fastq.gz	5096761444
data/NA12878/10Xgenomics_ChromiumGenome_LongRanger2.0_06202016/NA12878.fastqs/read-RA_si-AGTGGAAC_lane-002-chunk-0004.fastq.gz	5007577770
data/NA12878/10Xgenomics_ChromiumGenome_LongRanger2.0_06202016/NA12878.fastqs/read-RA_si-AGTGGAAC_lane-003-chunk-0007.fastq.gz	5131532195
data/NA12878/10Xgenomics_ChromiumGenome_LongRanger2.0_06202016/NA12878.fastqs/read-RA_si-AGTGGAAC_lane-004-chunk-0006.fastq.gz	4821556362
data/NA12878/10Xgenomics_ChromiumGenome_LongRanger2.0_06202016/NA12878.fastqs/read-RA_si-AGTGGAAC_lane-005-chunk-0000.fastq.gz	4805458036
data/NA12878/10Xgenomics_ChromiumGenome_LongRanger2.0_06202016/NA12878.fastqs/read-RA_si-AGTGGAAC_lane-006-chunk-0003.fastq.gz	4896014068
data/NA12878/10Xgenomics_ChromiumGenome_LongRanger2.0_06202016/NA12878.fastqs/read-RA_si-AGTGGAAC_lane-007-chunk-0005.fastq.gz	4871751706
data/NA12878/10Xgenomics_ChromiumGenome_LongRanger2.0_06202016/NA12878.fastqs/read-RA_si-AGTGGAAC_lane-008-chunk-0001.fastq.gz	5460225233
data/NA12878/10Xgenomics_ChromiumGenome_LongRanger2.0_06202016/NA12878.fastqs/read-RA_si-CAGATGGG_lane-001-chunk-0002.fastq.gz	4350335936
data/NA12878/10Xgenomics_ChromiumGenome_LongRanger2.0_06202016/NA12878.fastqs/read-RA_si-CAGATGGG_lane-002-chunk-0004.fastq.gz	4286510538
data/NA12878/10Xgenomics_ChromiumGenome_LongRanger2.0_06202016/NA12878.fastqs/read-RA_si-CAGATGGG_lane-003-chunk-0007.fastq.gz	4397121636
data/NA12878/10Xgenomics_ChromiumGenome_LongRanger2.0_06202016/NA12878.fastqs/read-RA_si-CAGATGGG_lane-004-chunk-0006.fastq.gz	4131729268
data/NA12878/10Xgenomics_ChromiumGenome_LongRanger2.0_06202016/NA12878.fastqs/read-RA_si-CAGATGGG_lane-005-chunk-0000.fastq.gz	4132282924
data/NA12878/10Xgenomics_ChromiumGenome_LongRanger2.0_06202016/NA12878.fastqs/read-RA_si-CAGATGGG_lane-006-chunk-0003.fastq.gz	4202949154
data/NA12878/10Xgenomics_ChromiumGenome_LongRanger2.0_06202016/NA12878.fastqs/read-RA_si-CAGATGGG_lane-007-chunk-0005.fastq.gz	4176267432
data/NA12878/10Xgenomics_ChromiumGenome_LongRanger2.0_06202016/NA12878.fastqs/read-RA_si-CAGATGGG_lane-008-chunk-0001.fastq.gz	4638872176
data/NA12878/10Xgenomics_ChromiumGenome_LongRanger2.0_06202016/NA12878.fastqs/read-RA_si-GTCTCCTT_lane-001-chunk-0002.fastq.gz	5455734007
data/NA12878/10Xgenomics_ChromiumGenome_LongRanger2.0_06202016/NA12878.fastqs/read-RA_si-GTCTCCTT_lane-002-chunk-0004.fastq.gz	5398070951
data/NA12878/10Xgenomics_ChromiumGenome_LongRanger2.0_06202016/NA12878.fastqs/read-RA_si-GTCTCCTT_lane-003-chunk-0007.fastq.gz	5528539209
data/NA12878/10Xgenomics_ChromiumGenome_LongRanger2.0_06202016/NA12878.fastqs/read-RA_si-GTCTCCTT_lane-004-chunk-0006.fastq.gz	5227548081
data/NA12878/10Xgenomics_ChromiumGenome_LongRanger2.0_06202016/NA12878.fastqs/read-RA_si-GTCTCCTT_lane-005-chunk-0000.fastq.gz	5229423402
data/NA12878/10Xgenomics_ChromiumGenome_LongRanger2.0_06202016/NA12878.fastqs/read-RA_si-GTCTCCTT_lane-006-chunk-0003.fastq.gz	5318677528
data/NA12878/10Xgenomics_ChromiumGenome_LongRanger2.0_06202016/NA12878.fastqs/read-RA_si-GTCTCCTT_lane-007-chunk-0005.fastq.gz	5280392544
data/NA12878/10Xgenomics_ChromiumGenome_LongRanger2.0_06202016/NA12878.fastqs/read-RA_si-GTCTCCTT_lane-008-chunk-0001.fastq.gz	5724404264
data/NA12878/10Xgenomics_ChromiumGenome_LongRanger2.0_06202016/NA12878.fastqs/read-RA_si-TCACATCA_lane-001-chunk-0002.fastq.gz	4411720596
data/NA12878/10Xgenomics_ChromiumGenome_LongRanger2.0_06202016/NA12878.fastqs/read-RA_si-TCACATCA_lane-002-chunk-0004.fastq.gz	4352541110
data/NA12878/10Xgenomics_ChromiumGenome_LongRanger2.0_06202016/NA12878.fastqs/read-RA_si-TCACATCA_lane-003-chunk-0007.fastq.gz	4467662936
data/NA12878/10Xgenomics_ChromiumGenome_LongRanger2.0_06202016/NA12878.fastqs/read-RA_si-TCACATCA_lane-004-chunk-0006.fastq.gz	4194811543
data/NA12878/10Xgenomics_ChromiumGenome_LongRanger2.0_06202016/NA12878.fastqs/read-RA_si-TCACATCA_lane-005-chunk-0000.fastq.gz	4204023600
data/NA12878/10Xgenomics_ChromiumGenome_LongRanger2.0_06202016/NA12878.fastqs/read-RA_si-TCACATCA_lane-006-chunk-0003.fastq.gz	4278340025
data/NA12878/10Xgenomics_ChromiumGenome_LongRanger2.0_06202016/NA12878.fastqs/read-RA_si-TCACATCA_lane-007-chunk-0005.fastq.gz	4257120162
data/NA12878/10Xgenomics_ChromiumGenome_LongRanger2.0_06202016/NA12878.fastqs/read-RA_si-TCACATCA_lane-008-chunk-0001.fastq.gz	4731044732
data/NA12878/10Xgenomics_ChromiumGenome_LongRanger2.0_06202016/NA12878_GRCh37.bam	182275691170
data/NA12878/10Xgenomics_ChromiumGenome_LongRanger2.0_06202016/NA12878_GRCh37.bam.bai	9755544
data/NA12878/10Xgenomics_ChromiumGenome_LongRanger2.0_06202016/NA12878_GRCh37.vcf.gz	1754673868
data/NA12878/10Xgenomics_ChromiumGenome_LongRanger2.0_06202016/NA12878_GRCh37.vcf.gz.tbi	2104943
data/NA12878/10Xgenomics_ChromiumGenome_LongRanger2.0_06202016/NA12878_GRCh37_summary.csv	932
data/NA12878/10Xgenomics_ChromiumGenome_LongRanger2.0_06202016/NA12878_GRCh38.bam	182592863140
data/NA12878/10Xgenomics_ChromiumGenome_LongRanger2.0_06202016/NA12878_GRCh38.bam.bai	10119312
data/NA12878/10Xgenomics_ChromiumGenome_LongRanger2.0_06202016/NA12878_GRCh38.vcf.gz	1828282962
data/NA12878/10Xgenomics_ChromiumGenome_LongRanger2.0_06202016/NA12878_GRCh38.vcf.gz.tbi	2141543
data/NA12878/10Xgenomics_ChromiumGenome_LongRanger2.0_06202016/NA12878_GRCh38_summary.csv	931
data/NA12878/10Xgenomics_ChromiumGenome_LongRanger2.0_06202016/README	750
data/NA12878/10Xgenomics_ChromiumGenome_LongRanger2.1_09302016/NA12878_GRCh38/NA12878_GRCh38_deletions.vcf.gz	100107
data/NA12878/10Xgenomics_ChromiumGenome_LongRanger2.1_09302016/NA12878_GRCh38/NA12878_GRCh38_deletions.vcf.gz.tbi	46002
data/NA12878/10Xgenomics_ChromiumGenome_LongRanger2.1_09302016/NA12878_GRCh38/NA12878_GRCh38_large_svs.vcf.gz	561943
data/NA12878/10Xgenomics_ChromiumGenome_LongRanger2.1_09302016/NA12878_GRCh38/NA12878_GRCh38_large_svs.vcf.gz.tbi	132919
data/NA12878/10Xgenomics_ChromiumGenome_LongRanger2.1_09302016/NA12878_GRCh38/NA12878_GRCh38_phased_possorted_bam.bam	193317844735
data/NA12878/10Xgenomics_ChromiumGenome_LongRanger2.1_09302016/NA12878_GRCh38/NA12878_GRCh38_phased_possorted_bam.bam.bai	10082912
data/NA12878/10Xgenomics_ChromiumGenome_LongRanger2.1_09302016/NA12878_GRCh38/NA12878_GRCh38_phased_variants.vcf.gz	1640078817
data/NA12878/10Xgenomics_ChromiumGenome_LongRanger2.1_09302016/NA12878_GRCh38/NA12878_GRCh38_phased_variants.vcf.gz.tbi	2106409
data/NA12878/10Xgenomics_ChromiumGenome_LongRanger2.1_09302016/NA12878_hg19/NA12878_hg19_deletions.vcf.gz	96403
data/NA12878/10Xgenomics_ChromiumGenome_LongRanger2.1_09302016/NA12878_hg19/NA12878_hg19_deletions.vcf.gz.tbi	44900
data/NA12878/10Xgenomics_ChromiumGenome_LongRanger2.1_09302016/NA12878_hg19/NA12878_hg19_large_svs.vcf.gz	562478
data/NA12878/10Xgenomics_ChromiumGenome_LongRanger2.1_09302016/NA12878_hg19/NA12878_hg19_large_svs.vcf.gz.tbi	132944
data/NA12878/10Xgenomics_ChromiumGenome_LongRanger2.1_09302016/NA12878_hg19/NA12878_hg19_phased_possorted_bam.bam	193156032466
data/NA12878/10Xgenomics_ChromiumGenome_LongRanger2.1_09302016/NA12878_hg19/NA12878_hg19_phased_possorted_bam.bam.bai	9763344
data/NA12878/10Xgenomics_ChromiumGenome_LongRanger2.1_09302016/NA12878_hg19/NA12878_hg19_phased_variants.vcf.gz	1551056991
data/NA12878/10Xgenomics_ChromiumGenome_LongRanger2.1_09302016/NA12878_hg19/NA12878_hg19_phased_variants.vcf.gz.tbi	2094024
data/NA12878/10Xgenomics_ChromiumGenome_LongRanger2.1_09302016/README	511
data/NA12878/stLFR/md5.in	339
data/NA12878/stLFR/readme.txt	820
data/NA12878/stLFR/stLFR.L0.sort.rmdup.bam	280567055642
data/NA12878/stLFR/stLFR.L0.sort.rmdup.bam.bai	9195032
data/NA12878/stLFR/stLFR.L0.variants.vcf	1045754452
data/NA12878/stLFR/stLFR.split_read.1.fq.gz	131495946751
data/NA12878/stLFR/stLFR.split_read.2.fq.gz	138384624330
data/NA12878/stLFR/uploaded_file_md5sum.txt	294
