data_RNAseq/AshkenazimTrio/HG002_NA24385_son/Baylor_PacBio/README_RNAseq_Baylor_HG002_PacBio.md	8835
data_RNAseq/AshkenazimTrio/HG002_NA24385_son/Baylor_PacBio/reads/m64139_220127_180020.hifi_reads.bam	5516418294
data_RNAseq/AshkenazimTrio/HG002_NA24385_son/Baylor_PacBio/reads/m64139_220130_061226.hifi_reads.bam	7918024154
data_RNAseq/AshkenazimTrio/HG002_NA24385_son/Baylor_PacBio/reads/m64139_220131_122551.hifi_reads.bam	8455260521
data_RNAseq/AshkenazimTrio/HG002_NA24385_son/Baylor_PacBio/reads/md5.in	210
data_RNAseq/AshkenazimTrio/HG002_NA24385_son/Google_Illumina/Google-Illumina-lncRNA-QC-report.tar.gz	1602091
data_RNAseq/AshkenazimTrio/HG002_NA24385_son/Google_Illumina/Google-Illumina-mRNA-QC-report.tar.gz	3876530
data_RNAseq/AshkenazimTrio/HG002_NA24385_son/Google_Illumina/Long_noncoding_RNA/alignments/hg002_gm24385.lncrna.grch38.bam	12864226149
data_RNAseq/AshkenazimTrio/HG002_NA24385_son/Google_Illumina/Long_noncoding_RNA/alignments/hg002_gm24385.lncrna.grch38.bam.bai	8112368
data_RNAseq/AshkenazimTrio/HG002_NA24385_son/Google_Illumina/Long_noncoding_RNA/alignments/hg002_gm26105.lncrna.grch38.bam	14314447890
data_RNAseq/AshkenazimTrio/HG002_NA24385_son/Google_Illumina/Long_noncoding_RNA/alignments/hg002_gm26105.lncrna.grch38.bam.bai	8380568
data_RNAseq/AshkenazimTrio/HG002_NA24385_son/Google_Illumina/Long_noncoding_RNA/alignments/hg002_gm27730.lncrna.grch38.bam	14878282164
data_RNAseq/AshkenazimTrio/HG002_NA24385_son/Google_Illumina/Long_noncoding_RNA/alignments/hg002_gm27730.lncrna.grch38.bam.bai	8602544
data_RNAseq/AshkenazimTrio/HG002_NA24385_son/Google_Illumina/Long_noncoding_RNA/alignments/md5.in	408
data_RNAseq/AshkenazimTrio/HG002_NA24385_son/Google_Illumina/Long_noncoding_RNA/reads/hg002_gm24385.lncrna.R1.fastq.gz	8412550179
data_RNAseq/AshkenazimTrio/HG002_NA24385_son/Google_Illumina/Long_noncoding_RNA/reads/hg002_gm24385.lncrna.R2.fastq.gz	8964704498
data_RNAseq/AshkenazimTrio/HG002_NA24385_son/Google_Illumina/Long_noncoding_RNA/reads/hg002_gm26105.lncrna.R1.fastq.gz	10012337067
data_RNAseq/AshkenazimTrio/HG002_NA24385_son/Google_Illumina/Long_noncoding_RNA/reads/hg002_gm26105.lncrna.R2.fastq.gz	10655153789
data_RNAseq/AshkenazimTrio/HG002_NA24385_son/Google_Illumina/Long_noncoding_RNA/reads/hg002_gm27730.lncrna.R1.fastq.gz	10053098855
data_RNAseq/AshkenazimTrio/HG002_NA24385_son/Google_Illumina/Long_noncoding_RNA/reads/hg002_gm27730.lncrna.R2.fastq.gz	10779678966
data_RNAseq/AshkenazimTrio/HG002_NA24385_son/Google_Illumina/Long_noncoding_RNA/reads/md5.in	402
data_RNAseq/AshkenazimTrio/HG002_NA24385_son/Google_Illumina/README_RNAseq_Google_HG002-Ill.md	8873
data_RNAseq/AshkenazimTrio/HG002_NA24385_son/Google_Illumina/mRNA/alignments/hg002_gm24385.mrna.grch38.bam	9781405467
data_RNAseq/AshkenazimTrio/HG002_NA24385_son/Google_Illumina/mRNA/alignments/hg002_gm24385.mrna.grch38.bam.bai	5152544
data_RNAseq/AshkenazimTrio/HG002_NA24385_son/Google_Illumina/mRNA/alignments/hg002_gm26105.mrna.grch38.bam	7886665468
data_RNAseq/AshkenazimTrio/HG002_NA24385_son/Google_Illumina/mRNA/alignments/hg002_gm26105.mrna.grch38.bam.bai	4585008
data_RNAseq/AshkenazimTrio/HG002_NA24385_son/Google_Illumina/mRNA/alignments/hg002_gm27730.mrna.grch38.bam	9034385171
data_RNAseq/AshkenazimTrio/HG002_NA24385_son/Google_Illumina/mRNA/alignments/hg002_gm27730.mrna.grch38.bam.bai	4903304
data_RNAseq/AshkenazimTrio/HG002_NA24385_son/Google_Illumina/mRNA/alignments/md5.in	703
data_RNAseq/AshkenazimTrio/HG002_NA24385_son/Google_Illumina/mRNA/reads/hg002_gm24385.mrna.R1.fastq.gz	7321569102
data_RNAseq/AshkenazimTrio/HG002_NA24385_son/Google_Illumina/mRNA/reads/hg002_gm24385.mrna.R2.fastq.gz	7375938930
data_RNAseq/AshkenazimTrio/HG002_NA24385_son/Google_Illumina/mRNA/reads/hg002_gm26105.mrna.R1.fastq.gz	6779815727
data_RNAseq/AshkenazimTrio/HG002_NA24385_son/Google_Illumina/mRNA/reads/hg002_gm26105.mrna.R2.fastq.gz	6822719199
data_RNAseq/AshkenazimTrio/HG002_NA24385_son/Google_Illumina/mRNA/reads/hg002_gm27730.mrna.R1.fastq.gz	7662698631
data_RNAseq/AshkenazimTrio/HG002_NA24385_son/Google_Illumina/mRNA/reads/hg002_gm27730.mrna.R2.fastq.gz	7779125094
data_RNAseq/AshkenazimTrio/HG002_NA24385_son/Google_Illumina/mRNA/reads/md5.in	390
data_RNAseq/AshkenazimTrio/HG002_NA24385_son/Google_PacBio/Google-PacBio-IsoSeq-QC-report.tar.gz	3872104
data_RNAseq/AshkenazimTrio/HG002_NA24385_son/Google_PacBio/README_RNAseq_Google_HG002-PacBio.md	6947
data_RNAseq/AshkenazimTrio/HG002_NA24385_son/Google_PacBio/reads/GM26105.m64267e_220109_182119.subreads.bam	845088368623
data_RNAseq/AshkenazimTrio/HG002_NA24385_son/Google_PacBio/reads/GM26105.m64267e_220109_182119.subreads.bam_md5sum	77
data_RNAseq/AshkenazimTrio/HG002_NA24385_son/Google_PacBio/reads/GM27730.m64267e_220111_003241.subreads.bam	906483438187
data_RNAseq/AshkenazimTrio/HG002_NA24385_son/Google_PacBio/reads/GM27730.m64267e_220111_003241.subreads.bam_md5sum	77
data_RNAseq/AshkenazimTrio/HG002_NA24385_son/Google_PacBio/reads/HG002.m64284e_220109_013023.subreads.bam	849589858551
data_RNAseq/AshkenazimTrio/HG002_NA24385_son/Google_PacBio/reads/HG002.m64284e_220109_013023.subreads.bam_md5sum	75
data_RNAseq/AshkenazimTrio/HG002_NA24385_son/Mason_ONT-directRNA/README_Mason_ONT_HG002_data.md	8238
data_RNAseq/AshkenazimTrio/HG002_NA24385_son/Mason_ONT-directRNA/alignments/HG002_GM24385_directRNA_ONT_Mason_20230526.sorted.bam	6205085623
data_RNAseq/AshkenazimTrio/HG002_NA24385_son/Mason_ONT-directRNA/alignments/HG002_GM24385_directRNA_ONT_Mason_20230526.sorted.bam.bai	2366912
data_RNAseq/AshkenazimTrio/HG002_NA24385_son/Mason_ONT-directRNA/alignments/HG002_GM26105_directRNA_ONT_Mason_20230526.sorted.bam	3456158950
data_RNAseq/AshkenazimTrio/HG002_NA24385_son/Mason_ONT-directRNA/alignments/HG002_GM26105_directRNA_ONT_Mason_20230526.sorted.bam.bai	1999672
data_RNAseq/AshkenazimTrio/HG002_NA24385_son/Mason_ONT-directRNA/alignments/HG002_GM27730_directRNA_ONT_Mason_20230526.sorted.bam	4958216139
data_RNAseq/AshkenazimTrio/HG002_NA24385_son/Mason_ONT-directRNA/alignments/HG002_GM27730_directRNA_ONT_Mason_20230526.sorted.bam.bai	2476064
data_RNAseq/AshkenazimTrio/HG002_NA24385_son/Mason_ONT-directRNA/checksum.md5	1509
data_RNAseq/AshkenazimTrio/HG002_NA24385_son/Mason_ONT-directRNA/md5.in	1509
data_RNAseq/AshkenazimTrio/HG002_NA24385_son/Mason_ONT-directRNA/reads/HG002_GM24385_directRNA_ONT_Mason_20230526.fastq.gz	6025975432
data_RNAseq/AshkenazimTrio/HG002_NA24385_son/Mason_ONT-directRNA/reads/HG002_GM24385_directRNA_ONT_Mason_20230526_sample_sheet.csv	194
data_RNAseq/AshkenazimTrio/HG002_NA24385_son/Mason_ONT-directRNA/reads/HG002_GM24385_directRNA_ONT_Mason_20230526_sequencing_summary.txt.gz	531227140
data_RNAseq/AshkenazimTrio/HG002_NA24385_son/Mason_ONT-directRNA/reads/HG002_GM26105_directRNA_ONT_Mason_20230526.fastq.gz	3379342552
data_RNAseq/AshkenazimTrio/HG002_NA24385_son/Mason_ONT-directRNA/reads/HG002_GM26105_directRNA_ONT_Mason_20230526_sample_sheet.csv	194
data_RNAseq/AshkenazimTrio/HG002_NA24385_son/Mason_ONT-directRNA/reads/HG002_GM26105_directRNA_ONT_Mason_20230526_sequencing_summary.txt.gz	372967103
data_RNAseq/AshkenazimTrio/HG002_NA24385_son/Mason_ONT-directRNA/reads/HG002_GM27730_directRNA_ONT_Mason_20230526.fastq.gz	4812627784
data_RNAseq/AshkenazimTrio/HG002_NA24385_son/Mason_ONT-directRNA/reads/HG002_GM27730_directRNA_ONT_Mason_20230526_sample_sheet.csv	194
data_RNAseq/AshkenazimTrio/HG002_NA24385_son/Mason_ONT-directRNA/reads/HG002_GM27730_directRNA_ONT_Mason_20230526_sequencing_summary.txt.gz	418108157
data_RNAseq/AshkenazimTrio/HG002_NA24385_son/PacBio_Pacbio-MASseq/GM24385/2-FLNC/giab_na24385.hifi_reads.lima.0--0.lima.IsoSeqX_bc02_5p--IsoSeqX_3p.refined.bam	45909916579
data_RNAseq/AshkenazimTrio/HG002_NA24385_son/PacBio_Pacbio-MASseq/GM24385/2-FLNC/giab_na24385.hifi_reads.lima.0--0.lima.IsoSeqX_bc02_5p--IsoSeqX_3p.refined.bam.pbi	432339976
data_RNAseq/AshkenazimTrio/HG002_NA24385_son/PacBio_Pacbio-MASseq/GM24385/2-FLNC/giab_na24385.hifi_reads.lima.0--0.lima.IsoSeqX_bc02_5p--IsoSeqX_3p.refined.filter_summary.report.json	829
data_RNAseq/AshkenazimTrio/HG002_NA24385_son/PacBio_Pacbio-MASseq/GM24385/2-FLNC/giab_na24385.hifi_reads.lima.0--0.lima.IsoSeqX_bc02_5p--IsoSeqX_3p.refined.report.csv	4216507296
data_RNAseq/AshkenazimTrio/HG002_NA24385_son/PacBio_Pacbio-MASseq/GM24385/3-ClusterMap/giab_na24385.hifi_reads.lima.0--0.lima.IsoSeqX_bc02_5p--IsoSeqX_3p.clustered.bam	2324567057
data_RNAseq/AshkenazimTrio/HG002_NA24385_son/PacBio_Pacbio-MASseq/GM24385/3-ClusterMap/giab_na24385.hifi_reads.lima.0--0.lima.IsoSeqX_bc02_5p--IsoSeqX_3p.clustered.bam.pbi	21487233
data_RNAseq/AshkenazimTrio/HG002_NA24385_son/PacBio_Pacbio-MASseq/GM24385/3-ClusterMap/giab_na24385.hifi_reads.lima.0--0.lima.IsoSeqX_bc02_5p--IsoSeqX_3p.clustered.cluster_report.csv	2929746908
data_RNAseq/AshkenazimTrio/HG002_NA24385_son/PacBio_Pacbio-MASseq/GM24385/3-ClusterMap/giab_na24385.hifi_reads.lima.0--0.lima.IsoSeqX_bc02_5p--IsoSeqX_3p.mapped.bam	1500721305
data_RNAseq/AshkenazimTrio/HG002_NA24385_son/PacBio_Pacbio-MASseq/GM24385/3-ClusterMap/giab_na24385.hifi_reads.lima.0--0.lima.IsoSeqX_bc02_5p--IsoSeqX_3p.mapped.bam.bai	2995920
data_RNAseq/AshkenazimTrio/HG002_NA24385_son/PacBio_Pacbio-MASseq/GM26105/2-FLNC/giab_na26105.hifi_reads.lima.0--0.lima.IsoSeqX_bc04_5p--IsoSeqX_3p.refined.bam	54646916701
data_RNAseq/AshkenazimTrio/HG002_NA24385_son/PacBio_Pacbio-MASseq/GM26105/2-FLNC/giab_na26105.hifi_reads.lima.0--0.lima.IsoSeqX_bc04_5p--IsoSeqX_3p.refined.bam.pbi	413521229
data_RNAseq/AshkenazimTrio/HG002_NA24385_son/PacBio_Pacbio-MASseq/GM26105/2-FLNC/giab_na26105.hifi_reads.lima.0--0.lima.IsoSeqX_bc04_5p--IsoSeqX_3p.refined.filter_summary.report.json	829
data_RNAseq/AshkenazimTrio/HG002_NA24385_son/PacBio_Pacbio-MASseq/GM26105/2-FLNC/giab_na26105.hifi_reads.lima.0--0.lima.IsoSeqX_bc04_5p--IsoSeqX_3p.refined.report.csv	3993145194
data_RNAseq/AshkenazimTrio/HG002_NA24385_son/PacBio_Pacbio-MASseq/GM26105/3-ClusterMap/giab_na26105.hifi_reads.lima.0--0.lima.IsoSeqX_bc04_5p--IsoSeqX_3p.clustered.bam	1610041985
data_RNAseq/AshkenazimTrio/HG002_NA24385_son/PacBio_Pacbio-MASseq/GM26105/3-ClusterMap/giab_na26105.hifi_reads.lima.0--0.lima.IsoSeqX_bc04_5p--IsoSeqX_3p.clustered.bam.pbi	10296808
data_RNAseq/AshkenazimTrio/HG002_NA24385_son/PacBio_Pacbio-MASseq/GM26105/3-ClusterMap/giab_na26105.hifi_reads.lima.0--0.lima.IsoSeqX_bc04_5p--IsoSeqX_3p.clustered.cluster_report.csv	2833867756
data_RNAseq/AshkenazimTrio/HG002_NA24385_son/PacBio_Pacbio-MASseq/GM26105/3-ClusterMap/giab_na26105.hifi_reads.lima.0--0.lima.IsoSeqX_bc04_5p--IsoSeqX_3p.mapped.bam	1095200293
data_RNAseq/AshkenazimTrio/HG002_NA24385_son/PacBio_Pacbio-MASseq/GM26105/3-ClusterMap/giab_na26105.hifi_reads.lima.0--0.lima.IsoSeqX_bc04_5p--IsoSeqX_3p.mapped.bam.bai	2459448
data_RNAseq/AshkenazimTrio/HG002_NA24385_son/PacBio_Pacbio-MASseq/GM27730/2-FLNC/giab_na27730.hifi_reads.lima.0--0.lima.IsoSeqX_bc05_5p--IsoSeqX_3p.refined.bam	52469401064
data_RNAseq/AshkenazimTrio/HG002_NA24385_son/PacBio_Pacbio-MASseq/GM27730/2-FLNC/giab_na27730.hifi_reads.lima.0--0.lima.IsoSeqX_bc05_5p--IsoSeqX_3p.refined.bam.pbi	389387221
data_RNAseq/AshkenazimTrio/HG002_NA24385_son/PacBio_Pacbio-MASseq/GM27730/2-FLNC/giab_na27730.hifi_reads.lima.0--0.lima.IsoSeqX_bc05_5p--IsoSeqX_3p.refined.filter_summary.report.json	829
data_RNAseq/AshkenazimTrio/HG002_NA24385_son/PacBio_Pacbio-MASseq/GM27730/2-FLNC/giab_na27730.hifi_reads.lima.0--0.lima.IsoSeqX_bc05_5p--IsoSeqX_3p.refined.report.csv	3748242498
data_RNAseq/AshkenazimTrio/HG002_NA24385_son/PacBio_Pacbio-MASseq/GM27730/3-ClusterMap/giab_na27730.hifi_reads.lima.0--0.lima.IsoSeqX_bc05_5p--IsoSeqX_3p.clustered.bam	1522817729
data_RNAseq/AshkenazimTrio/HG002_NA24385_son/PacBio_Pacbio-MASseq/GM27730/3-ClusterMap/giab_na27730.hifi_reads.lima.0--0.lima.IsoSeqX_bc05_5p--IsoSeqX_3p.clustered.bam.pbi	9623278
data_RNAseq/AshkenazimTrio/HG002_NA24385_son/PacBio_Pacbio-MASseq/GM27730/3-ClusterMap/giab_na27730.hifi_reads.lima.0--0.lima.IsoSeqX_bc05_5p--IsoSeqX_3p.clustered.cluster_report.csv	2593260532
data_RNAseq/AshkenazimTrio/HG002_NA24385_son/PacBio_Pacbio-MASseq/GM27730/3-ClusterMap/giab_na27730.hifi_reads.lima.0--0.lima.IsoSeqX_bc05_5p--IsoSeqX_3p.mapped.bam	1021400848
data_RNAseq/AshkenazimTrio/HG002_NA24385_son/PacBio_Pacbio-MASseq/GM27730/3-ClusterMap/giab_na27730.hifi_reads.lima.0--0.lima.IsoSeqX_bc05_5p--IsoSeqX_3p.mapped.bam.bai	2368520
data_RNAseq/AshkenazimTrio/HG002_NA24385_son/PacBio_Pacbio-MASseq/README_NIST_PacBio-MASseq.md	21675
data_RNAseq/AshkenazimTrio/HG002_NA24385_son/PacBio_Pacbio-MASseq/checksum.md5	2919
data_RNAseq/AshkenazimTrio/HG002_NA24385_son/UNC_Illumina/Merker_GIAB_NIST_Shared_Results_Summary_20220926.tsv	14049
data_RNAseq/AshkenazimTrio/HG002_NA24385_son/UNC_Illumina/README_RNAseq_UNC_HG002_Ill.md	9753
data_RNAseq/AshkenazimTrio/HG002_NA24385_son/UNC_Illumina/RNA_QC_report.pdf	4729604
data_RNAseq/AshkenazimTrio/HG002_NA24385_son/UNC_Illumina/reads/HG002_GM24385_replicate1_mRNAseq_ILLUMINA_UNC_20220524_AGGTTATA-CAGTTCCG_R1_001.fastq.gz	34164581094
data_RNAseq/AshkenazimTrio/HG002_NA24385_son/UNC_Illumina/reads/HG002_GM24385_replicate1_mRNAseq_ILLUMINA_UNC_20220524_AGGTTATA-CAGTTCCG_R2_001.fastq.gz	35413204428
data_RNAseq/AshkenazimTrio/HG002_NA24385_son/UNC_Illumina/reads/HG002_GM24385_replicate1_totalRNAseq_ILLUMINA_UNC_20220518_ATTGTGAA-TGCATTGC_R1_001.fastq.gz	28929215358
data_RNAseq/AshkenazimTrio/HG002_NA24385_son/UNC_Illumina/reads/HG002_GM24385_replicate1_totalRNAseq_ILLUMINA_UNC_20220518_ATTGTGAA-TGCATTGC_R2_001.fastq.gz	30606020939
data_RNAseq/AshkenazimTrio/HG002_NA24385_son/UNC_Illumina/reads/HG002_GM24385_replicate2_mRNAseq_ILLUMINA_UNC_20220524_GAACCGCG-TGACCTTA_R1_001.fastq.gz	34216999921
data_RNAseq/AshkenazimTrio/HG002_NA24385_son/UNC_Illumina/reads/HG002_GM24385_replicate2_mRNAseq_ILLUMINA_UNC_20220524_GAACCGCG-TGACCTTA_R2_001.fastq.gz	34974176359
data_RNAseq/AshkenazimTrio/HG002_NA24385_son/UNC_Illumina/reads/HG002_GM24385_replicate2_totalRNAseq_ILLUMINA_UNC_20220518_CCTTCACC-GACGCTCC_R1_001.fastq.gz	27011635064
data_RNAseq/AshkenazimTrio/HG002_NA24385_son/UNC_Illumina/reads/HG002_GM24385_replicate2_totalRNAseq_ILLUMINA_UNC_20220518_CCTTCACC-GACGCTCC_R2_001.fastq.gz	28440489117
data_RNAseq/AshkenazimTrio/HG002_NA24385_son/UNC_Illumina/reads/HG002_GM24385_replicate3_mRNAseq_ILLUMINA_UNC_20220524_TCATCCTT-AGCGAGCT_R1_001.fastq.gz	36522273628
data_RNAseq/AshkenazimTrio/HG002_NA24385_son/UNC_Illumina/reads/HG002_GM24385_replicate3_mRNAseq_ILLUMINA_UNC_20220524_TCATCCTT-AGCGAGCT_R2_001.fastq.gz	37319081751
data_RNAseq/AshkenazimTrio/HG002_NA24385_son/UNC_Illumina/reads/HG002_GM24385_replicate3_totalRNAseq_ILLUMINA_UNC_20220518_GCCACAGG-CATGCCAT_R1_001.fastq.gz	31997688715
data_RNAseq/AshkenazimTrio/HG002_NA24385_son/UNC_Illumina/reads/HG002_GM24385_replicate3_totalRNAseq_ILLUMINA_UNC_20220518_GCCACAGG-CATGCCAT_R2_001.fastq.gz	33734085616
data_RNAseq/AshkenazimTrio/HG002_NA24385_son/UNC_Illumina/reads/HG002_GM26105_replicate1_mRNAseq_ILLUMINA_UNC_20220524_ACGCACCT-GGTGAAGG_R1_001.fastq.gz	32257800081
data_RNAseq/AshkenazimTrio/HG002_NA24385_son/UNC_Illumina/reads/HG002_GM26105_replicate1_mRNAseq_ILLUMINA_UNC_20220524_ACGCACCT-GGTGAAGG_R2_001.fastq.gz	33203718507
data_RNAseq/AshkenazimTrio/HG002_NA24385_son/UNC_Illumina/reads/HG002_GM26105_replicate1_totalRNAseq_ILLUMINA_UNC_20220518_AGTACTCC-AACCTGTT_R1_001.fastq.gz	24372706932
data_RNAseq/AshkenazimTrio/HG002_NA24385_son/UNC_Illumina/reads/HG002_GM26105_replicate1_totalRNAseq_ILLUMINA_UNC_20220518_AGTACTCC-AACCTGTT_R2_001.fastq.gz	25271326878
data_RNAseq/AshkenazimTrio/HG002_NA24385_son/UNC_Illumina/reads/HG002_GM26105_replicate2_mRNAseq_ILLUMINA_UNC_20220524_CGCTATGT-TCCGACAC_R1_001.fastq.gz	39804482489
data_RNAseq/AshkenazimTrio/HG002_NA24385_son/UNC_Illumina/reads/HG002_GM26105_replicate2_mRNAseq_ILLUMINA_UNC_20220524_CGCTATGT-TCCGACAC_R2_001.fastq.gz	41544094591
data_RNAseq/AshkenazimTrio/HG002_NA24385_son/UNC_Illumina/reads/HG002_GM26105_replicate2_totalRNAseq_ILLUMINA_UNC_20220518_GACGTCTT-GGTTCACC_R1_001.fastq.gz	36122773653
data_RNAseq/AshkenazimTrio/HG002_NA24385_son/UNC_Illumina/reads/HG002_GM26105_replicate2_totalRNAseq_ILLUMINA_UNC_20220518_GACGTCTT-GGTTCACC_R2_001.fastq.gz	37517702379
data_RNAseq/AshkenazimTrio/HG002_NA24385_son/UNC_Illumina/reads/HG002_GM26105_replicate3_mRNAseq_ILLUMINA_UNC_20220524_GTATGTTC-AACAGGAA_R1_001.fastq.gz	27687651453
data_RNAseq/AshkenazimTrio/HG002_NA24385_son/UNC_Illumina/reads/HG002_GM26105_replicate3_mRNAseq_ILLUMINA_UNC_20220524_GTATGTTC-AACAGGAA_R2_001.fastq.gz	28297834139
data_RNAseq/AshkenazimTrio/HG002_NA24385_son/UNC_Illumina/reads/HG002_GM26105_replicate3_totalRNAseq_ILLUMINA_UNC_20220518_TGGCCGGT-TAGAGCGC_R1_001.fastq.gz	33555747827
data_RNAseq/AshkenazimTrio/HG002_NA24385_son/UNC_Illumina/reads/HG002_GM26105_replicate3_totalRNAseq_ILLUMINA_UNC_20220518_TGGCCGGT-TAGAGCGC_R2_001.fastq.gz	35680718017
data_RNAseq/AshkenazimTrio/HG002_NA24385_son/UNC_Illumina/reads/HG002_GM27730_replicate1_mRNAseq_ILLUMINA_UNC_20220524_CGTCTGCG-TTCACAAT_R1_001.fastq.gz	27193605119
data_RNAseq/AshkenazimTrio/HG002_NA24385_son/UNC_Illumina/reads/HG002_GM27730_replicate1_mRNAseq_ILLUMINA_UNC_20220524_CGTCTGCG-TTCACAAT_R2_001.fastq.gz	28059551374
data_RNAseq/AshkenazimTrio/HG002_NA24385_son/UNC_Illumina/reads/HG002_GM27730_replicate1_totalRNAseq_ILLUMINA_UNC_20220518_ACAGGCGC-CTCTGCCT_R1_001.fastq.gz	34774481744
data_RNAseq/AshkenazimTrio/HG002_NA24385_son/UNC_Illumina/reads/HG002_GM27730_replicate1_totalRNAseq_ILLUMINA_UNC_20220518_ACAGGCGC-CTCTGCCT_R2_001.fastq.gz	36236664414
data_RNAseq/AshkenazimTrio/HG002_NA24385_son/UNC_Illumina/reads/HG002_GM27730_replicate2_mRNAseq_ILLUMINA_UNC_20220524_CTAGCGCT-GTGTAGAC_R1_001.fastq.gz	30252332330
data_RNAseq/AshkenazimTrio/HG002_NA24385_son/UNC_Illumina/reads/HG002_GM27730_replicate2_mRNAseq_ILLUMINA_UNC_20220524_CTAGCGCT-GTGTAGAC_R2_001.fastq.gz	31327272214
data_RNAseq/AshkenazimTrio/HG002_NA24385_son/UNC_Illumina/reads/HG002_GM27730_replicate2_totalRNAseq_ILLUMINA_UNC_20220518_CATAGAGT-TGCCACCA_R1_001.fastq.gz	33792730008
data_RNAseq/AshkenazimTrio/HG002_NA24385_son/UNC_Illumina/reads/HG002_GM27730_replicate2_totalRNAseq_ILLUMINA_UNC_20220518_CATAGAGT-TGCCACCA_R2_001.fastq.gz	35179303784
data_RNAseq/AshkenazimTrio/HG002_NA24385_son/UNC_Illumina/reads/HG002_GM27730_replicate3_mRNAseq_ILLUMINA_UNC_20220524_TACTCATA-CCTGTGGC_R1_001.fastq.gz	33993717647
data_RNAseq/AshkenazimTrio/HG002_NA24385_son/UNC_Illumina/reads/HG002_GM27730_replicate3_mRNAseq_ILLUMINA_UNC_20220524_TACTCATA-CCTGTGGC_R2_001.fastq.gz	35687537294
data_RNAseq/AshkenazimTrio/HG002_NA24385_son/UNC_Illumina/reads/HG002_GM27730_replicate3_totalRNAseq_ILLUMINA_UNC_20220518_TGCGAGAC-CATTGTTG_R1_001.fastq.gz	32600888485
data_RNAseq/AshkenazimTrio/HG002_NA24385_son/UNC_Illumina/reads/HG002_GM27730_replicate3_totalRNAseq_ILLUMINA_UNC_20220518_TGCGAGAC-CATTGTTG_R2_001.fastq.gz	33758800559
data_RNAseq/AshkenazimTrio/HG002_NA24385_son/UNC_Illumina/reads/md5.in	4500
data_RNAseq/AshkenazimTrio/HG004_NA24143_mother/Baylor_PacBio/README_RNAseq_Baylor_HG004_PacBio.md	8840
data_RNAseq/AshkenazimTrio/HG004_NA24143_mother/Baylor_PacBio/reads/m64139_220124_190646.hifi_reads.bam	6076378284
data_RNAseq/AshkenazimTrio/HG004_NA24143_mother/Baylor_PacBio/reads/md5.in	70
data_RNAseq/AshkenazimTrio/HG004_NA24143_mother/Google_Illumina/Google-Illumina-lncRNA-QC-report.tar.gz	1602091
data_RNAseq/AshkenazimTrio/HG004_NA24143_mother/Google_Illumina/Google-Illumina-mRNA-QC-report.tar.gz	3876530
data_RNAseq/AshkenazimTrio/HG004_NA24143_mother/Google_Illumina/Long_noncoding_RNA/alignments/hg004_gm24143.lncrna.grch38.bam	11902087433
data_RNAseq/AshkenazimTrio/HG004_NA24143_mother/Google_Illumina/Long_noncoding_RNA/alignments/hg004_gm24143.lncrna.grch38.bam.bai	8683392
data_RNAseq/AshkenazimTrio/HG004_NA24143_mother/Google_Illumina/Long_noncoding_RNA/alignments/md5sum.in	136
data_RNAseq/AshkenazimTrio/HG004_NA24143_mother/Google_Illumina/Long_noncoding_RNA/reads/hg004_gm24143.lncrna.R1.fastq.gz	7814763193
data_RNAseq/AshkenazimTrio/HG004_NA24143_mother/Google_Illumina/Long_noncoding_RNA/reads/hg004_gm24143.lncrna.R2.fastq.gz	8241028185
data_RNAseq/AshkenazimTrio/HG004_NA24143_mother/Google_Illumina/Long_noncoding_RNA/reads/md5.in	134
data_RNAseq/AshkenazimTrio/HG004_NA24143_mother/Google_Illumina/README_RNAseq_Google_HG004-Ill.md	8876
data_RNAseq/AshkenazimTrio/HG004_NA24143_mother/Google_Illumina/mRNA/alignments/hg004_gm24143.mrna.grch38.bam	10215627002
data_RNAseq/AshkenazimTrio/HG004_NA24143_mother/Google_Illumina/mRNA/alignments/hg004_gm24143.mrna.grch38.bam.bai	6244264
data_RNAseq/AshkenazimTrio/HG004_NA24143_mother/Google_Illumina/mRNA/alignments/md5.in	132
data_RNAseq/AshkenazimTrio/HG004_NA24143_mother/Google_Illumina/mRNA/reads/hg004_gm24143.mrna.R1.fastq.gz	7382374968
data_RNAseq/AshkenazimTrio/HG004_NA24143_mother/Google_Illumina/mRNA/reads/hg004_gm24143.mrna.R2.fastq.gz	7468286605
data_RNAseq/AshkenazimTrio/HG004_NA24143_mother/Google_Illumina/mRNA/reads/md5.in	130
data_RNAseq/AshkenazimTrio/HG004_NA24143_mother/Google_PacBio/Google-PacBio-IsoSeq-QC-report.tar.gz	3872104
data_RNAseq/AshkenazimTrio/HG004_NA24143_mother/Google_PacBio/README_RNAseq_Google_HG004-PacBio.md	6978
data_RNAseq/AshkenazimTrio/HG004_NA24143_mother/Google_PacBio/reads/HG004.m64284e_220110_074143.subreads.bam	989145926014
data_RNAseq/AshkenazimTrio/HG004_NA24143_mother/Google_PacBio/reads/HG004.m64284e_220110_074143.subreads.bam_md5sum	75
data_RNAseq/AshkenazimTrio/HG004_NA24143_mother/Mason_ONT-directRNA/README_Mason_ONT_HG004_data.md	7493
data_RNAseq/AshkenazimTrio/HG004_NA24143_mother/Mason_ONT-directRNA/alignments/HG004_GM24143_directRNA_ONT_Mason_20230526.sorted.bam	5279485914
data_RNAseq/AshkenazimTrio/HG004_NA24143_mother/Mason_ONT-directRNA/alignments/HG004_GM24143_directRNA_ONT_Mason_20230526.sorted.bam.bai	2508488
data_RNAseq/AshkenazimTrio/HG004_NA24143_mother/Mason_ONT-directRNA/checksum.md5	503
data_RNAseq/AshkenazimTrio/HG004_NA24143_mother/Mason_ONT-directRNA/md5.in	503
data_RNAseq/AshkenazimTrio/HG004_NA24143_mother/Mason_ONT-directRNA/reads/HG004_GM24143_directRNA_ONT_Mason_20230526.fastq.gz	5074466661
data_RNAseq/AshkenazimTrio/HG004_NA24143_mother/Mason_ONT-directRNA/reads/HG004_GM24143_directRNA_ONT_Mason_20230526_sample_sheet.csv	194
data_RNAseq/AshkenazimTrio/HG004_NA24143_mother/Mason_ONT-directRNA/reads/HG004_GM24143_directRNA_ONT_Mason_20230526_sequencing_summary.txt.gz	460411635
data_RNAseq/AshkenazimTrio/HG004_NA24143_mother/PacBio_Pacbio-MASseq/2-FLNC/giab_na24143.hifi_reads.lima.0--0.lima.IsoSeqX_bc01_5p--IsoSeqX_3p.refined.bam	49310720867
data_RNAseq/AshkenazimTrio/HG004_NA24143_mother/PacBio_Pacbio-MASseq/2-FLNC/giab_na24143.hifi_reads.lima.0--0.lima.IsoSeqX_bc01_5p--IsoSeqX_3p.refined.bam.pbi	400739529
data_RNAseq/AshkenazimTrio/HG004_NA24143_mother/PacBio_Pacbio-MASseq/2-FLNC/giab_na24143.hifi_reads.lima.0--0.lima.IsoSeqX_bc01_5p--IsoSeqX_3p.refined.filter_summary.report.json	829
data_RNAseq/AshkenazimTrio/HG004_NA24143_mother/PacBio_Pacbio-MASseq/2-FLNC/giab_na24143.hifi_reads.lima.0--0.lima.IsoSeqX_bc01_5p--IsoSeqX_3p.refined.report.csv	3876045631
data_RNAseq/AshkenazimTrio/HG004_NA24143_mother/PacBio_Pacbio-MASseq/3-ClusterMap/giab_na24143.hifi_reads.lima.0--0.lima.IsoSeqX_bc01_5p--IsoSeqX_3p.clustered.bam	1466707181
data_RNAseq/AshkenazimTrio/HG004_NA24143_mother/PacBio_Pacbio-MASseq/3-ClusterMap/giab_na24143.hifi_reads.lima.0--0.lima.IsoSeqX_bc01_5p--IsoSeqX_3p.clustered.bam.pbi	9373219
data_RNAseq/AshkenazimTrio/HG004_NA24143_mother/PacBio_Pacbio-MASseq/3-ClusterMap/giab_na24143.hifi_reads.lima.0--0.lima.IsoSeqX_bc01_5p--IsoSeqX_3p.clustered.cluster_report.csv	2756128764
data_RNAseq/AshkenazimTrio/HG004_NA24143_mother/PacBio_Pacbio-MASseq/3-ClusterMap/giab_na24143.hifi_reads.lima.0--0.lima.IsoSeqX_bc01_5p--IsoSeqX_3p.mapped.bam	985383062
data_RNAseq/AshkenazimTrio/HG004_NA24143_mother/PacBio_Pacbio-MASseq/3-ClusterMap/giab_na24143.hifi_reads.lima.0--0.lima.IsoSeqX_bc01_5p--IsoSeqX_3p.mapped.bam.bai	2360640
data_RNAseq/AshkenazimTrio/HG004_NA24143_mother/PacBio_Pacbio-MASseq/README_NIST_PacBio-MASseq.md	21675
data_RNAseq/AshkenazimTrio/HG004_NA24143_mother/PacBio_Pacbio-MASseq/checksum.md5	917
data_RNAseq/AshkenazimTrio/HG004_NA24143_mother/UNC_Illumina/Merker_GIAB_NIST_Shared_Results_Summary_20220926.tsv	14049
data_RNAseq/AshkenazimTrio/HG004_NA24143_mother/UNC_Illumina/README_RNAseq_UNC_HG004_Ill.md	9757
data_RNAseq/AshkenazimTrio/HG004_NA24143_mother/UNC_Illumina/RNA_QC_report.pdf	4729604
data_RNAseq/AshkenazimTrio/HG004_NA24143_mother/UNC_Illumina/reads/HG004_GM24143_replicate1_mRNAseq_ILLUMINA_UNC_20220524_AACTGTAG-ACGCCGCA_R1_001.fastq.gz	27989855055
data_RNAseq/AshkenazimTrio/HG004_NA24143_mother/UNC_Illumina/reads/HG004_GM24143_replicate1_mRNAseq_ILLUMINA_UNC_20220524_AACTGTAG-ACGCCGCA_R2_001.fastq.gz	28835123196
data_RNAseq/AshkenazimTrio/HG004_NA24143_mother/UNC_Illumina/reads/HG004_GM24143_replicate1_totalRNAseq_ILLUMINA_UNC_20220518_ACACTAAG-ATCCATAT_R1_001.fastq.gz	32547187414
data_RNAseq/AshkenazimTrio/HG004_NA24143_mother/UNC_Illumina/reads/HG004_GM24143_replicate1_totalRNAseq_ILLUMINA_UNC_20220518_ACACTAAG-ATCCATAT_R2_001.fastq.gz	34452015787
data_RNAseq/AshkenazimTrio/HG004_NA24143_mother/UNC_Illumina/reads/HG004_GM24143_replicate2_mRNAseq_ILLUMINA_UNC_20220524_CTGCTTCC-GATAGATC_R1_001.fastq.gz	31843090198
data_RNAseq/AshkenazimTrio/HG004_NA24143_mother/UNC_Illumina/reads/HG004_GM24143_replicate2_mRNAseq_ILLUMINA_UNC_20220524_CTGCTTCC-GATAGATC_R2_001.fastq.gz	32263339812
data_RNAseq/AshkenazimTrio/HG004_NA24143_mother/UNC_Illumina/reads/HG004_GM24143_replicate2_totalRNAseq_ILLUMINA_UNC_20220518_GTGTCGGA-GCTTGCGC_R1_001.fastq.gz	27648335870
data_RNAseq/AshkenazimTrio/HG004_NA24143_mother/UNC_Illumina/reads/HG004_GM24143_replicate2_totalRNAseq_ILLUMINA_UNC_20220518_GTGTCGGA-GCTTGCGC_R2_001.fastq.gz	29439490045
data_RNAseq/AshkenazimTrio/HG004_NA24143_mother/UNC_Illumina/reads/HG004_GM24143_replicate3_mRNAseq_ILLUMINA_UNC_20220524_GGTCACGA-GTATTATG_R1_001.fastq.gz	28107254224
data_RNAseq/AshkenazimTrio/HG004_NA24143_mother/UNC_Illumina/reads/HG004_GM24143_replicate3_mRNAseq_ILLUMINA_UNC_20220524_GGTCACGA-GTATTATG_R2_001.fastq.gz	28799633017
data_RNAseq/AshkenazimTrio/HG004_NA24143_mother/UNC_Illumina/reads/HG004_GM24143_replicate3_totalRNAseq_ILLUMINA_UNC_20220518_TTCCTGTT-AGTATCTT_R1_001.fastq.gz	35933634617
data_RNAseq/AshkenazimTrio/HG004_NA24143_mother/UNC_Illumina/reads/HG004_GM24143_replicate3_totalRNAseq_ILLUMINA_UNC_20220518_TTCCTGTT-AGTATCTT_R2_001.fastq.gz	38063600009
data_RNAseq/AshkenazimTrio/HG004_NA24143_mother/UNC_Illumina/reads/md5.in	1500
data_RNAseq/AshkenazimTrio/analysis/PacBio_Pacbio-MASseq/4-Collapse/giab_na24143.hifi_reads.lima.0--0.lima.IsoSeqX_bc01_5p--IsoSeqX_3p.collapsed_transcripts.fasta	2252167032
data_RNAseq/AshkenazimTrio/analysis/PacBio_Pacbio-MASseq/4-Collapse/giab_na24143.hifi_reads.lima.0--0.lima.IsoSeqX_bc01_5p--IsoSeqX_3p.collapsed_transcripts.flnc_count.txt	16053582
data_RNAseq/AshkenazimTrio/analysis/PacBio_Pacbio-MASseq/4-Collapse/giab_na24143.hifi_reads.lima.0--0.lima.IsoSeqX_bc01_5p--IsoSeqX_3p.collapsed_transcripts.gff	658269751
data_RNAseq/AshkenazimTrio/analysis/PacBio_Pacbio-MASseq/4-Collapse/giab_na24143.hifi_reads.lima.0--0.lima.IsoSeqX_bc01_5p--IsoSeqX_3p.collapsed_transcripts.group.txt	38907285
data_RNAseq/AshkenazimTrio/analysis/PacBio_Pacbio-MASseq/4-Collapse/giab_na24143.hifi_reads.lima.0--0.lima.IsoSeqX_bc01_5p--IsoSeqX_3p.collapsed_transcripts.read_stat.txt	2285370712
data_RNAseq/AshkenazimTrio/analysis/PacBio_Pacbio-MASseq/4-Collapse/giab_na24143.hifi_reads.lima.0--0.lima.IsoSeqX_bc01_5p--IsoSeqX_3p.collapsed_transcripts.report.json	706
data_RNAseq/AshkenazimTrio/analysis/PacBio_Pacbio-MASseq/4-Collapse/giab_na24385.hifi_reads.lima.0--0.lima.IsoSeqX_bc02_5p--IsoSeqX_3p.collapsed_transcripts.fasta	4260915845
data_RNAseq/AshkenazimTrio/analysis/PacBio_Pacbio-MASseq/4-Collapse/giab_na24385.hifi_reads.lima.0--0.lima.IsoSeqX_bc02_5p--IsoSeqX_3p.collapsed_transcripts.flnc_count.txt	39483447
data_RNAseq/AshkenazimTrio/analysis/PacBio_Pacbio-MASseq/4-Collapse/giab_na24385.hifi_reads.lima.0--0.lima.IsoSeqX_bc02_5p--IsoSeqX_3p.collapsed_transcripts.gff	965352463
data_RNAseq/AshkenazimTrio/analysis/PacBio_Pacbio-MASseq/4-Collapse/giab_na24385.hifi_reads.lima.0--0.lima.IsoSeqX_bc02_5p--IsoSeqX_3p.collapsed_transcripts.group.txt	89804641
data_RNAseq/AshkenazimTrio/analysis/PacBio_Pacbio-MASseq/4-Collapse/giab_na24385.hifi_reads.lima.0--0.lima.IsoSeqX_bc02_5p--IsoSeqX_3p.collapsed_transcripts.read_stat.txt	2381277126
data_RNAseq/AshkenazimTrio/analysis/PacBio_Pacbio-MASseq/4-Collapse/giab_na24385.hifi_reads.lima.0--0.lima.IsoSeqX_bc02_5p--IsoSeqX_3p.collapsed_transcripts.report.json	706
data_RNAseq/AshkenazimTrio/analysis/PacBio_Pacbio-MASseq/4-Collapse/giab_na26105.hifi_reads.lima.0--0.lima.IsoSeqX_bc04_5p--IsoSeqX_3p.collapsed_transcripts.fasta	2413875734
data_RNAseq/AshkenazimTrio/analysis/PacBio_Pacbio-MASseq/4-Collapse/giab_na26105.hifi_reads.lima.0--0.lima.IsoSeqX_bc04_5p--IsoSeqX_3p.collapsed_transcripts.flnc_count.txt	16558524
data_RNAseq/AshkenazimTrio/analysis/PacBio_Pacbio-MASseq/4-Collapse/giab_na26105.hifi_reads.lima.0--0.lima.IsoSeqX_bc04_5p--IsoSeqX_3p.collapsed_transcripts.gff	699443705
data_RNAseq/AshkenazimTrio/analysis/PacBio_Pacbio-MASseq/4-Collapse/giab_na26105.hifi_reads.lima.0--0.lima.IsoSeqX_bc04_5p--IsoSeqX_3p.collapsed_transcripts.group.txt	39825941
data_RNAseq/AshkenazimTrio/analysis/PacBio_Pacbio-MASseq/4-Collapse/giab_na26105.hifi_reads.lima.0--0.lima.IsoSeqX_bc04_5p--IsoSeqX_3p.collapsed_transcripts.read_stat.txt	2281509411
data_RNAseq/AshkenazimTrio/analysis/PacBio_Pacbio-MASseq/4-Collapse/giab_na26105.hifi_reads.lima.0--0.lima.IsoSeqX_bc04_5p--IsoSeqX_3p.collapsed_transcripts.report.json	706
data_RNAseq/AshkenazimTrio/analysis/PacBio_Pacbio-MASseq/4-Collapse/giab_na27730.hifi_reads.lima.0--0.lima.IsoSeqX_bc05_5p--IsoSeqX_3p.collapsed_transcripts.fasta	2312463678
data_RNAseq/AshkenazimTrio/analysis/PacBio_Pacbio-MASseq/4-Collapse/giab_na27730.hifi_reads.lima.0--0.lima.IsoSeqX_bc05_5p--IsoSeqX_3p.collapsed_transcripts.flnc_count.txt	15355137
data_RNAseq/AshkenazimTrio/analysis/PacBio_Pacbio-MASseq/4-Collapse/giab_na27730.hifi_reads.lima.0--0.lima.IsoSeqX_bc05_5p--IsoSeqX_3p.collapsed_transcripts.gff	667252409
data_RNAseq/AshkenazimTrio/analysis/PacBio_Pacbio-MASseq/4-Collapse/giab_na27730.hifi_reads.lima.0--0.lima.IsoSeqX_bc05_5p--IsoSeqX_3p.collapsed_transcripts.group.txt	37817630
data_RNAseq/AshkenazimTrio/analysis/PacBio_Pacbio-MASseq/4-Collapse/giab_na27730.hifi_reads.lima.0--0.lima.IsoSeqX_bc05_5p--IsoSeqX_3p.collapsed_transcripts.read_stat.txt	2113831801
data_RNAseq/AshkenazimTrio/analysis/PacBio_Pacbio-MASseq/4-Collapse/giab_na27730.hifi_reads.lima.0--0.lima.IsoSeqX_bc05_5p--IsoSeqX_3p.collapsed_transcripts.report.json	706
data_RNAseq/AshkenazimTrio/analysis/PacBio_Pacbio-MASseq/5-Pigeon/giab_na24143.hifi_reads.lima.0--0.lima.IsoSeqX_bc01_5p--IsoSeqX_3p.collapsed_transcripts.report.json	4449
data_RNAseq/AshkenazimTrio/analysis/PacBio_Pacbio-MASseq/5-Pigeon/giab_na24143.hifi_reads.lima.0--0.lima.IsoSeqX_bc01_5p--IsoSeqX_3p.collapsed_transcripts.sorted.filtered_lite.gff	435326629
data_RNAseq/AshkenazimTrio/analysis/PacBio_Pacbio-MASseq/5-Pigeon/giab_na24143.hifi_reads.lima.0--0.lima.IsoSeqX_bc01_5p--IsoSeqX_3p.collapsed_transcripts.summary.txt	1310
data_RNAseq/AshkenazimTrio/analysis/PacBio_Pacbio-MASseq/5-Pigeon/giab_na24143.hifi_reads.lima.0--0.lima.IsoSeqX_bc01_5p--IsoSeqX_3p.collapsed_transcripts_classification.filtered.report.json	4447
data_RNAseq/AshkenazimTrio/analysis/PacBio_Pacbio-MASseq/5-Pigeon/giab_na24143.hifi_reads.lima.0--0.lima.IsoSeqX_bc01_5p--IsoSeqX_3p.collapsed_transcripts_classification.filtered.summary.txt	1391
data_RNAseq/AshkenazimTrio/analysis/PacBio_Pacbio-MASseq/5-Pigeon/giab_na24143.hifi_reads.lima.0--0.lima.IsoSeqX_bc01_5p--IsoSeqX_3p.collapsed_transcripts_classification.filtered_lite_classification.txt	143205167
data_RNAseq/AshkenazimTrio/analysis/PacBio_Pacbio-MASseq/5-Pigeon/giab_na24143.hifi_reads.lima.0--0.lima.IsoSeqX_bc01_5p--IsoSeqX_3p.collapsed_transcripts_classification.filtered_lite_junctions.txt	449446842
data_RNAseq/AshkenazimTrio/analysis/PacBio_Pacbio-MASseq/5-Pigeon/giab_na24143.hifi_reads.lima.0--0.lima.IsoSeqX_bc01_5p--IsoSeqX_3p.collapsed_transcripts_classification.txt	310154193
data_RNAseq/AshkenazimTrio/analysis/PacBio_Pacbio-MASseq/5-Pigeon/giab_na24143.hifi_reads.lima.0--0.lima.IsoSeqX_bc01_5p--IsoSeqX_3p.collapsed_transcripts_junctions.txt	587608073
data_RNAseq/AshkenazimTrio/analysis/PacBio_Pacbio-MASseq/5-Pigeon/giab_na24385.hifi_reads.lima.0--0.lima.IsoSeqX_bc02_5p--IsoSeqX_3p.collapsed_transcripts.report.json	4451
data_RNAseq/AshkenazimTrio/analysis/PacBio_Pacbio-MASseq/5-Pigeon/giab_na24385.hifi_reads.lima.0--0.lima.IsoSeqX_bc02_5p--IsoSeqX_3p.collapsed_transcripts.sorted.filtered_lite.gff	426731895
data_RNAseq/AshkenazimTrio/analysis/PacBio_Pacbio-MASseq/5-Pigeon/giab_na24385.hifi_reads.lima.0--0.lima.IsoSeqX_bc02_5p--IsoSeqX_3p.collapsed_transcripts.summary.txt	1315
data_RNAseq/AshkenazimTrio/analysis/PacBio_Pacbio-MASseq/5-Pigeon/giab_na24385.hifi_reads.lima.0--0.lima.IsoSeqX_bc02_5p--IsoSeqX_3p.collapsed_transcripts_classification.filtered.report.json	4446
data_RNAseq/AshkenazimTrio/analysis/PacBio_Pacbio-MASseq/5-Pigeon/giab_na24385.hifi_reads.lima.0--0.lima.IsoSeqX_bc02_5p--IsoSeqX_3p.collapsed_transcripts_classification.filtered.summary.txt	1394
data_RNAseq/AshkenazimTrio/analysis/PacBio_Pacbio-MASseq/5-Pigeon/giab_na24385.hifi_reads.lima.0--0.lima.IsoSeqX_bc02_5p--IsoSeqX_3p.collapsed_transcripts_classification.filtered_lite_classification.txt	173099276
data_RNAseq/AshkenazimTrio/analysis/PacBio_Pacbio-MASseq/5-Pigeon/giab_na24385.hifi_reads.lima.0--0.lima.IsoSeqX_bc02_5p--IsoSeqX_3p.collapsed_transcripts_classification.filtered_lite_junctions.txt	411214161
data_RNAseq/AshkenazimTrio/analysis/PacBio_Pacbio-MASseq/5-Pigeon/giab_na24385.hifi_reads.lima.0--0.lima.IsoSeqX_bc02_5p--IsoSeqX_3p.collapsed_transcripts_classification.txt	717094091
data_RNAseq/AshkenazimTrio/analysis/PacBio_Pacbio-MASseq/5-Pigeon/giab_na24385.hifi_reads.lima.0--0.lima.IsoSeqX_bc02_5p--IsoSeqX_3p.collapsed_transcripts_junctions.txt	604354068
data_RNAseq/AshkenazimTrio/analysis/PacBio_Pacbio-MASseq/5-Pigeon/giab_na26105.hifi_reads.lima.0--0.lima.IsoSeqX_bc04_5p--IsoSeqX_3p.collapsed_transcripts.report.json	4449
data_RNAseq/AshkenazimTrio/analysis/PacBio_Pacbio-MASseq/5-Pigeon/giab_na26105.hifi_reads.lima.0--0.lima.IsoSeqX_bc04_5p--IsoSeqX_3p.collapsed_transcripts.sorted.filtered_lite.gff	462198015
data_RNAseq/AshkenazimTrio/analysis/PacBio_Pacbio-MASseq/5-Pigeon/giab_na26105.hifi_reads.lima.0--0.lima.IsoSeqX_bc04_5p--IsoSeqX_3p.collapsed_transcripts.summary.txt	1308
data_RNAseq/AshkenazimTrio/analysis/PacBio_Pacbio-MASseq/5-Pigeon/giab_na26105.hifi_reads.lima.0--0.lima.IsoSeqX_bc04_5p--IsoSeqX_3p.collapsed_transcripts_classification.filtered.report.json	4447
data_RNAseq/AshkenazimTrio/analysis/PacBio_Pacbio-MASseq/5-Pigeon/giab_na26105.hifi_reads.lima.0--0.lima.IsoSeqX_bc04_5p--IsoSeqX_3p.collapsed_transcripts_classification.filtered.summary.txt	1392
data_RNAseq/AshkenazimTrio/analysis/PacBio_Pacbio-MASseq/5-Pigeon/giab_na26105.hifi_reads.lima.0--0.lima.IsoSeqX_bc04_5p--IsoSeqX_3p.collapsed_transcripts_classification.filtered_lite_classification.txt	151053160
data_RNAseq/AshkenazimTrio/analysis/PacBio_Pacbio-MASseq/5-Pigeon/giab_na26105.hifi_reads.lima.0--0.lima.IsoSeqX_bc04_5p--IsoSeqX_3p.collapsed_transcripts_classification.filtered_lite_junctions.txt	478303437
data_RNAseq/AshkenazimTrio/analysis/PacBio_Pacbio-MASseq/5-Pigeon/giab_na26105.hifi_reads.lima.0--0.lima.IsoSeqX_bc04_5p--IsoSeqX_3p.collapsed_transcripts_classification.txt	323086502
data_RNAseq/AshkenazimTrio/analysis/PacBio_Pacbio-MASseq/5-Pigeon/giab_na26105.hifi_reads.lima.0--0.lima.IsoSeqX_bc04_5p--IsoSeqX_3p.collapsed_transcripts_junctions.txt	632907132
data_RNAseq/AshkenazimTrio/analysis/PacBio_Pacbio-MASseq/5-Pigeon/giab_na27730.hifi_reads.lima.0--0.lima.IsoSeqX_bc05_5p--IsoSeqX_3p.collapsed_transcripts.report.json	4449
data_RNAseq/AshkenazimTrio/analysis/PacBio_Pacbio-MASseq/5-Pigeon/giab_na27730.hifi_reads.lima.0--0.lima.IsoSeqX_bc05_5p--IsoSeqX_3p.collapsed_transcripts.sorted.filtered_lite.gff	441771959
data_RNAseq/AshkenazimTrio/analysis/PacBio_Pacbio-MASseq/5-Pigeon/giab_na27730.hifi_reads.lima.0--0.lima.IsoSeqX_bc05_5p--IsoSeqX_3p.collapsed_transcripts.summary.txt	1308
data_RNAseq/AshkenazimTrio/analysis/PacBio_Pacbio-MASseq/5-Pigeon/giab_na27730.hifi_reads.lima.0--0.lima.IsoSeqX_bc05_5p--IsoSeqX_3p.collapsed_transcripts_classification.filtered.report.json	4447
data_RNAseq/AshkenazimTrio/analysis/PacBio_Pacbio-MASseq/5-Pigeon/giab_na27730.hifi_reads.lima.0--0.lima.IsoSeqX_bc05_5p--IsoSeqX_3p.collapsed_transcripts_classification.filtered.summary.txt	1392
data_RNAseq/AshkenazimTrio/analysis/PacBio_Pacbio-MASseq/5-Pigeon/giab_na27730.hifi_reads.lima.0--0.lima.IsoSeqX_bc05_5p--IsoSeqX_3p.collapsed_transcripts_classification.filtered_lite_classification.txt	141021744
data_RNAseq/AshkenazimTrio/analysis/PacBio_Pacbio-MASseq/5-Pigeon/giab_na27730.hifi_reads.lima.0--0.lima.IsoSeqX_bc05_5p--IsoSeqX_3p.collapsed_transcripts_classification.filtered_lite_junctions.txt	460113302
data_RNAseq/AshkenazimTrio/analysis/PacBio_Pacbio-MASseq/5-Pigeon/giab_na27730.hifi_reads.lima.0--0.lima.IsoSeqX_bc05_5p--IsoSeqX_3p.collapsed_transcripts_classification.txt	300135281
data_RNAseq/AshkenazimTrio/analysis/PacBio_Pacbio-MASseq/5-Pigeon/giab_na27730.hifi_reads.lima.0--0.lima.IsoSeqX_bc05_5p--IsoSeqX_3p.collapsed_transcripts_junctions.txt	611003183
data_RNAseq/AshkenazimTrio/analysis/PacBio_Pacbio-MASseq/README_NIST_PacBio-MASseq.md	21675
data_RNAseq/AshkenazimTrio/analysis/PacBio_Pacbio-MASseq/checksum.md5	9192
data_RNAseq/ChineseTrio/HG005_NA24631_son/Baylor_PacBio/README_RNAseq_Baylor_HG005_PacBio.md	8838
data_RNAseq/ChineseTrio/HG005_NA24631_son/Baylor_PacBio/reads/m64139_220129_000012.hifi_reads.bam	7673556514
data_RNAseq/ChineseTrio/HG005_NA24631_son/Baylor_PacBio/reads/md5.in	70
data_RNAseq/ChineseTrio/HG005_NA24631_son/Google_Illumina/Google-Illumina-lncRNA-QC-report.tar.gz	1602091
data_RNAseq/ChineseTrio/HG005_NA24631_son/Google_Illumina/Google-Illumina-mRNA-QC-report.tar.gz	3876530
data_RNAseq/ChineseTrio/HG005_NA24631_son/Google_Illumina/Long_noncoding_RNA/alignments/hg005_gm24631.lncrna.grch38.bam	13542047057
data_RNAseq/ChineseTrio/HG005_NA24631_son/Google_Illumina/Long_noncoding_RNA/alignments/hg005_gm24631.lncrna.grch38.bam.bai	7693032
data_RNAseq/ChineseTrio/HG005_NA24631_son/Google_Illumina/Long_noncoding_RNA/alignments/md5.in	136
data_RNAseq/ChineseTrio/HG005_NA24631_son/Google_Illumina/Long_noncoding_RNA/reads/hg005_gm24631.lncrna.R1.fastq.gz	9336070462
data_RNAseq/ChineseTrio/HG005_NA24631_son/Google_Illumina/Long_noncoding_RNA/reads/hg005_gm24631.lncrna.R2.fastq.gz	10080337292
data_RNAseq/ChineseTrio/HG005_NA24631_son/Google_Illumina/Long_noncoding_RNA/reads/md5.in	134
data_RNAseq/ChineseTrio/HG005_NA24631_son/Google_Illumina/README_RNAseq_Google_HG005-Ill.md	8895
data_RNAseq/ChineseTrio/HG005_NA24631_son/Google_Illumina/mRNA/alignments/hg005_gm24631.mrna.grch38.bam	9481508406
data_RNAseq/ChineseTrio/HG005_NA24631_son/Google_Illumina/mRNA/alignments/hg005_gm24631.mrna.grch38.bam.bai	5580184
data_RNAseq/ChineseTrio/HG005_NA24631_son/Google_Illumina/mRNA/alignments/md5.in	132
data_RNAseq/ChineseTrio/HG005_NA24631_son/Google_Illumina/mRNA/reads/hg005_gm24631.mrna.R1.fastq.gz	7190543162
data_RNAseq/ChineseTrio/HG005_NA24631_son/Google_Illumina/mRNA/reads/hg005_gm24631.mrna.R2.fastq.gz	7234930638
data_RNAseq/ChineseTrio/HG005_NA24631_son/Google_Illumina/mRNA/reads/md5.in	130
data_RNAseq/ChineseTrio/HG005_NA24631_son/Google_PacBio/Google-PacBio-IsoSeq-QC-report.tar.gz	3872104
data_RNAseq/ChineseTrio/HG005_NA24631_son/Google_PacBio/README_RNAseq_Google_HG005-PacBio.md	6944
data_RNAseq/ChineseTrio/HG005_NA24631_son/Google_PacBio/reads/HG005.m64168e_220110_021232.subreads.bam	939580849116
data_RNAseq/ChineseTrio/HG005_NA24631_son/Google_PacBio/reads/HG005.m64168e_220110_021232.subreads.bam_md5sum	75
data_RNAseq/ChineseTrio/HG005_NA24631_son/Mason_ONT-directRNA/README_Mason_ONT_HG005_data.md	7487
data_RNAseq/ChineseTrio/HG005_NA24631_son/Mason_ONT-directRNA/alignments/HG005_GM24631_directRNA_ONT_Mason_20230526.sorted.bam	1373911727
data_RNAseq/ChineseTrio/HG005_NA24631_son/Mason_ONT-directRNA/alignments/HG005_GM24631_directRNA_ONT_Mason_20230526.sorted.bam.bai	1902088
data_RNAseq/ChineseTrio/HG005_NA24631_son/Mason_ONT-directRNA/checksum.md5	503
data_RNAseq/ChineseTrio/HG005_NA24631_son/Mason_ONT-directRNA/md5.in	503
data_RNAseq/ChineseTrio/HG005_NA24631_son/Mason_ONT-directRNA/reads/HG005_GM24631_directRNA_ONT_Mason_20230526.fastq.gz	1302394045
data_RNAseq/ChineseTrio/HG005_NA24631_son/Mason_ONT-directRNA/reads/HG005_GM24631_directRNA_ONT_Mason_20230526_sample_sheet.csv	194
data_RNAseq/ChineseTrio/HG005_NA24631_son/Mason_ONT-directRNA/reads/HG005_GM24631_directRNA_ONT_Mason_20230526_sequencing_summary.txt.gz	151082570
data_RNAseq/ChineseTrio/HG005_NA24631_son/PacBio_Pacbio-MASseq/2-FLNC/giab_na24631.hifi_reads.lima.0--0.lima.IsoSeqX_bc03_5p--IsoSeqX_3p.refined.bam	52066328795
data_RNAseq/ChineseTrio/HG005_NA24631_son/PacBio_Pacbio-MASseq/2-FLNC/giab_na24631.hifi_reads.lima.0--0.lima.IsoSeqX_bc03_5p--IsoSeqX_3p.refined.bam.pbi	392650340
data_RNAseq/ChineseTrio/HG005_NA24631_son/PacBio_Pacbio-MASseq/2-FLNC/giab_na24631.hifi_reads.lima.0--0.lima.IsoSeqX_bc03_5p--IsoSeqX_3p.refined.filter_summary.report.json	829
data_RNAseq/ChineseTrio/HG005_NA24631_son/PacBio_Pacbio-MASseq/2-FLNC/giab_na24631.hifi_reads.lima.0--0.lima.IsoSeqX_bc03_5p--IsoSeqX_3p.refined.report.csv	3786265251
data_RNAseq/ChineseTrio/HG005_NA24631_son/PacBio_Pacbio-MASseq/3-ClusterMap/giab_na24631.hifi_reads.lima.0--0.lima.IsoSeqX_bc03_5p--IsoSeqX_3p.clustered.bam	1554018081
data_RNAseq/ChineseTrio/HG005_NA24631_son/PacBio_Pacbio-MASseq/3-ClusterMap/giab_na24631.hifi_reads.lima.0--0.lima.IsoSeqX_bc03_5p--IsoSeqX_3p.clustered.bam.pbi	9858996
data_RNAseq/ChineseTrio/HG005_NA24631_son/PacBio_Pacbio-MASseq/3-ClusterMap/giab_na24631.hifi_reads.lima.0--0.lima.IsoSeqX_bc03_5p--IsoSeqX_3p.clustered.cluster_report.csv	2695991730
data_RNAseq/ChineseTrio/HG005_NA24631_son/PacBio_Pacbio-MASseq/3-ClusterMap/giab_na24631.hifi_reads.lima.0--0.lima.IsoSeqX_bc03_5p--IsoSeqX_3p.mapped.bam	1044117621
data_RNAseq/ChineseTrio/HG005_NA24631_son/PacBio_Pacbio-MASseq/3-ClusterMap/giab_na24631.hifi_reads.lima.0--0.lima.IsoSeqX_bc03_5p--IsoSeqX_3p.mapped.bam.bai	2378384
data_RNAseq/ChineseTrio/HG005_NA24631_son/PacBio_Pacbio-MASseq/README_NIST_PacBio-MASseq.md	21675
data_RNAseq/ChineseTrio/HG005_NA24631_son/PacBio_Pacbio-MASseq/checksum.md5	917
data_RNAseq/ChineseTrio/HG005_NA24631_son/UNC_Illumina/Merker_GIAB_NIST_Shared_Results_Summary_20220926.tsv	14049
data_RNAseq/ChineseTrio/HG005_NA24631_son/UNC_Illumina/README_RNAseq_UNC_HG005_Ill.md	9751
data_RNAseq/ChineseTrio/HG005_NA24631_son/UNC_Illumina/RNA_QC_report.pdf	4729604
data_RNAseq/ChineseTrio/HG005_NA24631_son/UNC_Illumina/reads/HG005_GM24631_replicate1_mRNAseq_ILLUMINA_UNC_20220524_CTCACCAA-CTAGGCAA_R1_001.fastq.gz	34791687359
data_RNAseq/ChineseTrio/HG005_NA24631_son/UNC_Illumina/reads/HG005_GM24631_replicate1_mRNAseq_ILLUMINA_UNC_20220524_CTCACCAA-CTAGGCAA_R2_001.fastq.gz	36605208136
data_RNAseq/ChineseTrio/HG005_NA24631_son/UNC_Illumina/reads/HG005_GM24631_replicate1_totalRNAseq_ILLUMINA_UNC_20220518_ACTCGTGT-ATTGGAAC_R1_001.fastq.gz	36336983475
data_RNAseq/ChineseTrio/HG005_NA24631_son/UNC_Illumina/reads/HG005_GM24631_replicate1_totalRNAseq_ILLUMINA_UNC_20220518_ACTCGTGT-ATTGGAAC_R2_001.fastq.gz	38012883807
data_RNAseq/ChineseTrio/HG005_NA24631_son/UNC_Illumina/reads/HG005_GM24631_replicate2_mRNAseq_ILLUMINA_UNC_20220524_TATCGCAC-CTTAGTGT_R1_001.fastq.gz	31917680996
data_RNAseq/ChineseTrio/HG005_NA24631_son/UNC_Illumina/reads/HG005_GM24631_replicate2_mRNAseq_ILLUMINA_UNC_20220524_TATCGCAC-CTTAGTGT_R2_001.fastq.gz	33079547309
data_RNAseq/ChineseTrio/HG005_NA24631_son/UNC_Illumina/reads/HG005_GM24631_replicate2_totalRNAseq_ILLUMINA_UNC_20220518_CAATTAAC-CGAGATAT_R1_001.fastq.gz	28300564543
data_RNAseq/ChineseTrio/HG005_NA24631_son/UNC_Illumina/reads/HG005_GM24631_replicate2_totalRNAseq_ILLUMINA_UNC_20220518_CAATTAAC-CGAGATAT_R2_001.fastq.gz	29477480919
data_RNAseq/ChineseTrio/HG005_NA24631_son/UNC_Illumina/reads/HG005_GM24631_replicate3_mRNAseq_ILLUMINA_UNC_20220524_TCTGTTGG-TCGAATGG_R1_001.fastq.gz	35147762135
data_RNAseq/ChineseTrio/HG005_NA24631_son/UNC_Illumina/reads/HG005_GM24631_replicate3_mRNAseq_ILLUMINA_UNC_20220524_TCTGTTGG-TCGAATGG_R2_001.fastq.gz	35485532457
data_RNAseq/ChineseTrio/HG005_NA24631_son/UNC_Illumina/reads/HG005_GM24631_replicate3_totalRNAseq_ILLUMINA_UNC_20220518_GTCTACAC-GCCAAGGT_R1_001.fastq.gz	30702350726
data_RNAseq/ChineseTrio/HG005_NA24631_son/UNC_Illumina/reads/HG005_GM24631_replicate3_totalRNAseq_ILLUMINA_UNC_20220518_GTCTACAC-GCCAAGGT_R2_001.fastq.gz	32228918318
data_RNAseq/ChineseTrio/HG005_NA24631_son/UNC_Illumina/reads/md5.in	1500
data_RNAseq/ChineseTrio/analysis/PacBio_Pacbio-MASseq/4-Collapse/giab_na24631.hifi_reads.lima.0--0.lima.IsoSeqX_bc03_5p--IsoSeqX_3p.collapsed_transcripts.fasta	2542792391
data_RNAseq/ChineseTrio/analysis/PacBio_Pacbio-MASseq/4-Collapse/giab_na24631.hifi_reads.lima.0--0.lima.IsoSeqX_bc03_5p--IsoSeqX_3p.collapsed_transcripts.flnc_count.txt	17281758
data_RNAseq/ChineseTrio/analysis/PacBio_Pacbio-MASseq/4-Collapse/giab_na24631.hifi_reads.lima.0--0.lima.IsoSeqX_bc03_5p--IsoSeqX_3p.collapsed_transcripts.gff	703303882
data_RNAseq/ChineseTrio/analysis/PacBio_Pacbio-MASseq/4-Collapse/giab_na24631.hifi_reads.lima.0--0.lima.IsoSeqX_bc03_5p--IsoSeqX_3p.collapsed_transcripts.group.txt	40892877
data_RNAseq/ChineseTrio/analysis/PacBio_Pacbio-MASseq/4-Collapse/giab_na24631.hifi_reads.lima.0--0.lima.IsoSeqX_bc03_5p--IsoSeqX_3p.collapsed_transcripts.read_stat.txt	2116334997
data_RNAseq/ChineseTrio/analysis/PacBio_Pacbio-MASseq/4-Collapse/giab_na24631.hifi_reads.lima.0--0.lima.IsoSeqX_bc03_5p--IsoSeqX_3p.collapsed_transcripts.report.json	706
data_RNAseq/ChineseTrio/analysis/PacBio_Pacbio-MASseq/5-Pigeon/giab_na24631.hifi_reads.lima.0--0.lima.IsoSeqX_bc03_5p--IsoSeqX_3p.collapsed_transcripts.report.json	4449
data_RNAseq/ChineseTrio/analysis/PacBio_Pacbio-MASseq/5-Pigeon/giab_na24631.hifi_reads.lima.0--0.lima.IsoSeqX_bc03_5p--IsoSeqX_3p.collapsed_transcripts.sorted.filtered_lite.gff	452530118
data_RNAseq/ChineseTrio/analysis/PacBio_Pacbio-MASseq/5-Pigeon/giab_na24631.hifi_reads.lima.0--0.lima.IsoSeqX_bc03_5p--IsoSeqX_3p.collapsed_transcripts.summary.txt	1311
data_RNAseq/ChineseTrio/analysis/PacBio_Pacbio-MASseq/5-Pigeon/giab_na24631.hifi_reads.lima.0--0.lima.IsoSeqX_bc03_5p--IsoSeqX_3p.collapsed_transcripts_classification.filtered.report.json	4446
data_RNAseq/ChineseTrio/analysis/PacBio_Pacbio-MASseq/5-Pigeon/giab_na24631.hifi_reads.lima.0--0.lima.IsoSeqX_bc03_5p--IsoSeqX_3p.collapsed_transcripts_classification.filtered.summary.txt	1390
data_RNAseq/ChineseTrio/analysis/PacBio_Pacbio-MASseq/5-Pigeon/giab_na24631.hifi_reads.lima.0--0.lima.IsoSeqX_bc03_5p--IsoSeqX_3p.collapsed_transcripts_classification.filtered_lite_classification.txt	146013895
data_RNAseq/ChineseTrio/analysis/PacBio_Pacbio-MASseq/5-Pigeon/giab_na24631.hifi_reads.lima.0--0.lima.IsoSeqX_bc03_5p--IsoSeqX_3p.collapsed_transcripts_classification.filtered_lite_junctions.txt	469800839
data_RNAseq/ChineseTrio/analysis/PacBio_Pacbio-MASseq/5-Pigeon/giab_na24631.hifi_reads.lima.0--0.lima.IsoSeqX_bc03_5p--IsoSeqX_3p.collapsed_transcripts_classification.txt	333312688
data_RNAseq/ChineseTrio/analysis/PacBio_Pacbio-MASseq/5-Pigeon/giab_na24631.hifi_reads.lima.0--0.lima.IsoSeqX_bc03_5p--IsoSeqX_3p.collapsed_transcripts_junctions.txt	626530815
data_RNAseq/ChineseTrio/analysis/PacBio_Pacbio-MASseq/README_NIST_PacBio-MASseq.md	21675
data_RNAseq/ChineseTrio/analysis/PacBio_Pacbio-MASseq/checksum.md5	2298
