data/ChineseTrio/HG005_NA24631_son/MtSinai_PacBio/HG005.README	2069
data/ChineseTrio/HG005_NA24631_son/MtSinai_PacBio/PacBio_fasta/MD5.txt	3358
data/ChineseTrio/HG005_NA24631_son/MtSinai_PacBio/PacBio_fasta/README.txt	3048
data/ChineseTrio/HG005_NA24631_son/MtSinai_PacBio/PacBio_fasta/m54015_171028_024134.subreads.fasta.gz	1124561443
data/ChineseTrio/HG005_NA24631_son/MtSinai_PacBio/PacBio_fasta/m54015_171028_124452.subreads.fasta.gz	1404107008
data/ChineseTrio/HG005_NA24631_son/MtSinai_PacBio/PacBio_fasta/m54015_171028_225633.subreads.fasta.gz	1156409082
data/ChineseTrio/HG005_NA24631_son/MtSinai_PacBio/PacBio_fasta/m54015_171029_090401.subreads.fasta.gz	896462133
data/ChineseTrio/HG005_NA24631_son/MtSinai_PacBio/PacBio_fasta/m54015_171029_191526.subreads.fasta.gz	871530322
data/ChineseTrio/HG005_NA24631_son/MtSinai_PacBio/PacBio_fasta/m54015_171111_220010.subreads.fasta.gz	1591441442
data/ChineseTrio/HG005_NA24631_son/MtSinai_PacBio/PacBio_fasta/m54015_171112_081009.subreads.fasta.gz	1537555674
data/ChineseTrio/HG005_NA24631_son/MtSinai_PacBio/PacBio_fasta/m54015_171112_181922.subreads.fasta.gz	909792302
data/ChineseTrio/HG005_NA24631_son/MtSinai_PacBio/PacBio_fasta/m54015_171113_042859.subreads.fasta.gz	904218321
data/ChineseTrio/HG005_NA24631_son/MtSinai_PacBio/PacBio_fasta/m54015_171222_004930.subreads.fasta.gz	1818582395
data/ChineseTrio/HG005_NA24631_son/MtSinai_PacBio/PacBio_fasta/m54015_171222_105618.subreads.fasta.gz	1411097449
data/ChineseTrio/HG005_NA24631_son/MtSinai_PacBio/PacBio_fasta/m54015_171222_210605.subreads.fasta.gz	840167629
data/ChineseTrio/HG005_NA24631_son/MtSinai_PacBio/PacBio_fasta/m54015_171223_071608.subreads.fasta.gz	1673425808
data/ChineseTrio/HG005_NA24631_son/MtSinai_PacBio/PacBio_fasta/m54015_171227_113709.subreads.fasta.gz	1837101624
data/ChineseTrio/HG005_NA24631_son/MtSinai_PacBio/PacBio_fasta/m54015_171229_224813.subreads.fasta.gz	1620249690
data/ChineseTrio/HG005_NA24631_son/MtSinai_PacBio/PacBio_fasta/m54015_180106_032201.subreads.fasta.gz	1680551972
data/ChineseTrio/HG005_NA24631_son/MtSinai_PacBio/PacBio_fasta/m54015_180106_132909.subreads.fasta.gz	1774089790
data/ChineseTrio/HG005_NA24631_son/MtSinai_PacBio/PacBio_fasta/m54015_180106_233853.subreads.fasta.gz	1401136376
data/ChineseTrio/HG005_NA24631_son/MtSinai_PacBio/PacBio_fasta/m54016_171101_000840.subreads.fasta.gz	1197772938
data/ChineseTrio/HG005_NA24631_son/MtSinai_PacBio/PacBio_fasta/m54016_171101_101302.subreads.fasta.gz	1847989248
data/ChineseTrio/HG005_NA24631_son/MtSinai_PacBio/PacBio_fasta/m54016_171101_202423.subreads.fasta.gz	1121659014
data/ChineseTrio/HG005_NA24631_son/MtSinai_PacBio/PacBio_fasta/m54016_171102_063154.subreads.fasta.gz	1635340450
data/ChineseTrio/HG005_NA24631_son/MtSinai_PacBio/PacBio_fasta/m54016_171122_124350.subreads.fasta.gz	772249111
data/ChineseTrio/HG005_NA24631_son/MtSinai_PacBio/PacBio_fasta/m54016_171123_091238.subreads.fasta.gz	1060696365
data/ChineseTrio/HG005_NA24631_son/MtSinai_PacBio/PacBio_fasta/m54016_171123_192157.subreads.fasta.gz	711247148
data/ChineseTrio/HG005_NA24631_son/MtSinai_PacBio/PacBio_fasta/m54016_171124_053133.subreads.fasta.gz	524635639
data/ChineseTrio/HG005_NA24631_son/MtSinai_PacBio/PacBio_fasta/m54016_171213_113525.subreads.fasta.gz	1194748086
data/ChineseTrio/HG005_NA24631_son/MtSinai_PacBio/PacBio_fasta/m54016_171213_214456.subreads.fasta.gz	1293030605
data/ChineseTrio/HG005_NA24631_son/MtSinai_PacBio/PacBio_fasta/m54016_171214_075421.subreads.fasta.gz	1379153544
data/ChineseTrio/HG005_NA24631_son/MtSinai_PacBio/PacBio_fasta/m54016_171216_022308.subreads.fasta.gz	2016847207
data/ChineseTrio/HG005_NA24631_son/MtSinai_PacBio/PacBio_fasta/m54016_171216_122926.subreads.fasta.gz	2037978106
data/ChineseTrio/HG005_NA24631_son/MtSinai_PacBio/PacBio_fasta/m54016_171216_223846.subreads.fasta.gz	1887605812
data/ChineseTrio/HG005_NA24631_son/MtSinai_PacBio/PacBio_fasta/m54016_171217_084820.subreads.fasta.gz	1698310689
data/ChineseTrio/HG005_NA24631_son/MtSinai_PacBio/PacBio_fasta/m54016_171217_185748.subreads.fasta.gz	1324651986
data/ChineseTrio/HG005_NA24631_son/MtSinai_PacBio/PacBio_fasta/m54016_171218_050715.subreads.fasta.gz	1400594496
data/ChineseTrio/HG005_NA24631_son/MtSinai_PacBio/PacBio_fasta/m54016_171219_231439.subreads.fasta.gz	410062526
data/ChineseTrio/HG005_NA24631_son/MtSinai_PacBio/PacBio_fasta/m54016_171220_092101.subreads.fasta.gz	537648502
data/ChineseTrio/HG005_NA24631_son/MtSinai_PacBio/PacBio_fasta/m54016_171220_193020.subreads.fasta.gz	605480406
data/ChineseTrio/HG005_NA24631_son/MtSinai_PacBio/PacBio_fasta/m54016_171221_053944.subreads.fasta.gz	685260959
data/ChineseTrio/HG005_NA24631_son/MtSinai_PacBio/PacBio_fasta/m54016_171223_182338.subreads.fasta.gz	929331473
data/ChineseTrio/HG005_NA24631_son/MtSinai_PacBio/PacBio_fasta/m54016_171224_043252.subreads.fasta.gz	263335150
data/ChineseTrio/HG005_NA24631_son/MtSinai_PacBio/PacBio_fasta/m54016_171225_005142.subreads.fasta.gz	593176947
data/ChineseTrio/HG005_NA24631_son/MtSinai_PacBio/PacBio_fasta/m54016_171225_110102.subreads.fasta.gz	1434851078
data/ChineseTrio/HG005_NA24631_son/MtSinai_PacBio/PacBio_fasta/m54016_171227_005214.subreads.fasta.gz	1857144098
data/ChineseTrio/HG005_NA24631_son/MtSinai_PacBio/PacBio_fasta/m54016_171228_072100.subreads.fasta.gz	1762431243
data/ChineseTrio/HG005_NA24631_son/MtSinai_PacBio/PacBio_fasta/m54016_171230_010349.subreads.fasta.gz	1702717323
data/ChineseTrio/HG005_NA24631_son/MtSinai_PacBio/PacBio_minimap2_bam/HG005_PacBio_GRCh37.bam	94812806566
data/ChineseTrio/HG005_NA24631_son/MtSinai_PacBio/PacBio_minimap2_bam/HG005_PacBio_GRCh37.bam.bai	86967136
data/ChineseTrio/HG005_NA24631_son/MtSinai_PacBio/PacBio_minimap2_bam/HG005_PacBio_GRCh38.bam	94167771600
data/ChineseTrio/HG005_NA24631_son/MtSinai_PacBio/PacBio_minimap2_bam/HG005_PacBio_GRCh38.bam.bai	87361008
data/ChineseTrio/HG005_NA24631_son/MtSinai_PacBio/PacBio_minimap2_bam/MD5.txt	240
data/ChineseTrio/HG005_NA24631_son/MtSinai_PacBio/PacBio_minimap2_bam/README.txt	911
data/ChineseTrio/HG005_NA24631_son/MtSinai_PacBio/PacBio_minimap2_bam/md5_bam.in	116
data/ChineseTrio/HG005_NA24631_son/MtSinai_PacBio/raw_data/01f90546-07ea-4f78-a343-c3e6c17498d6.tar.gz	20276675193
data/ChineseTrio/HG005_NA24631_son/MtSinai_PacBio/raw_data/01f90546-07ea-4f78-a343-c3e6c17498d6.tar.gz.md5	124
data/ChineseTrio/HG005_NA24631_son/MtSinai_PacBio/raw_data/0db9170f-3c2f-4154-b680-e94a75bd7632.tar.gz	45956697720
data/ChineseTrio/HG005_NA24631_son/MtSinai_PacBio/raw_data/0db9170f-3c2f-4154-b680-e94a75bd7632.tar.gz.md5	123
data/ChineseTrio/HG005_NA24631_son/MtSinai_PacBio/raw_data/18f0759b-572c-4205-8845-39724e2fe58c.tar.gz	39507122607
data/ChineseTrio/HG005_NA24631_son/MtSinai_PacBio/raw_data/18f0759b-572c-4205-8845-39724e2fe58c.tar.gz.md5	124
data/ChineseTrio/HG005_NA24631_son/MtSinai_PacBio/raw_data/19f1ed98-9dec-4de1-b84b-fd98198660f0.tar.gz	20773934848
data/ChineseTrio/HG005_NA24631_son/MtSinai_PacBio/raw_data/19f1ed98-9dec-4de1-b84b-fd98198660f0.tar.gz.md5	123
data/ChineseTrio/HG005_NA24631_son/MtSinai_PacBio/raw_data/1bcc10d3-2056-4ce8-872a-b0eb950601fd.tar.gz	28315685937
data/ChineseTrio/HG005_NA24631_son/MtSinai_PacBio/raw_data/1bcc10d3-2056-4ce8-872a-b0eb950601fd.tar.gz.md5	126
data/ChineseTrio/HG005_NA24631_son/MtSinai_PacBio/raw_data/1cc4851a-8eac-46ab-aa3e-a0d97225201b.tar.gz	51787425254
data/ChineseTrio/HG005_NA24631_son/MtSinai_PacBio/raw_data/1cc4851a-8eac-46ab-aa3e-a0d97225201b.tar.gz.md5	123
data/ChineseTrio/HG005_NA24631_son/MtSinai_PacBio/raw_data/1f56856b-45aa-4845-b5a5-09cc8bca57cf.tar.gz	29197246172
data/ChineseTrio/HG005_NA24631_son/MtSinai_PacBio/raw_data/1f56856b-45aa-4845-b5a5-09cc8bca57cf.tar.gz.md5	126
data/ChineseTrio/HG005_NA24631_son/MtSinai_PacBio/raw_data/1f6faf44-6144-438a-85fa-ae22db0fd7b6.tar.gz	26809615406
data/ChineseTrio/HG005_NA24631_son/MtSinai_PacBio/raw_data/1f6faf44-6144-438a-85fa-ae22db0fd7b6.tar.gz.md5	126
data/ChineseTrio/HG005_NA24631_son/MtSinai_PacBio/raw_data/252b441e-65dc-47f3-b6da-72ba8cea4233.tar.gz	26029714383
data/ChineseTrio/HG005_NA24631_son/MtSinai_PacBio/raw_data/252b441e-65dc-47f3-b6da-72ba8cea4233.tar.gz.md5	123
data/ChineseTrio/HG005_NA24631_son/MtSinai_PacBio/raw_data/258c2e07-8fa9-4adb-9ddc-11cd2a526ca7.tar.gz	40642658341
data/ChineseTrio/HG005_NA24631_son/MtSinai_PacBio/raw_data/258c2e07-8fa9-4adb-9ddc-11cd2a526ca7.tar.gz.md5	123
data/ChineseTrio/HG005_NA24631_son/MtSinai_PacBio/raw_data/2b6715bc-22ec-4dcc-bc1a-0d7c143b8461.tar.gz	63064798076
data/ChineseTrio/HG005_NA24631_son/MtSinai_PacBio/raw_data/2b6715bc-22ec-4dcc-bc1a-0d7c143b8461.tar.gz.md5	125
data/ChineseTrio/HG005_NA24631_son/MtSinai_PacBio/raw_data/2c780e12-a304-4e36-bbef-dc7f2fba412d.tar.gz	51411825811
data/ChineseTrio/HG005_NA24631_son/MtSinai_PacBio/raw_data/2c780e12-a304-4e36-bbef-dc7f2fba412d.tar.gz.md5	123
data/ChineseTrio/HG005_NA24631_son/MtSinai_PacBio/raw_data/32f36329-6b9f-416e-917b-04deee30e213.tar.gz	31460105465
data/ChineseTrio/HG005_NA24631_son/MtSinai_PacBio/raw_data/32f36329-6b9f-416e-917b-04deee30e213.tar.gz.md5	122
data/ChineseTrio/HG005_NA24631_son/MtSinai_PacBio/raw_data/3f40249d-d53d-40bf-9d50-babdddcbf548.tar.gz	64416626427
data/ChineseTrio/HG005_NA24631_son/MtSinai_PacBio/raw_data/3f40249d-d53d-40bf-9d50-babdddcbf548.tar.gz.md5	123
data/ChineseTrio/HG005_NA24631_son/MtSinai_PacBio/raw_data/4ae46fd9-8e67-4631-8f03-f7fcec4e7adf.tar.gz	31274597334
data/ChineseTrio/HG005_NA24631_son/MtSinai_PacBio/raw_data/4ae46fd9-8e67-4631-8f03-f7fcec4e7adf.tar.gz.md5	122
data/ChineseTrio/HG005_NA24631_son/MtSinai_PacBio/raw_data/4d0bb645-59bb-4290-b363-c03e60cc589b.tar.gz	47993872095
data/ChineseTrio/HG005_NA24631_son/MtSinai_PacBio/raw_data/4d0bb645-59bb-4290-b363-c03e60cc589b.tar.gz.md5	123
data/ChineseTrio/HG005_NA24631_son/MtSinai_PacBio/raw_data/4f6c01a6-a0e0-474a-879a-d9e8efa1d178.tar.gz	49379409167
data/ChineseTrio/HG005_NA24631_son/MtSinai_PacBio/raw_data/4f6c01a6-a0e0-474a-879a-d9e8efa1d178.tar.gz.md5	123
data/ChineseTrio/HG005_NA24631_son/MtSinai_PacBio/raw_data/55f0297f-11fa-4db3-943c-f2821a17746c.tar.gz	54990062555
data/ChineseTrio/HG005_NA24631_son/MtSinai_PacBio/raw_data/55f0297f-11fa-4db3-943c-f2821a17746c.tar.gz.md5	124
data/ChineseTrio/HG005_NA24631_son/MtSinai_PacBio/raw_data/59fe035b-eca1-4290-b57d-e1f1acee2cad.tar.gz	22975132774
data/ChineseTrio/HG005_NA24631_son/MtSinai_PacBio/raw_data/59fe035b-eca1-4290-b57d-e1f1acee2cad.tar.gz.md5	123
data/ChineseTrio/HG005_NA24631_son/MtSinai_PacBio/raw_data/5a5a5773-8cca-4038-84b4-1ee147ac2be5.tar.gz	16729031009
data/ChineseTrio/HG005_NA24631_son/MtSinai_PacBio/raw_data/5a5a5773-8cca-4038-84b4-1ee147ac2be5.tar.gz.md5	124
data/ChineseTrio/HG005_NA24631_son/MtSinai_PacBio/raw_data/61ff89c5-3d54-486d-ae52-7d3026eb80a9.tar.gz	35029306959
data/ChineseTrio/HG005_NA24631_son/MtSinai_PacBio/raw_data/61ff89c5-3d54-486d-ae52-7d3026eb80a9.tar.gz.md5	124
data/ChineseTrio/HG005_NA24631_son/MtSinai_PacBio/raw_data/62e4c794-0c9e-431a-bf02-0cd77f00469f.tar.gz	60772831623
data/ChineseTrio/HG005_NA24631_son/MtSinai_PacBio/raw_data/62e4c794-0c9e-431a-bf02-0cd77f00469f.tar.gz.md5	123
data/ChineseTrio/HG005_NA24631_son/MtSinai_PacBio/raw_data/6316d379-33a6-41ea-8550-47b65015f9fa.tar.gz	49316536823
data/ChineseTrio/HG005_NA24631_son/MtSinai_PacBio/raw_data/6316d379-33a6-41ea-8550-47b65015f9fa.tar.gz.md5	123
data/ChineseTrio/HG005_NA24631_son/MtSinai_PacBio/raw_data/74565ddc-4269-4ff8-98a7-a144565b877a.tar.gz	13006303321
data/ChineseTrio/HG005_NA24631_son/MtSinai_PacBio/raw_data/74565ddc-4269-4ff8-98a7-a144565b877a.tar.gz.md5	124
data/ChineseTrio/HG005_NA24631_son/MtSinai_PacBio/raw_data/7b66e5aa-659a-489a-93c9-402a6270daed.tar.gz	22131903824
data/ChineseTrio/HG005_NA24631_son/MtSinai_PacBio/raw_data/7b66e5aa-659a-489a-93c9-402a6270daed.tar.gz.md5	123
data/ChineseTrio/HG005_NA24631_son/MtSinai_PacBio/raw_data/7c474c82-59f1-42e1-ac39-d06f194b4eba.tar.gz	34731642818
data/ChineseTrio/HG005_NA24631_son/MtSinai_PacBio/raw_data/7c474c82-59f1-42e1-ac39-d06f194b4eba.tar.gz.md5	123
data/ChineseTrio/HG005_NA24631_son/MtSinai_PacBio/raw_data/7e45ff28-46c0-485a-ba14-771cd32acdce.tar.gz	35701706149
data/ChineseTrio/HG005_NA24631_son/MtSinai_PacBio/raw_data/7e45ff28-46c0-485a-ba14-771cd32acdce.tar.gz.md5	126
data/ChineseTrio/HG005_NA24631_son/MtSinai_PacBio/raw_data/872e9593-4792-402a-be78-a83c2aa4e983.tar.gz	22514089506
data/ChineseTrio/HG005_NA24631_son/MtSinai_PacBio/raw_data/872e9593-4792-402a-be78-a83c2aa4e983.tar.gz.md5	123
data/ChineseTrio/HG005_NA24631_son/MtSinai_PacBio/raw_data/89eb73b0-abcb-469e-8d69-84c8a4df67e9.tar.gz	31526446824
data/ChineseTrio/HG005_NA24631_son/MtSinai_PacBio/raw_data/89eb73b0-abcb-469e-8d69-84c8a4df67e9.tar.gz.md5	124
data/ChineseTrio/HG005_NA24631_son/MtSinai_PacBio/raw_data/95f459b1-f26a-4e0c-9394-57bf35d89645.tar.gz	17499441383
data/ChineseTrio/HG005_NA24631_son/MtSinai_PacBio/raw_data/95f459b1-f26a-4e0c-9394-57bf35d89645.tar.gz.md5	124
data/ChineseTrio/HG005_NA24631_son/MtSinai_PacBio/raw_data/990fac58-474d-494a-9701-283f57e755ae.tar.gz	19165710098
data/ChineseTrio/HG005_NA24631_son/MtSinai_PacBio/raw_data/990fac58-474d-494a-9701-283f57e755ae.tar.gz.md5	125
data/ChineseTrio/HG005_NA24631_son/MtSinai_PacBio/raw_data/9edcea54-dc14-4b42-8ed4-5b50970c9101.tar.gz	30800552467
data/ChineseTrio/HG005_NA24631_son/MtSinai_PacBio/raw_data/9edcea54-dc14-4b42-8ed4-5b50970c9101.tar.gz.md5	126
data/ChineseTrio/HG005_NA24631_son/MtSinai_PacBio/raw_data/9f16ea29-8414-4eb9-99ff-a232188f25a2.tar.gz	39133826053
data/ChineseTrio/HG005_NA24631_son/MtSinai_PacBio/raw_data/9f16ea29-8414-4eb9-99ff-a232188f25a2.tar.gz.md5	123
data/ChineseTrio/HG005_NA24631_son/MtSinai_PacBio/raw_data/a52fb2ca-79d2-4db3-8160-8a967038299a.tar.gz	31941356284
data/ChineseTrio/HG005_NA24631_son/MtSinai_PacBio/raw_data/a52fb2ca-79d2-4db3-8160-8a967038299a.tar.gz.md5	126
data/ChineseTrio/HG005_NA24631_son/MtSinai_PacBio/raw_data/a914b323-ea9c-4293-a8e7-531368f27a42.tar.gz	45503676059
data/ChineseTrio/HG005_NA24631_son/MtSinai_PacBio/raw_data/a914b323-ea9c-4293-a8e7-531368f27a42.tar.gz.md5	126
data/ChineseTrio/HG005_NA24631_son/MtSinai_PacBio/raw_data/afa05493-d4ef-4d2e-aa8d-310114885157.tar.gz	42051303576
data/ChineseTrio/HG005_NA24631_son/MtSinai_PacBio/raw_data/afa05493-d4ef-4d2e-aa8d-310114885157.tar.gz.md5	123
data/ChineseTrio/HG005_NA24631_son/MtSinai_PacBio/raw_data/b72a11d4-75dc-41d7-a7fc-2935d4d9d6e5.tar.gz	19926461358
data/ChineseTrio/HG005_NA24631_son/MtSinai_PacBio/raw_data/b72a11d4-75dc-41d7-a7fc-2935d4d9d6e5.tar.gz.md5	123
data/ChineseTrio/HG005_NA24631_son/MtSinai_PacBio/raw_data/b83e795b-592c-480f-a3ba-7f4ad749b61f.tar.gz	48535224779
data/ChineseTrio/HG005_NA24631_son/MtSinai_PacBio/raw_data/b83e795b-592c-480f-a3ba-7f4ad749b61f.tar.gz.md5	123
data/ChineseTrio/HG005_NA24631_son/MtSinai_PacBio/raw_data/ba73f3d3-826c-4e0c-981a-9800ee6c5068.tar.gz	17684223715
data/ChineseTrio/HG005_NA24631_son/MtSinai_PacBio/raw_data/ba73f3d3-826c-4e0c-981a-9800ee6c5068.tar.gz.md5	125
data/ChineseTrio/HG005_NA24631_son/MtSinai_PacBio/raw_data/bf220a1d-c69a-4fa3-8bdf-de2baccb4233.tar.gz	19866928598
data/ChineseTrio/HG005_NA24631_son/MtSinai_PacBio/raw_data/bf220a1d-c69a-4fa3-8bdf-de2baccb4233.tar.gz.md5	124
data/ChineseTrio/HG005_NA24631_son/MtSinai_PacBio/raw_data/d21ca260-c9c3-4081-be80-08984dcd75f7.tar.gz	30956982455
data/ChineseTrio/HG005_NA24631_son/MtSinai_PacBio/raw_data/d21ca260-c9c3-4081-be80-08984dcd75f7.tar.gz.md5	126
data/ChineseTrio/HG005_NA24631_son/MtSinai_PacBio/raw_data/df5e546e-1e7b-4022-a090-cee517050bae.tar.gz	43033442281
data/ChineseTrio/HG005_NA24631_son/MtSinai_PacBio/raw_data/df5e546e-1e7b-4022-a090-cee517050bae.tar.gz.md5	123
data/ChineseTrio/HG005_NA24631_son/MtSinai_PacBio/raw_data/e1ab306e-258b-4a1f-8e66-6b8591e2c07a.tar.gz	12512732012
data/ChineseTrio/HG005_NA24631_son/MtSinai_PacBio/raw_data/e1ab306e-258b-4a1f-8e66-6b8591e2c07a.tar.gz.md5	124
data/ChineseTrio/HG005_NA24631_son/MtSinai_PacBio/raw_data/e83f32e1-a0c5-4aba-af93-4aa7c5924e78.tar.gz	43773624796
data/ChineseTrio/HG005_NA24631_son/MtSinai_PacBio/raw_data/e83f32e1-a0c5-4aba-af93-4aa7c5924e78.tar.gz.md5	123
data/ChineseTrio/HG005_NA24631_son/MtSinai_PacBio/raw_data/ec80e1fc-2d16-46b5-8ef3-6508aa2c1ef4.tar.gz	33653815942
data/ChineseTrio/HG005_NA24631_son/MtSinai_PacBio/raw_data/ec80e1fc-2d16-46b5-8ef3-6508aa2c1ef4.tar.gz.md5	126
data/ChineseTrio/HG005_NA24631_son/MtSinai_PacBio/raw_data/f12880e0-f240-4a4e-b253-1d7c448d6eb8.tar.gz	47060239409
data/ChineseTrio/HG005_NA24631_son/MtSinai_PacBio/raw_data/f12880e0-f240-4a4e-b253-1d7c448d6eb8.tar.gz.md5	126
data/ChineseTrio/HG005_NA24631_son/MtSinai_PacBio/raw_data/md5.in	3588
