data_somatic/HG009/NIST/HG009-N_bulk/20250728p25/BCM_NovaSeqX_HG009N-WT-p25_20260413/23HJC5LT4-5-IDUDI0040_S40_L005_R1_001.fastq.gz	28749387688
data_somatic/HG009/NIST/HG009-N_bulk/20250728p25/BCM_NovaSeqX_HG009N-WT-p25_20260413/23HJC5LT4-5-IDUDI0040_S40_L005_R2_001.fastq.gz	28614978352
data_somatic/HG009/NIST/HG009-N_bulk/20250728p25/BCM_NovaSeqX_HG009N-WT-p25_20260413/23HJC5LT4-6-IDUDI0040_S50_L006_R1_001.fastq.gz	28770274432
data_somatic/HG009/NIST/HG009-N_bulk/20250728p25/BCM_NovaSeqX_HG009N-WT-p25_20260413/23HJC5LT4-6-IDUDI0040_S50_L006_R2_001.fastq.gz	28674558324
data_somatic/HG009/NIST/HG009-N_bulk/20250728p25/BCM_NovaSeqX_HG009N-WT-p25_20260413/23HLKJLT4-4-IDUDI0040_S63_L004_R1_001.fastq.gz	28580507498
data_somatic/HG009/NIST/HG009-N_bulk/20250728p25/BCM_NovaSeqX_HG009N-WT-p25_20260413/23HLKJLT4-4-IDUDI0040_S63_L004_R2_001.fastq.gz	28252668876
data_somatic/HG009/NIST/HG009-N_bulk/20250728p25/BCM_NovaSeqX_HG009N-WT-p25_20260413/23HLKJLT4-5-IDUDI0040_S73_L005_R1_001.fastq.gz	28387575188
data_somatic/HG009/NIST/HG009-N_bulk/20250728p25/BCM_NovaSeqX_HG009N-WT-p25_20260413/23HLKJLT4-5-IDUDI0040_S73_L005_R2_001.fastq.gz	28013206375
data_somatic/HG009/NIST/HG009-N_bulk/20250728p25/BCM_NovaSeqX_HG009N-WT-p25_20260413/HG009-N-WT-p25_ILMN-NovaSeqX_150X_GRCh38-GIABv3.bam	147957207244
data_somatic/HG009/NIST/HG009-N_bulk/20250728p25/BCM_NovaSeqX_HG009N-WT-p25_20260413/HG009-N-WT-p25_ILMN-NovaSeqX_150X_GRCh38-GIABv3.bam.bai	9059768
data_somatic/HG009/NIST/HG009-N_bulk/20250728p25/BCM_NovaSeqX_HG009N-WT-p25_20260413/HG009-N-WT-p25_ILMN-NovaSeqX_150X_GRCh38-GIABv3_multiqc_report.html	2435206
data_somatic/HG009/NIST/HG009-N_bulk/20250728p25/BCM_NovaSeqX_HG009N-WT-p25_20260413/README_BCM_ILMN_HG009-N-WT-p25_20260413.md	8274
data_somatic/HG009/NIST/HG009-N_bulk/20250728p25/BCM_NovaSeqX_HG009N-WT-p25_20260413/checksums.md5	926
data_somatic/HG009/NIST/HG009-N_bulk/20250728p4/BCM_NovaSeqX_HG009N-WT-p4_20260413/23HJC5LT4-5-IDUDI0042_S42_L005_R1_001.fastq.gz	24110096077
data_somatic/HG009/NIST/HG009-N_bulk/20250728p4/BCM_NovaSeqX_HG009N-WT-p4_20260413/23HJC5LT4-5-IDUDI0042_S42_L005_R2_001.fastq.gz	23984436307
data_somatic/HG009/NIST/HG009-N_bulk/20250728p4/BCM_NovaSeqX_HG009N-WT-p4_20260413/23HJC5LT4-6-IDUDI0042_S52_L006_R1_001.fastq.gz	24354133251
data_somatic/HG009/NIST/HG009-N_bulk/20250728p4/BCM_NovaSeqX_HG009N-WT-p4_20260413/23HJC5LT4-6-IDUDI0042_S52_L006_R2_001.fastq.gz	24263109446
data_somatic/HG009/NIST/HG009-N_bulk/20250728p4/BCM_NovaSeqX_HG009N-WT-p4_20260413/23HLKJLT4-4-IDUDI0042_S65_L004_R1_001.fastq.gz	23865818673
data_somatic/HG009/NIST/HG009-N_bulk/20250728p4/BCM_NovaSeqX_HG009N-WT-p4_20260413/23HLKJLT4-4-IDUDI0042_S65_L004_R2_001.fastq.gz	23524520165
data_somatic/HG009/NIST/HG009-N_bulk/20250728p4/BCM_NovaSeqX_HG009N-WT-p4_20260413/23HLKJLT4-5-IDUDI0042_S75_L005_R1_001.fastq.gz	23780335573
data_somatic/HG009/NIST/HG009-N_bulk/20250728p4/BCM_NovaSeqX_HG009N-WT-p4_20260413/23HLKJLT4-5-IDUDI0042_S75_L005_R2_001.fastq.gz	23401599819
data_somatic/HG009/NIST/HG009-N_bulk/20250728p4/BCM_NovaSeqX_HG009N-WT-p4_20260413/HG009-N-WT-p4_ILMN-NovaSeqX_125X_GRCh38-GIABv3.bam	126131370950
data_somatic/HG009/NIST/HG009-N_bulk/20250728p4/BCM_NovaSeqX_HG009N-WT-p4_20260413/HG009-N-WT-p4_ILMN-NovaSeqX_125X_GRCh38-GIABv3.bam.bai	9005224
data_somatic/HG009/NIST/HG009-N_bulk/20250728p4/BCM_NovaSeqX_HG009N-WT-p4_20260413/HG009-N-WT-p4_ILMN-NovaSeqX_125X_GRCh38-GIABv3_multiqc_report.html	2424516
data_somatic/HG009/NIST/HG009-N_bulk/20250728p4/BCM_NovaSeqX_HG009N-WT-p4_20260413/README_BCM_ILMN_HG009-N-WT-p4_20260413.md	8148
data_somatic/HG009/NIST/HG009-N_bulk/20250728p4/BCM_NovaSeqX_HG009N-WT-p4_20260413/checksums.md5	923
data_somatic/HG009/NIST/HG009-N_bulk/20250805p23/BCM_NovaSeqX_HG009N-LVTert-p23_20260413/23HJC5LT4-5-IDUDI0041_S41_L005_R1_001.fastq.gz	25548827488
data_somatic/HG009/NIST/HG009-N_bulk/20250805p23/BCM_NovaSeqX_HG009N-LVTert-p23_20260413/23HJC5LT4-5-IDUDI0041_S41_L005_R2_001.fastq.gz	25503630321
data_somatic/HG009/NIST/HG009-N_bulk/20250805p23/BCM_NovaSeqX_HG009N-LVTert-p23_20260413/23HJC5LT4-6-IDUDI0041_S51_L006_R1_001.fastq.gz	25552531414
data_somatic/HG009/NIST/HG009-N_bulk/20250805p23/BCM_NovaSeqX_HG009N-LVTert-p23_20260413/23HJC5LT4-6-IDUDI0041_S51_L006_R2_001.fastq.gz	25544868088
data_somatic/HG009/NIST/HG009-N_bulk/20250805p23/BCM_NovaSeqX_HG009N-LVTert-p23_20260413/23HLKJLT4-4-IDUDI0041_S64_L004_R1_001.fastq.gz	25523549076
data_somatic/HG009/NIST/HG009-N_bulk/20250805p23/BCM_NovaSeqX_HG009N-LVTert-p23_20260413/23HLKJLT4-4-IDUDI0041_S64_L004_R2_001.fastq.gz	25320557492
data_somatic/HG009/NIST/HG009-N_bulk/20250805p23/BCM_NovaSeqX_HG009N-LVTert-p23_20260413/23HLKJLT4-5-IDUDI0041_S74_L005_R1_001.fastq.gz	25342418318
data_somatic/HG009/NIST/HG009-N_bulk/20250805p23/BCM_NovaSeqX_HG009N-LVTert-p23_20260413/23HLKJLT4-5-IDUDI0041_S74_L005_R2_001.fastq.gz	25089569082
data_somatic/HG009/NIST/HG009-N_bulk/20250805p23/BCM_NovaSeqX_HG009N-LVTert-p23_20260413/HG009-N-LVTert_ILMN-NovaSeqX_135X_GRCh38-GIABv3.bam	133626038977
data_somatic/HG009/NIST/HG009-N_bulk/20250805p23/BCM_NovaSeqX_HG009N-LVTert-p23_20260413/HG009-N-LVTert_ILMN-NovaSeqX_135X_GRCh38-GIABv3.bam.bai	9074064
data_somatic/HG009/NIST/HG009-N_bulk/20250805p23/BCM_NovaSeqX_HG009N-LVTert-p23_20260413/HG009-N-LVTert_ILMN-NovaSeqX_135X_GRCh38-GIABv3_multiqc_report.html	2439274
data_somatic/HG009/NIST/HG009-N_bulk/20250805p23/BCM_NovaSeqX_HG009N-LVTert-p23_20260413/README_BCM_ILMN_HG009-N-LVTert-p23_20260413.md	8302
data_somatic/HG009/NIST/HG009-N_bulk/20250805p23/BCM_NovaSeqX_HG009N-LVTert-p23_20260413/checksums.md5	926
data_somatic/HG009/NIST/HG009-T_bulk/20250715p16/BCM_NovaSeqX_HG009T-p16_20260413/23HJC5LT4-5-IDUDI0037_S37_L005_R1_001.fastq.gz	26536345860
data_somatic/HG009/NIST/HG009-T_bulk/20250715p16/BCM_NovaSeqX_HG009T-p16_20260413/23HJC5LT4-5-IDUDI0037_S37_L005_R2_001.fastq.gz	26500359074
data_somatic/HG009/NIST/HG009-T_bulk/20250715p16/BCM_NovaSeqX_HG009T-p16_20260413/23HJC5LT4-6-IDUDI0037_S47_L006_R1_001.fastq.gz	26566880572
data_somatic/HG009/NIST/HG009-T_bulk/20250715p16/BCM_NovaSeqX_HG009T-p16_20260413/23HJC5LT4-6-IDUDI0037_S47_L006_R2_001.fastq.gz	26571480589
data_somatic/HG009/NIST/HG009-T_bulk/20250715p16/BCM_NovaSeqX_HG009T-p16_20260413/23HLKJLT4-4-IDUDI0037_S60_L004_R1_001.fastq.gz	26507847876
data_somatic/HG009/NIST/HG009-T_bulk/20250715p16/BCM_NovaSeqX_HG009T-p16_20260413/23HLKJLT4-4-IDUDI0037_S60_L004_R2_001.fastq.gz	26278954466
data_somatic/HG009/NIST/HG009-T_bulk/20250715p16/BCM_NovaSeqX_HG009T-p16_20260413/23HLKJLT4-5-IDUDI0037_S70_L005_R1_001.fastq.gz	26351828656
data_somatic/HG009/NIST/HG009-T_bulk/20250715p16/BCM_NovaSeqX_HG009T-p16_20260413/23HLKJLT4-5-IDUDI0037_S70_L005_R2_001.fastq.gz	26078280110
data_somatic/HG009/NIST/HG009-T_bulk/20250715p16/BCM_NovaSeqX_HG009T-p16_20260413/HG009-T-p16_ILMN-NovaSeqX_217X_GRCh38-GIABv3.bam	137205278770
data_somatic/HG009/NIST/HG009-T_bulk/20250715p16/BCM_NovaSeqX_HG009T-p16_20260413/HG009-T-p16_ILMN-NovaSeqX_217X_GRCh38-GIABv3.bam.bai	9037712
data_somatic/HG009/NIST/HG009-T_bulk/20250715p16/BCM_NovaSeqX_HG009T-p16_20260413/HG009-T-p16_ILMN-NovaSeqX_217X_GRCh38-GIABv3_multiqc_report.html	2477007
data_somatic/HG009/NIST/HG009-T_bulk/20250715p16/BCM_NovaSeqX_HG009T-p16_20260413/README_BCM_ILMN_HG009-T-p16_20260413.md	8316
data_somatic/HG009/NIST/HG009-T_bulk/20250715p16/BCM_NovaSeqX_HG009T-p16_20260413/checksums.md5	917
data_somatic/HG009/NIST/HG009-T_bulk/20250715p42/BCM_NovaSeqX_HG009T-p42_20260413/23HJC5LT4-5-IDUDI0038_S38_L005_R1_001.fastq.gz	27451598438
data_somatic/HG009/NIST/HG009-T_bulk/20250715p42/BCM_NovaSeqX_HG009T-p42_20260413/23HJC5LT4-5-IDUDI0038_S38_L005_R2_001.fastq.gz	27359610321
data_somatic/HG009/NIST/HG009-T_bulk/20250715p42/BCM_NovaSeqX_HG009T-p42_20260413/23HJC5LT4-6-IDUDI0038_S48_L006_R1_001.fastq.gz	27531809018
data_somatic/HG009/NIST/HG009-T_bulk/20250715p42/BCM_NovaSeqX_HG009T-p42_20260413/23HJC5LT4-6-IDUDI0038_S48_L006_R2_001.fastq.gz	27478346024
data_somatic/HG009/NIST/HG009-T_bulk/20250715p42/BCM_NovaSeqX_HG009T-p42_20260413/23HLKJLT4-4-IDUDI0038_S61_L004_R1_001.fastq.gz	27269974025
data_somatic/HG009/NIST/HG009-T_bulk/20250715p42/BCM_NovaSeqX_HG009T-p42_20260413/23HLKJLT4-4-IDUDI0038_S61_L004_R2_001.fastq.gz	26996630888
data_somatic/HG009/NIST/HG009-T_bulk/20250715p42/BCM_NovaSeqX_HG009T-p42_20260413/23HLKJLT4-5-IDUDI0038_S71_L005_R1_001.fastq.gz	27222551940
data_somatic/HG009/NIST/HG009-T_bulk/20250715p42/BCM_NovaSeqX_HG009T-p42_20260413/23HLKJLT4-5-IDUDI0038_S71_L005_R2_001.fastq.gz	26893509198
data_somatic/HG009/NIST/HG009-T_bulk/20250715p42/BCM_NovaSeqX_HG009T-p42_20260413/HG009-T-p42_ILMN-NovaSeqX_230X_GRCh38-GIABv3.bam	141218637316
data_somatic/HG009/NIST/HG009-T_bulk/20250715p42/BCM_NovaSeqX_HG009T-p42_20260413/HG009-T-p42_ILMN-NovaSeqX_230X_GRCh38-GIABv3.bam.bai	9084032
data_somatic/HG009/NIST/HG009-T_bulk/20250715p42/BCM_NovaSeqX_HG009T-p42_20260413/HG009-T-p42_ILMN-NovaSeqX_230X_GRCh38-GIABv3_multiqc_report.html	2484047
data_somatic/HG009/NIST/HG009-T_bulk/20250715p42/BCM_NovaSeqX_HG009T-p42_20260413/README_BCM_ILMN_HG009-T-p42_20260413.md	8316
data_somatic/HG009/NIST/HG009-T_bulk/20250715p42/BCM_NovaSeqX_HG009T-p42_20260413/checksums.md5	917
data_somatic/HG009/NIST/HG009-T_clones/20250918p14/1C3/p15plus7/BCM_NovaSeqX_HG009T-1C3_20260413/23HJC5LT4-5-IDUDI0039_S39_L005_R1_001.fastq.gz	31769222779
data_somatic/HG009/NIST/HG009-T_clones/20250918p14/1C3/p15plus7/BCM_NovaSeqX_HG009T-1C3_20260413/23HJC5LT4-5-IDUDI0039_S39_L005_R2_001.fastq.gz	31736524289
data_somatic/HG009/NIST/HG009-T_clones/20250918p14/1C3/p15plus7/BCM_NovaSeqX_HG009T-1C3_20260413/23HJC5LT4-6-IDUDI0039_S49_L006_R1_001.fastq.gz	31742472682
data_somatic/HG009/NIST/HG009-T_clones/20250918p14/1C3/p15plus7/BCM_NovaSeqX_HG009T-1C3_20260413/23HJC5LT4-6-IDUDI0039_S49_L006_R2_001.fastq.gz	31753998784
data_somatic/HG009/NIST/HG009-T_clones/20250918p14/1C3/p15plus7/BCM_NovaSeqX_HG009T-1C3_20260413/23HLKJLT4-4-IDUDI0039_S62_L004_R1_001.fastq.gz	31717398007
data_somatic/HG009/NIST/HG009-T_clones/20250918p14/1C3/p15plus7/BCM_NovaSeqX_HG009T-1C3_20260413/23HLKJLT4-4-IDUDI0039_S62_L004_R2_001.fastq.gz	31487156488
data_somatic/HG009/NIST/HG009-T_clones/20250918p14/1C3/p15plus7/BCM_NovaSeqX_HG009T-1C3_20260413/23HLKJLT4-5-IDUDI0039_S72_L005_R1_001.fastq.gz	31483351986
data_somatic/HG009/NIST/HG009-T_clones/20250918p14/1C3/p15plus7/BCM_NovaSeqX_HG009T-1C3_20260413/23HLKJLT4-5-IDUDI0039_S72_L005_R2_001.fastq.gz	31202029815
data_somatic/HG009/NIST/HG009-T_clones/20250918p14/1C3/p15plus7/BCM_NovaSeqX_HG009T-1C3_20260413/HG009-T-1C3_ILMN-NovaSeqX_261X_GRCh38-GIABv3.bam	162447605709
data_somatic/HG009/NIST/HG009-T_clones/20250918p14/1C3/p15plus7/BCM_NovaSeqX_HG009T-1C3_20260413/HG009-T-1C3_ILMN-NovaSeqX_261X_GRCh38-GIABv3.bam.bai	9049528
data_somatic/HG009/NIST/HG009-T_clones/20250918p14/1C3/p15plus7/BCM_NovaSeqX_HG009T-1C3_20260413/HG009-T-1C3_ILMN-NovaSeqX_261X_GRCh38-GIABv3_multiqc_report.html	2477771
data_somatic/HG009/NIST/HG009-T_clones/20250918p14/1C3/p15plus7/BCM_NovaSeqX_HG009T-1C3_20260413/README_BCM_ILMN_HG009-T-1C3_20260413.md	8359
data_somatic/HG009/NIST/HG009-T_clones/20250918p14/1C3/p15plus7/BCM_NovaSeqX_HG009T-1C3_20260413/checksums.md5	917
data_somatic/HG009/NIST/HG009-T_clones/20250918p14/1D5/p15plus7/BCM_NovaSeqX_HG009T-1D5_20260413/23HJC5LT4-5-IDUDI0034_S34_L005_R1_001.fastq.gz	22284425433
data_somatic/HG009/NIST/HG009-T_clones/20250918p14/1D5/p15plus7/BCM_NovaSeqX_HG009T-1D5_20260413/23HJC5LT4-5-IDUDI0034_S34_L005_R2_001.fastq.gz	22183961381
data_somatic/HG009/NIST/HG009-T_clones/20250918p14/1D5/p15plus7/BCM_NovaSeqX_HG009T-1D5_20260413/23HJC5LT4-6-IDUDI0034_S44_L006_R1_001.fastq.gz	22401335896
data_somatic/HG009/NIST/HG009-T_clones/20250918p14/1D5/p15plus7/BCM_NovaSeqX_HG009T-1D5_20260413/23HJC5LT4-6-IDUDI0034_S44_L006_R2_001.fastq.gz	22335070964
data_somatic/HG009/NIST/HG009-T_clones/20250918p14/1D5/p15plus7/BCM_NovaSeqX_HG009T-1D5_20260413/23HLKJLT4-4-IDUDI0034_S57_L004_R1_001.fastq.gz	22320624528
data_somatic/HG009/NIST/HG009-T_clones/20250918p14/1D5/p15plus7/BCM_NovaSeqX_HG009T-1D5_20260413/23HLKJLT4-4-IDUDI0034_S57_L004_R2_001.fastq.gz	22071808461
data_somatic/HG009/NIST/HG009-T_clones/20250918p14/1D5/p15plus7/BCM_NovaSeqX_HG009T-1D5_20260413/23HLKJLT4-5-IDUDI0034_S67_L005_R1_001.fastq.gz	22129131401
data_somatic/HG009/NIST/HG009-T_clones/20250918p14/1D5/p15plus7/BCM_NovaSeqX_HG009T-1D5_20260413/23HLKJLT4-5-IDUDI0034_S67_L005_R2_001.fastq.gz	21846185360
data_somatic/HG009/NIST/HG009-T_clones/20250918p14/1D5/p15plus7/BCM_NovaSeqX_HG009T-1D5_20260413/HG009-T-1D5_ILMN-NovaSeqX_182X_GRCh38-GIABv3.bam	116260430811
data_somatic/HG009/NIST/HG009-T_clones/20250918p14/1D5/p15plus7/BCM_NovaSeqX_HG009T-1D5_20260413/HG009-T-1D5_ILMN-NovaSeqX_182X_GRCh38-GIABv3.bam.bai	9043584
data_somatic/HG009/NIST/HG009-T_clones/20250918p14/1D5/p15plus7/BCM_NovaSeqX_HG009T-1D5_20260413/HG009-T-1D5_ILMN-NovaSeqX_182X_GRCh38-GIABv3_multiqc_report.html	2494281
data_somatic/HG009/NIST/HG009-T_clones/20250918p14/1D5/p15plus7/BCM_NovaSeqX_HG009T-1D5_20260413/README_BCM_ILMN_HG009-T-1D5_20260413.md	8358
data_somatic/HG009/NIST/HG009-T_clones/20250918p14/1D5/p15plus7/BCM_NovaSeqX_HG009T-1D5_20260413/checksums.md5	917
data_somatic/HG009/NIST/HG009-T_clones/20250918p14/3C4/p15plus8/BCM_NovaSeqX_HG009T-3C4_20260413/23HJKWLT4-2-IDUDI0013_S45_L002_R1_001.fastq.gz	91273915561
data_somatic/HG009/NIST/HG009-T_clones/20250918p14/3C4/p15plus8/BCM_NovaSeqX_HG009T-3C4_20260413/23HJKWLT4-2-IDUDI0013_S45_L002_R2_001.fastq.gz	90708175316
data_somatic/HG009/NIST/HG009-T_clones/20250918p14/3C4/p15plus8/BCM_NovaSeqX_HG009T-3C4_20260413/HG009-T-3C4_ILMN-NovaSeqX_190X_GRCh38-GIABv3.bam	116679133267
data_somatic/HG009/NIST/HG009-T_clones/20250918p14/3C4/p15plus8/BCM_NovaSeqX_HG009T-3C4_20260413/HG009-T-3C4_ILMN-NovaSeqX_190X_GRCh38-GIABv3.bam.bai	8984416
data_somatic/HG009/NIST/HG009-T_clones/20250918p14/3C4/p15plus8/BCM_NovaSeqX_HG009T-3C4_20260413/HG009-T-3C4_ILMN-NovaSeqX_190X_GRCh38-GIABv3_multiqc_report.html	2497961
data_somatic/HG009/NIST/HG009-T_clones/20250918p14/3C4/p15plus8/BCM_NovaSeqX_HG009T-3C4_20260413/README_BCM_ILMN_HG009-T-3C4_20260413.md	8016
data_somatic/HG009/NIST/HG009-T_clones/20250918p14/3C4/p15plus8/BCM_NovaSeqX_HG009T-3C4_20260413/checksums.md5	431
data_somatic/HG009/NIST/HG009-T_clones/20250918p14/3C9/p15plus7/BCM_NovaSeqX_HG009T-3C9_20260413/23HJC5LT4-5-IDUDI0035_S35_L005_R1_001.fastq.gz	26974746811
data_somatic/HG009/NIST/HG009-T_clones/20250918p14/3C9/p15plus7/BCM_NovaSeqX_HG009T-3C9_20260413/23HJC5LT4-5-IDUDI0035_S35_L005_R2_001.fastq.gz	26820647047
data_somatic/HG009/NIST/HG009-T_clones/20250918p14/3C9/p15plus7/BCM_NovaSeqX_HG009T-3C9_20260413/23HJC5LT4-6-IDUDI0035_S45_L006_R1_001.fastq.gz	26961890151
data_somatic/HG009/NIST/HG009-T_clones/20250918p14/3C9/p15plus7/BCM_NovaSeqX_HG009T-3C9_20260413/23HJC5LT4-6-IDUDI0035_S45_L006_R2_001.fastq.gz	26844171486
data_somatic/HG009/NIST/HG009-T_clones/20250918p14/3C9/p15plus7/BCM_NovaSeqX_HG009T-3C9_20260413/23HLKJLT4-4-IDUDI0035_S58_L004_R1_001.fastq.gz	26966989398
data_somatic/HG009/NIST/HG009-T_clones/20250918p14/3C9/p15plus7/BCM_NovaSeqX_HG009T-3C9_20260413/23HLKJLT4-4-IDUDI0035_S58_L004_R2_001.fastq.gz	26648607929
data_somatic/HG009/NIST/HG009-T_clones/20250918p14/3C9/p15plus7/BCM_NovaSeqX_HG009T-3C9_20260413/23HLKJLT4-5-IDUDI0035_S68_L005_R1_001.fastq.gz	26721634479
data_somatic/HG009/NIST/HG009-T_clones/20250918p14/3C9/p15plus7/BCM_NovaSeqX_HG009T-3C9_20260413/23HLKJLT4-5-IDUDI0035_S68_L005_R2_001.fastq.gz	26358027906
data_somatic/HG009/NIST/HG009-T_clones/20250918p14/3C9/p15plus7/BCM_NovaSeqX_HG009T-3C9_20260413/HG009-T-3C9_ILMN-NovaSeqX_205X_GRCh38-GIABv3.bam	138104820385
data_somatic/HG009/NIST/HG009-T_clones/20250918p14/3C9/p15plus7/BCM_NovaSeqX_HG009T-3C9_20260413/HG009-T-3C9_ILMN-NovaSeqX_205X_GRCh38-GIABv3.bam.bai	9022928
data_somatic/HG009/NIST/HG009-T_clones/20250918p14/3C9/p15plus7/BCM_NovaSeqX_HG009T-3C9_20260413/HG009-T-3C9_ILMN-NovaSeqX_205X_GRCh38-GIABv3_multiqc_report.html	2497971
data_somatic/HG009/NIST/HG009-T_clones/20250918p14/3C9/p15plus7/BCM_NovaSeqX_HG009T-3C9_20260413/README_BCM_ILMN_HG009-T-3C9_20260413.md	8359
data_somatic/HG009/NIST/HG009-T_clones/20250918p14/3C9/p15plus7/BCM_NovaSeqX_HG009T-3C9_20260413/checksums.md5	917
data_somatic/HG009/NIST/HG009-T_clones/20250918p14/3F2/p15plus7/BCM_NovaSeqX_HG009T-3F2_20260413/23HJC5LT4-5-IDUDI0033_S33_L005_R1_001.fastq.gz	22582329659
data_somatic/HG009/NIST/HG009-T_clones/20250918p14/3F2/p15plus7/BCM_NovaSeqX_HG009T-3F2_20260413/23HJC5LT4-5-IDUDI0033_S33_L005_R2_001.fastq.gz	22476611963
data_somatic/HG009/NIST/HG009-T_clones/20250918p14/3F2/p15plus7/BCM_NovaSeqX_HG009T-3F2_20260413/23HJC5LT4-6-IDUDI0033_S43_L006_R1_001.fastq.gz	22685011758
data_somatic/HG009/NIST/HG009-T_clones/20250918p14/3F2/p15plus7/BCM_NovaSeqX_HG009T-3F2_20260413/23HJC5LT4-6-IDUDI0033_S43_L006_R2_001.fastq.gz	22609680537
data_somatic/HG009/NIST/HG009-T_clones/20250918p14/3F2/p15plus7/BCM_NovaSeqX_HG009T-3F2_20260413/23HLKJLT4-4-IDUDI0033_S56_L004_R1_001.fastq.gz	22462033311
data_somatic/HG009/NIST/HG009-T_clones/20250918p14/3F2/p15plus7/BCM_NovaSeqX_HG009T-3F2_20260413/23HLKJLT4-4-IDUDI0033_S56_L004_R2_001.fastq.gz	22201805102
data_somatic/HG009/NIST/HG009-T_clones/20250918p14/3F2/p15plus7/BCM_NovaSeqX_HG009T-3F2_20260413/23HLKJLT4-5-IDUDI0033_S66_L005_R1_001.fastq.gz	22446781872
data_somatic/HG009/NIST/HG009-T_clones/20250918p14/3F2/p15plus7/BCM_NovaSeqX_HG009T-3F2_20260413/23HLKJLT4-5-IDUDI0033_S66_L005_R2_001.fastq.gz	22144600033
data_somatic/HG009/NIST/HG009-T_clones/20250918p14/3F2/p15plus7/BCM_NovaSeqX_HG009T-3F2_20260413/HG009-T-3F2_ILMN-NovaSeqX_189X_GRCh38-GIABv3.bam	117374417231
data_somatic/HG009/NIST/HG009-T_clones/20250918p14/3F2/p15plus7/BCM_NovaSeqX_HG009T-3F2_20260413/HG009-T-3F2_ILMN-NovaSeqX_189X_GRCh38-GIABv3.bam.bai	9051688
data_somatic/HG009/NIST/HG009-T_clones/20250918p14/3F2/p15plus7/BCM_NovaSeqX_HG009T-3F2_20260413/HG009-T-3F2_ILMN-NovaSeqX_189X_GRCh38-GIABv3_multiqc_report.html	2493497
data_somatic/HG009/NIST/HG009-T_clones/20250918p14/3F2/p15plus7/BCM_NovaSeqX_HG009T-3F2_20260413/README_BCM_ILMN_HG009-T-3F2_20260413.md	8358
data_somatic/HG009/NIST/HG009-T_clones/20250918p14/3F2/p15plus7/BCM_NovaSeqX_HG009T-3F2_20260413/checksums.md5	917
data_somatic/HG009/NIST/HG009-T_clones/20250918p14/4G9/p15plus7/BCM_NovaSeqX_HG009T-4G9_20260413/23HJC5LT4-5-IDUDI0036_S36_L005_R1_001.fastq.gz	25238948966
data_somatic/HG009/NIST/HG009-T_clones/20250918p14/4G9/p15plus7/BCM_NovaSeqX_HG009T-4G9_20260413/23HJC5LT4-5-IDUDI0036_S36_L005_R2_001.fastq.gz	25135014485
data_somatic/HG009/NIST/HG009-T_clones/20250918p14/4G9/p15plus7/BCM_NovaSeqX_HG009T-4G9_20260413/23HJC5LT4-6-IDUDI0036_S46_L006_R1_001.fastq.gz	25349435447
data_somatic/HG009/NIST/HG009-T_clones/20250918p14/4G9/p15plus7/BCM_NovaSeqX_HG009T-4G9_20260413/23HJC5LT4-6-IDUDI0036_S46_L006_R2_001.fastq.gz	25280212417
data_somatic/HG009/NIST/HG009-T_clones/20250918p14/4G9/p15plus7/BCM_NovaSeqX_HG009T-4G9_20260413/23HLKJLT4-4-IDUDI0036_S59_L004_R1_001.fastq.gz	25222500161
data_somatic/HG009/NIST/HG009-T_clones/20250918p14/4G9/p15plus7/BCM_NovaSeqX_HG009T-4G9_20260413/23HLKJLT4-4-IDUDI0036_S59_L004_R2_001.fastq.gz	24921925124
data_somatic/HG009/NIST/HG009-T_clones/20250918p14/4G9/p15plus7/BCM_NovaSeqX_HG009T-4G9_20260413/23HLKJLT4-5-IDUDI0036_S69_L005_R1_001.fastq.gz	24982841914
data_somatic/HG009/NIST/HG009-T_clones/20250918p14/4G9/p15plus7/BCM_NovaSeqX_HG009T-4G9_20260413/23HLKJLT4-5-IDUDI0036_S69_L005_R2_001.fastq.gz	24643753291
data_somatic/HG009/NIST/HG009-T_clones/20250918p14/4G9/p15plus7/BCM_NovaSeqX_HG009T-4G9_20260413/HG009-T-4G9_ILMN-NovaSeqX_194X_GRCh38-GIABv3.bam	130453517641
data_somatic/HG009/NIST/HG009-T_clones/20250918p14/4G9/p15plus7/BCM_NovaSeqX_HG009T-4G9_20260413/HG009-T-4G9_ILMN-NovaSeqX_194X_GRCh38-GIABv3.bam.bai	9041232
data_somatic/HG009/NIST/HG009-T_clones/20250918p14/4G9/p15plus7/BCM_NovaSeqX_HG009T-4G9_20260413/HG009-T-4G9_ILMN-NovaSeqX_194X_GRCh38-GIABv3_multiqc_report.html	2492445
data_somatic/HG009/NIST/HG009-T_clones/20250918p14/4G9/p15plus7/BCM_NovaSeqX_HG009T-4G9_20260413/README_BCM_ILMN_HG009-T-4G9_20260413.md	8358
data_somatic/HG009/NIST/HG009-T_clones/20250918p14/4G9/p15plus7/BCM_NovaSeqX_HG009T-4G9_20260413/checksums.md5	917
