data/AshkenazimTrio/analysis/NIST_BGIseq_2x150bp_100x_07192023/README_NIST_BGISeq_100x_HG002_analysis.md	5759
data/AshkenazimTrio/analysis/NIST_BGIseq_2x150bp_100x_07192023/hg19_BGI_F21FTSUSAT0769_HUMuarfR_report_en.pdf	1007111
data/AshkenazimTrio/analysis/NIST_BGIseq_2x150bp_100x_07192023/hg38_BGI_F21FTSUSAT0769_HUMuarfR_report_en.pdf	1007295
data/AshkenazimTrio/analysis/NIST_HG002_DraftBenchmark_defrabbV0.012-20231107/CHM13v2.0_HG002-T2TQ100-V1.0_smvar.benchmark.bed	380963
data/AshkenazimTrio/analysis/NIST_HG002_DraftBenchmark_defrabbV0.012-20231107/CHM13v2.0_HG002-T2TQ100-V1.0_smvar.exclusion_stats.txt	1660
data/AshkenazimTrio/analysis/NIST_HG002_DraftBenchmark_defrabbV0.012-20231107/CHM13v2.0_HG002-T2TQ100-V1.0_smvar.vcf.gz	41520553
data/AshkenazimTrio/analysis/NIST_HG002_DraftBenchmark_defrabbV0.012-20231107/CHM13v2.0_HG002-T2TQ100-V1.0_smvar.vcf.gz.tbi	1564164
data/AshkenazimTrio/analysis/NIST_HG002_DraftBenchmark_defrabbV0.012-20231107/CHM13v2.0_HG002-T2TQ100-V1.0_stvar.benchmark.bed	3650
data/AshkenazimTrio/analysis/NIST_HG002_DraftBenchmark_defrabbV0.012-20231107/CHM13v2.0_HG002-T2TQ100-V1.0_stvar.exclusion_stats.txt	1475
data/AshkenazimTrio/analysis/NIST_HG002_DraftBenchmark_defrabbV0.012-20231107/CHM13v2.0_HG002-T2TQ100-V1.0_stvar.vcf.gz	11210589
data/AshkenazimTrio/analysis/NIST_HG002_DraftBenchmark_defrabbV0.012-20231107/CHM13v2.0_HG002-T2TQ100-V1.0_stvar.vcf.gz.tbi	400290
data/AshkenazimTrio/analysis/NIST_HG002_DraftBenchmark_defrabbV0.012-20231107/GRCh37_HG002-T2TQ100-V1.0_smvar.benchmark.bed	391565
data/AshkenazimTrio/analysis/NIST_HG002_DraftBenchmark_defrabbV0.012-20231107/GRCh37_HG002-T2TQ100-V1.0_smvar.exclusion_stats.txt	1625
data/AshkenazimTrio/analysis/NIST_HG002_DraftBenchmark_defrabbV0.012-20231107/GRCh37_HG002-T2TQ100-V1.0_smvar.vcf.gz	35257859
data/AshkenazimTrio/analysis/NIST_HG002_DraftBenchmark_defrabbV0.012-20231107/GRCh37_HG002-T2TQ100-V1.0_smvar.vcf.gz.tbi	1527139
data/AshkenazimTrio/analysis/NIST_HG002_DraftBenchmark_defrabbV0.012-20231107/GRCh37_HG002-T2TQ100-V1.0_stvar.benchmark.bed	6380
data/AshkenazimTrio/analysis/NIST_HG002_DraftBenchmark_defrabbV0.012-20231107/GRCh37_HG002-T2TQ100-V1.0_stvar.exclusion_stats.txt	1443
data/AshkenazimTrio/analysis/NIST_HG002_DraftBenchmark_defrabbV0.012-20231107/GRCh37_HG002-T2TQ100-V1.0_stvar.vcf.gz	8803494
data/AshkenazimTrio/analysis/NIST_HG002_DraftBenchmark_defrabbV0.012-20231107/GRCh37_HG002-T2TQ100-V1.0_stvar.vcf.gz.tbi	397109
data/AshkenazimTrio/analysis/NIST_HG002_DraftBenchmark_defrabbV0.012-20231107/GRCh38_HG002-T2TQ100-V1.0_smvar.benchmark.bed	454683
data/AshkenazimTrio/analysis/NIST_HG002_DraftBenchmark_defrabbV0.012-20231107/GRCh38_HG002-T2TQ100-V1.0_smvar.exclusion_stats.txt	1631
data/AshkenazimTrio/analysis/NIST_HG002_DraftBenchmark_defrabbV0.012-20231107/GRCh38_HG002-T2TQ100-V1.0_smvar.vcf.gz	39054603
data/AshkenazimTrio/analysis/NIST_HG002_DraftBenchmark_defrabbV0.012-20231107/GRCh38_HG002-T2TQ100-V1.0_smvar.vcf.gz.tbi	1546482
data/AshkenazimTrio/analysis/NIST_HG002_DraftBenchmark_defrabbV0.012-20231107/GRCh38_HG002-T2TQ100-V1.0_stvar.benchmark.bed	6214
data/AshkenazimTrio/analysis/NIST_HG002_DraftBenchmark_defrabbV0.012-20231107/GRCh38_HG002-T2TQ100-V1.0_stvar.exclusion_stats.txt	1449
data/AshkenazimTrio/analysis/NIST_HG002_DraftBenchmark_defrabbV0.012-20231107/GRCh38_HG002-T2TQ100-V1.0_stvar.vcf.gz	9728499
data/AshkenazimTrio/analysis/NIST_HG002_DraftBenchmark_defrabbV0.012-20231107/GRCh38_HG002-T2TQ100-V1.0_stvar.vcf.gz.tbi	409491
data/AshkenazimTrio/analysis/NIST_HG002_DraftBenchmark_defrabbV0.012-20231107/README.md	14956
data/AshkenazimTrio/analysis/NIST_HG002_DraftBenchmark_defrabbV0.012-20231107/checksums.md5	4542
data/AshkenazimTrio/analysis/NIST_HG002_DraftBenchmark_defrabbV0.012-20231107/defrabb_files/20231107_v0.012_HG002.tar.gz	1690370835
data/AshkenazimTrio/analysis/NIST_HG002_DraftBenchmark_defrabbV0.012-20231107/defrabb_files/analyses_20231107_v0.012_HG002.tsv	3271
data/AshkenazimTrio/analysis/NIST_HG002_DraftBenchmark_defrabbV0.012-20231107/defrabb_files/defrabb_environment.txt	24916
data/AshkenazimTrio/analysis/NIST_HG002_DraftBenchmark_defrabbV0.012-20231107/defrabb_files/resources.yml	30694
data/AshkenazimTrio/analysis/NIST_HG002_DraftBenchmark_defrabbV0.012-20231107/defrabb_files/snakemake_report_20231107_v0.012_HG002.html	3205966
data/AshkenazimTrio/analysis/NIST_HG002_DraftBenchmark_defrabbV0.012-20231107/dipcall_output/CHM13v2.0_HG2-T2TQ100-V1.0_dipcall-z2k.dip.bed	12051
data/AshkenazimTrio/analysis/NIST_HG002_DraftBenchmark_defrabbV0.012-20231107/dipcall_output/CHM13v2.0_HG2-T2TQ100-V1.0_dipcall-z2k.dip.vcf.gz	44132380
data/AshkenazimTrio/analysis/NIST_HG002_DraftBenchmark_defrabbV0.012-20231107/dipcall_output/CHM13v2.0_HG2-T2TQ100-V1.0_dipcall-z2k.dip.vcf.gz.tbi	1533005
data/AshkenazimTrio/analysis/NIST_HG002_DraftBenchmark_defrabbV0.012-20231107/dipcall_output/CHM13v2.0_HG2-T2TQ100-V1.0_dipcall-z2k.hap1.bam	980598546
data/AshkenazimTrio/analysis/NIST_HG002_DraftBenchmark_defrabbV0.012-20231107/dipcall_output/CHM13v2.0_HG2-T2TQ100-V1.0_dipcall-z2k.hap1.bam.bai	1527952
data/AshkenazimTrio/analysis/NIST_HG002_DraftBenchmark_defrabbV0.012-20231107/dipcall_output/CHM13v2.0_HG2-T2TQ100-V1.0_dipcall-z2k.hap2.bam	1064664172
data/AshkenazimTrio/analysis/NIST_HG002_DraftBenchmark_defrabbV0.012-20231107/dipcall_output/CHM13v2.0_HG2-T2TQ100-V1.0_dipcall-z2k.hap2.bam.bai	1498208
data/AshkenazimTrio/analysis/NIST_HG002_DraftBenchmark_defrabbV0.012-20231107/dipcall_output/GRCh37_HG2-T2TQ100-V1.0_dipcall-z2k.dip.bed	10253
data/AshkenazimTrio/analysis/NIST_HG002_DraftBenchmark_defrabbV0.012-20231107/dipcall_output/GRCh37_HG2-T2TQ100-V1.0_dipcall-z2k.dip.vcf.gz	38258897
data/AshkenazimTrio/analysis/NIST_HG002_DraftBenchmark_defrabbV0.012-20231107/dipcall_output/GRCh37_HG2-T2TQ100-V1.0_dipcall-z2k.dip.vcf.gz.tbi	1495179
data/AshkenazimTrio/analysis/NIST_HG002_DraftBenchmark_defrabbV0.012-20231107/dipcall_output/GRCh37_HG2-T2TQ100-V1.0_dipcall-z2k.hap1.bam	1138016007
data/AshkenazimTrio/analysis/NIST_HG002_DraftBenchmark_defrabbV0.012-20231107/dipcall_output/GRCh37_HG2-T2TQ100-V1.0_dipcall-z2k.hap1.bam.bai	1539392
data/AshkenazimTrio/analysis/NIST_HG002_DraftBenchmark_defrabbV0.012-20231107/dipcall_output/GRCh37_HG2-T2TQ100-V1.0_dipcall-z2k.hap2.bam	1192686967
data/AshkenazimTrio/analysis/NIST_HG002_DraftBenchmark_defrabbV0.012-20231107/dipcall_output/GRCh37_HG2-T2TQ100-V1.0_dipcall-z2k.hap2.bam.bai	1510840
data/AshkenazimTrio/analysis/NIST_HG002_DraftBenchmark_defrabbV0.012-20231107/dipcall_output/GRCh38_HG2-T2TQ100-V1.0_dipcall-z2k.dip.bed	9674
data/AshkenazimTrio/analysis/NIST_HG002_DraftBenchmark_defrabbV0.012-20231107/dipcall_output/GRCh38_HG2-T2TQ100-V1.0_dipcall-z2k.dip.vcf.gz	42332041
data/AshkenazimTrio/analysis/NIST_HG002_DraftBenchmark_defrabbV0.012-20231107/dipcall_output/GRCh38_HG2-T2TQ100-V1.0_dipcall-z2k.dip.vcf.gz.tbi	1514872
data/AshkenazimTrio/analysis/NIST_HG002_DraftBenchmark_defrabbV0.012-20231107/dipcall_output/GRCh38_HG2-T2TQ100-V1.0_dipcall-z2k.hap1.bam	1039778539
data/AshkenazimTrio/analysis/NIST_HG002_DraftBenchmark_defrabbV0.012-20231107/dipcall_output/GRCh38_HG2-T2TQ100-V1.0_dipcall-z2k.hap1.bam.bai	1521376
data/AshkenazimTrio/analysis/NIST_HG002_DraftBenchmark_defrabbV0.012-20231107/dipcall_output/GRCh38_HG2-T2TQ100-V1.0_dipcall-z2k.hap2.bam	1097706918
data/AshkenazimTrio/analysis/NIST_HG002_DraftBenchmark_defrabbV0.012-20231107/dipcall_output/GRCh38_HG2-T2TQ100-V1.0_dipcall-z2k.hap2.bam.bai	1521792
data/AshkenazimTrio/analysis/NIST_HG002_DraftBenchmark_defrabbV0.015-20240215/CHM13v2.0_HG2-T2TQ100-V1.0.vcf.gz	48024767
data/AshkenazimTrio/analysis/NIST_HG002_DraftBenchmark_defrabbV0.015-20240215/CHM13v2.0_HG2-T2TQ100-V1.0.vcf.gz.tbi	1573368
data/AshkenazimTrio/analysis/NIST_HG002_DraftBenchmark_defrabbV0.015-20240215/CHM13v2.0_HG2-T2TQ100-V1.0_smvar.benchmark.bed	377606
data/AshkenazimTrio/analysis/NIST_HG002_DraftBenchmark_defrabbV0.015-20240215/CHM13v2.0_HG2-T2TQ100-V1.0_smvar.exclusion_stats.txt	1714
data/AshkenazimTrio/analysis/NIST_HG002_DraftBenchmark_defrabbV0.015-20240215/CHM13v2.0_HG2-T2TQ100-V1.0_stvar.benchmark.bed	3254
data/AshkenazimTrio/analysis/NIST_HG002_DraftBenchmark_defrabbV0.015-20240215/CHM13v2.0_HG2-T2TQ100-V1.0_stvar.exclusion_stats.txt	1529
data/AshkenazimTrio/analysis/NIST_HG002_DraftBenchmark_defrabbV0.015-20240215/GRCh37_HG2-T2TQ100-V1.0.vcf.gz	42969676
data/AshkenazimTrio/analysis/NIST_HG002_DraftBenchmark_defrabbV0.015-20240215/GRCh37_HG2-T2TQ100-V1.0.vcf.gz.tbi	1534477
data/AshkenazimTrio/analysis/NIST_HG002_DraftBenchmark_defrabbV0.015-20240215/GRCh37_HG2-T2TQ100-V1.0_smvar.benchmark.bed	387052
data/AshkenazimTrio/analysis/NIST_HG002_DraftBenchmark_defrabbV0.015-20240215/GRCh37_HG2-T2TQ100-V1.0_smvar.exclusion_stats.txt	1685
data/AshkenazimTrio/analysis/NIST_HG002_DraftBenchmark_defrabbV0.015-20240215/GRCh37_HG2-T2TQ100-V1.0_stvar.benchmark.bed	5922
data/AshkenazimTrio/analysis/NIST_HG002_DraftBenchmark_defrabbV0.015-20240215/GRCh37_HG2-T2TQ100-V1.0_stvar.exclusion_stats.txt	1503
data/AshkenazimTrio/analysis/NIST_HG002_DraftBenchmark_defrabbV0.015-20240215/GRCh38_HG2-T2TQ100-V1.0.vcf.gz	48034485
data/AshkenazimTrio/analysis/NIST_HG002_DraftBenchmark_defrabbV0.015-20240215/GRCh38_HG2-T2TQ100-V1.0.vcf.gz.tbi	1553258
data/AshkenazimTrio/analysis/NIST_HG002_DraftBenchmark_defrabbV0.015-20240215/GRCh38_HG2-T2TQ100-V1.0_smvar.benchmark.bed	449189
data/AshkenazimTrio/analysis/NIST_HG002_DraftBenchmark_defrabbV0.015-20240215/GRCh38_HG2-T2TQ100-V1.0_smvar.exclusion_stats.txt	1689
data/AshkenazimTrio/analysis/NIST_HG002_DraftBenchmark_defrabbV0.015-20240215/GRCh38_HG2-T2TQ100-V1.0_stvar.benchmark.bed	5359
data/AshkenazimTrio/analysis/NIST_HG002_DraftBenchmark_defrabbV0.015-20240215/GRCh38_HG2-T2TQ100-V1.0_stvar.exclusion_stats.txt	1507
data/AshkenazimTrio/analysis/NIST_HG002_DraftBenchmark_defrabbV0.015-20240215/README.md	16284
data/AshkenazimTrio/analysis/NIST_HG002_DraftBenchmark_defrabbV0.015-20240215/checksum.md5	3937
data/AshkenazimTrio/analysis/NIST_HG002_DraftBenchmark_defrabbV0.015-20240215/defrabb_files/analyses_20240215_v0.015_HG002.tsv	6761
data/AshkenazimTrio/analysis/NIST_HG002_DraftBenchmark_defrabbV0.015-20240215/defrabb_files/defrabb-master.tar.gz	267554145
data/AshkenazimTrio/analysis/NIST_HG002_DraftBenchmark_defrabbV0.015-20240215/defrabb_files/environment.yml	7664
data/AshkenazimTrio/analysis/NIST_HG002_DraftBenchmark_defrabbV0.015-20240215/defrabb_files/resources.yml	33161
data/AshkenazimTrio/analysis/NIST_HG002_DraftBenchmark_defrabbV0.015-20240215/defrabb_files/snakemake_report_20240215_v0.015_HG002.html	3321154
data/AshkenazimTrio/analysis/NIST_HG002_DraftBenchmark_defrabbV0.015-20240215/dipcall_output/CHM13v2.0_HG2-T2TQ100-V1.0_dipcall-z2k.dip.bed	12051
data/AshkenazimTrio/analysis/NIST_HG002_DraftBenchmark_defrabbV0.015-20240215/dipcall_output/CHM13v2.0_HG2-T2TQ100-V1.0_dipcall-z2k.dip.vcf.gz	42183785
data/AshkenazimTrio/analysis/NIST_HG002_DraftBenchmark_defrabbV0.015-20240215/dipcall_output/CHM13v2.0_HG2-T2TQ100-V1.0_dipcall-z2k.dip.vcf.gz.tbi	1564571
data/AshkenazimTrio/analysis/NIST_HG002_DraftBenchmark_defrabbV0.015-20240215/dipcall_output/CHM13v2.0_HG2-T2TQ100-V1.0_dipcall-z2k.hap1.bam	980598539
data/AshkenazimTrio/analysis/NIST_HG002_DraftBenchmark_defrabbV0.015-20240215/dipcall_output/CHM13v2.0_HG2-T2TQ100-V1.0_dipcall-z2k.hap1.bam.bai	1527952
data/AshkenazimTrio/analysis/NIST_HG002_DraftBenchmark_defrabbV0.015-20240215/dipcall_output/CHM13v2.0_HG2-T2TQ100-V1.0_dipcall-z2k.hap2.bam	1064664186
data/AshkenazimTrio/analysis/NIST_HG002_DraftBenchmark_defrabbV0.015-20240215/dipcall_output/CHM13v2.0_HG2-T2TQ100-V1.0_dipcall-z2k.hap2.bam.bai	1498208
data/AshkenazimTrio/analysis/NIST_HG002_DraftBenchmark_defrabbV0.015-20240215/dipcall_output/GRCh37_HG2-T2TQ100-V1.0_dipcall-z2k.dip.bed	10253
data/AshkenazimTrio/analysis/NIST_HG002_DraftBenchmark_defrabbV0.015-20240215/dipcall_output/GRCh37_HG2-T2TQ100-V1.0_dipcall-z2k.dip.vcf.gz	38258897
data/AshkenazimTrio/analysis/NIST_HG002_DraftBenchmark_defrabbV0.015-20240215/dipcall_output/GRCh37_HG2-T2TQ100-V1.0_dipcall-z2k.dip.vcf.gz.tbi	1527354
data/AshkenazimTrio/analysis/NIST_HG002_DraftBenchmark_defrabbV0.015-20240215/dipcall_output/GRCh37_HG2-T2TQ100-V1.0_dipcall-z2k.hap1.bam	1138016039
data/AshkenazimTrio/analysis/NIST_HG002_DraftBenchmark_defrabbV0.015-20240215/dipcall_output/GRCh37_HG2-T2TQ100-V1.0_dipcall-z2k.hap1.bam.bai	1539392
data/AshkenazimTrio/analysis/NIST_HG002_DraftBenchmark_defrabbV0.015-20240215/dipcall_output/GRCh37_HG2-T2TQ100-V1.0_dipcall-z2k.hap2.bam	1192686955
data/AshkenazimTrio/analysis/NIST_HG002_DraftBenchmark_defrabbV0.015-20240215/dipcall_output/GRCh37_HG2-T2TQ100-V1.0_dipcall-z2k.hap2.bam.bai	1510840
data/AshkenazimTrio/analysis/NIST_HG002_DraftBenchmark_defrabbV0.015-20240215/dipcall_output/GRCh38_HG2-T2TQ100-V1.0_dipcall-z2k.dip.bed	9674
data/AshkenazimTrio/analysis/NIST_HG002_DraftBenchmark_defrabbV0.015-20240215/dipcall_output/GRCh38_HG2-T2TQ100-V1.0_dipcall-z2k.dip.vcf.gz	42332041
data/AshkenazimTrio/analysis/NIST_HG002_DraftBenchmark_defrabbV0.015-20240215/dipcall_output/GRCh38_HG2-T2TQ100-V1.0_dipcall-z2k.dip.vcf.gz.tbi	1547196
data/AshkenazimTrio/analysis/NIST_HG002_DraftBenchmark_defrabbV0.015-20240215/dipcall_output/GRCh38_HG2-T2TQ100-V1.0_dipcall-z2k.hap1.bam	1039778566
data/AshkenazimTrio/analysis/NIST_HG002_DraftBenchmark_defrabbV0.015-20240215/dipcall_output/GRCh38_HG2-T2TQ100-V1.0_dipcall-z2k.hap1.bam.bai	1521376
data/AshkenazimTrio/analysis/NIST_HG002_DraftBenchmark_defrabbV0.015-20240215/dipcall_output/GRCh38_HG2-T2TQ100-V1.0_dipcall-z2k.hap2.bam	1097706930
data/AshkenazimTrio/analysis/NIST_HG002_DraftBenchmark_defrabbV0.015-20240215/dipcall_output/GRCh38_HG2-T2TQ100-V1.0_dipcall-z2k.hap2.bam.bai	1521792
data/AshkenazimTrio/analysis/NIST_HG002_DraftBenchmark_defrabbV0.018-20240716/CHM13v2.0_HG2-T2TQ100-V1.1.vcf.gz	48006883
data/AshkenazimTrio/analysis/NIST_HG002_DraftBenchmark_defrabbV0.018-20240716/CHM13v2.0_HG2-T2TQ100-V1.1.vcf.gz.tbi	1573492
data/AshkenazimTrio/analysis/NIST_HG002_DraftBenchmark_defrabbV0.018-20240716/CHM13v2.0_HG2-T2TQ100-V1.1_smvar.benchmark.bed	580115
data/AshkenazimTrio/analysis/NIST_HG002_DraftBenchmark_defrabbV0.018-20240716/CHM13v2.0_HG2-T2TQ100-V1.1_smvar.exclusion_stats.txt	2459
data/AshkenazimTrio/analysis/NIST_HG002_DraftBenchmark_defrabbV0.018-20240716/CHM13v2.0_HG2-T2TQ100-V1.1_stvar.benchmark.bed	218416
data/AshkenazimTrio/analysis/NIST_HG002_DraftBenchmark_defrabbV0.018-20240716/CHM13v2.0_HG2-T2TQ100-V1.1_stvar.exclusion_stats.txt	2274
data/AshkenazimTrio/analysis/NIST_HG002_DraftBenchmark_defrabbV0.018-20240716/GRCh37_HG2-T2TQ100-V1.1.vcf.gz	42978223
data/AshkenazimTrio/analysis/NIST_HG002_DraftBenchmark_defrabbV0.018-20240716/GRCh37_HG2-T2TQ100-V1.1.vcf.gz.tbi	1534765
data/AshkenazimTrio/analysis/NIST_HG002_DraftBenchmark_defrabbV0.018-20240716/GRCh37_HG2-T2TQ100-V1.1_smvar.benchmark.bed	559031
data/AshkenazimTrio/analysis/NIST_HG002_DraftBenchmark_defrabbV0.018-20240716/GRCh37_HG2-T2TQ100-V1.1_smvar.exclusion_stats.txt	2405
data/AshkenazimTrio/analysis/NIST_HG002_DraftBenchmark_defrabbV0.018-20240716/GRCh37_HG2-T2TQ100-V1.1_stvar.benchmark.bed	189208
data/AshkenazimTrio/analysis/NIST_HG002_DraftBenchmark_defrabbV0.018-20240716/GRCh37_HG2-T2TQ100-V1.1_stvar.exclusion_stats.txt	2223
data/AshkenazimTrio/analysis/NIST_HG002_DraftBenchmark_defrabbV0.018-20240716/GRCh38_HG2-T2TQ100-V1.1.vcf.gz	48040022
data/AshkenazimTrio/analysis/NIST_HG002_DraftBenchmark_defrabbV0.018-20240716/GRCh38_HG2-T2TQ100-V1.1.vcf.gz.tbi	1554358
data/AshkenazimTrio/analysis/NIST_HG002_DraftBenchmark_defrabbV0.018-20240716/GRCh38_HG2-T2TQ100-V1.1_smvar.benchmark.bed	659128
data/AshkenazimTrio/analysis/NIST_HG002_DraftBenchmark_defrabbV0.018-20240716/GRCh38_HG2-T2TQ100-V1.1_smvar.exclusion_stats.txt	2413
data/AshkenazimTrio/analysis/NIST_HG002_DraftBenchmark_defrabbV0.018-20240716/GRCh38_HG2-T2TQ100-V1.1_stvar.benchmark.bed	229200
data/AshkenazimTrio/analysis/NIST_HG002_DraftBenchmark_defrabbV0.018-20240716/GRCh38_HG2-T2TQ100-V1.1_stvar.exclusion_stats.txt	2231
data/AshkenazimTrio/analysis/NIST_HG002_DraftBenchmark_defrabbV0.018-20240716/NIST_HG002_DraftBenchmark_defrabbV0.018-20240716_README_update.md	20425
data/AshkenazimTrio/analysis/NIST_HG002_DraftBenchmark_defrabbV0.018-20240716/checksum.md5	4050
data/AshkenazimTrio/analysis/NIST_HG002_DraftBenchmark_defrabbV0.018-20240716/defrabb_files/analyses_20240716_v0.018_HG002Q100.tsv	14757
data/AshkenazimTrio/analysis/NIST_HG002_DraftBenchmark_defrabbV0.018-20240716/defrabb_files/analysis.html	10629094
data/AshkenazimTrio/analysis/NIST_HG002_DraftBenchmark_defrabbV0.018-20240716/defrabb_files/archive.tar.gz	3175663034
data/AshkenazimTrio/analysis/NIST_HG002_DraftBenchmark_defrabbV0.018-20240716/defrabb_files/environment.yml	5194
data/AshkenazimTrio/analysis/NIST_HG002_DraftBenchmark_defrabbV0.018-20240716/defrabb_files/resources.yml	47452
data/AshkenazimTrio/analysis/NIST_HG002_DraftBenchmark_defrabbV0.018-20240716/defrabb_files/snakemake_report_20240716_v0.018_HG002Q100.zip	4103891
data/AshkenazimTrio/analysis/NIST_HG002_DraftBenchmark_defrabbV0.018-20240716/dipcall_output/CHM13v2.0_HG2-T2TQ100-V1.1_dipcall-z2k.dip.bed	11908
data/AshkenazimTrio/analysis/NIST_HG002_DraftBenchmark_defrabbV0.018-20240716/dipcall_output/CHM13v2.0_HG2-T2TQ100-V1.1_dipcall-z2k.dip.vcf.gz	42177155
data/AshkenazimTrio/analysis/NIST_HG002_DraftBenchmark_defrabbV0.018-20240716/dipcall_output/CHM13v2.0_HG2-T2TQ100-V1.1_dipcall-z2k.dip.vcf.gz.tbi	1564852
data/AshkenazimTrio/analysis/NIST_HG002_DraftBenchmark_defrabbV0.018-20240716/dipcall_output/CHM13v2.0_HG2-T2TQ100-V1.1_dipcall-z2k.hap1.bam	980599198
data/AshkenazimTrio/analysis/NIST_HG002_DraftBenchmark_defrabbV0.018-20240716/dipcall_output/CHM13v2.0_HG2-T2TQ100-V1.1_dipcall-z2k.hap1.bam.bai	1527872
data/AshkenazimTrio/analysis/NIST_HG002_DraftBenchmark_defrabbV0.018-20240716/dipcall_output/CHM13v2.0_HG2-T2TQ100-V1.1_dipcall-z2k.hap2.bam	1064649612
data/AshkenazimTrio/analysis/NIST_HG002_DraftBenchmark_defrabbV0.018-20240716/dipcall_output/CHM13v2.0_HG2-T2TQ100-V1.1_dipcall-z2k.hap2.bam.bai	1498184
data/AshkenazimTrio/analysis/NIST_HG002_DraftBenchmark_defrabbV0.018-20240716/dipcall_output/GRCh37_HG2-T2TQ100-V1.1_dipcall-z2k.dip.bed	10253
data/AshkenazimTrio/analysis/NIST_HG002_DraftBenchmark_defrabbV0.018-20240716/dipcall_output/GRCh37_HG2-T2TQ100-V1.1_dipcall-z2k.dip.vcf.gz	38280479
data/AshkenazimTrio/analysis/NIST_HG002_DraftBenchmark_defrabbV0.018-20240716/dipcall_output/GRCh37_HG2-T2TQ100-V1.1_dipcall-z2k.dip.vcf.gz.tbi	1527406
data/AshkenazimTrio/analysis/NIST_HG002_DraftBenchmark_defrabbV0.018-20240716/dipcall_output/GRCh37_HG2-T2TQ100-V1.1_dipcall-z2k.hap1.bam	1138087754
data/AshkenazimTrio/analysis/NIST_HG002_DraftBenchmark_defrabbV0.018-20240716/dipcall_output/GRCh37_HG2-T2TQ100-V1.1_dipcall-z2k.hap1.bam.bai	1539392
data/AshkenazimTrio/analysis/NIST_HG002_DraftBenchmark_defrabbV0.018-20240716/dipcall_output/GRCh37_HG2-T2TQ100-V1.1_dipcall-z2k.hap2.bam	1192681715
data/AshkenazimTrio/analysis/NIST_HG002_DraftBenchmark_defrabbV0.018-20240716/dipcall_output/GRCh37_HG2-T2TQ100-V1.1_dipcall-z2k.hap2.bam.bai	1510856
data/AshkenazimTrio/analysis/NIST_HG002_DraftBenchmark_defrabbV0.018-20240716/dipcall_output/GRCh38_HG2-T2TQ100-V1.1_dipcall-z2k.dip.bed	9696
data/AshkenazimTrio/analysis/NIST_HG002_DraftBenchmark_defrabbV0.018-20240716/dipcall_output/GRCh38_HG2-T2TQ100-V1.1_dipcall-z2k.dip.vcf.gz	42354341
data/AshkenazimTrio/analysis/NIST_HG002_DraftBenchmark_defrabbV0.018-20240716/dipcall_output/GRCh38_HG2-T2TQ100-V1.1_dipcall-z2k.dip.vcf.gz.tbi	1546178
data/AshkenazimTrio/analysis/NIST_HG002_DraftBenchmark_defrabbV0.018-20240716/dipcall_output/GRCh38_HG2-T2TQ100-V1.1_dipcall-z2k.hap1.bam	1039762567
data/AshkenazimTrio/analysis/NIST_HG002_DraftBenchmark_defrabbV0.018-20240716/dipcall_output/GRCh38_HG2-T2TQ100-V1.1_dipcall-z2k.hap1.bam.bai	1521344
data/AshkenazimTrio/analysis/NIST_HG002_DraftBenchmark_defrabbV0.018-20240716/dipcall_output/GRCh38_HG2-T2TQ100-V1.1_dipcall-z2k.hap2.bam	1097714247
data/AshkenazimTrio/analysis/NIST_HG002_DraftBenchmark_defrabbV0.018-20240716/dipcall_output/GRCh38_HG2-T2TQ100-V1.1_dipcall-z2k.hap2.bam.bai	1521752
data/AshkenazimTrio/analysis/NIST_HG002_DraftBenchmark_defrabbV0.019-20241113/CHM13v2.0_HG2-T2TQ100-V1.1_smvar.benchmark.bed	600728
data/AshkenazimTrio/analysis/NIST_HG002_DraftBenchmark_defrabbV0.019-20241113/CHM13v2.0_HG2-T2TQ100-V1.1_smvar.vcf.gz	41976130
data/AshkenazimTrio/analysis/NIST_HG002_DraftBenchmark_defrabbV0.019-20241113/CHM13v2.0_HG2-T2TQ100-V1.1_smvar.vcf.gz.tbi	1565797
data/AshkenazimTrio/analysis/NIST_HG002_DraftBenchmark_defrabbV0.019-20241113/CHM13v2.0_HG2-T2TQ100-V1.1_stvar.benchmark.bed	218416
data/AshkenazimTrio/analysis/NIST_HG002_DraftBenchmark_defrabbV0.019-20241113/CHM13v2.0_HG2-T2TQ100-V1.1_stvar.vcf.gz	48006873
data/AshkenazimTrio/analysis/NIST_HG002_DraftBenchmark_defrabbV0.019-20241113/CHM13v2.0_HG2-T2TQ100-V1.1_stvar.vcf.gz.tbi	1573486
data/AshkenazimTrio/analysis/NIST_HG002_DraftBenchmark_defrabbV0.019-20241113/GRCh37_HG2-T2TQ100-V1.1_smvar.benchmark.bed	581671
data/AshkenazimTrio/analysis/NIST_HG002_DraftBenchmark_defrabbV0.019-20241113/GRCh37_HG2-T2TQ100-V1.1_smvar.vcf.gz	37918284
data/AshkenazimTrio/analysis/NIST_HG002_DraftBenchmark_defrabbV0.019-20241113/GRCh37_HG2-T2TQ100-V1.1_smvar.vcf.gz.tbi	1527641
data/AshkenazimTrio/analysis/NIST_HG002_DraftBenchmark_defrabbV0.019-20241113/GRCh37_HG2-T2TQ100-V1.1_stvar.benchmark.bed	189208
data/AshkenazimTrio/analysis/NIST_HG002_DraftBenchmark_defrabbV0.019-20241113/GRCh37_HG2-T2TQ100-V1.1_stvar.vcf.gz	42978211
data/AshkenazimTrio/analysis/NIST_HG002_DraftBenchmark_defrabbV0.019-20241113/GRCh37_HG2-T2TQ100-V1.1_stvar.vcf.gz.tbi	1534803
data/AshkenazimTrio/analysis/NIST_HG002_DraftBenchmark_defrabbV0.019-20241113/GRCh38_HG2-T2TQ100-V1.1_smvar.benchmark.bed	684153
data/AshkenazimTrio/analysis/NIST_HG002_DraftBenchmark_defrabbV0.019-20241113/GRCh38_HG2-T2TQ100-V1.1_smvar.vcf.gz	42067646
data/AshkenazimTrio/analysis/NIST_HG002_DraftBenchmark_defrabbV0.019-20241113/GRCh38_HG2-T2TQ100-V1.1_smvar.vcf.gz.tbi	1547867
data/AshkenazimTrio/analysis/NIST_HG002_DraftBenchmark_defrabbV0.019-20241113/GRCh38_HG2-T2TQ100-V1.1_stvar.benchmark.bed	229200
data/AshkenazimTrio/analysis/NIST_HG002_DraftBenchmark_defrabbV0.019-20241113/GRCh38_HG2-T2TQ100-V1.1_stvar.vcf.gz	48040011
data/AshkenazimTrio/analysis/NIST_HG002_DraftBenchmark_defrabbV0.019-20241113/GRCh38_HG2-T2TQ100-V1.1_stvar.vcf.gz.tbi	1552906
data/AshkenazimTrio/analysis/NIST_HG002_DraftBenchmark_defrabbV0.019-20241113/NIST_HG002_DraftBenchmark_defrabbV0.019-20241113_README.md	20722
data/AshkenazimTrio/analysis/NIST_HG002_DraftBenchmark_defrabbV0.019-20241113/checksum.md5	4085
data/AshkenazimTrio/analysis/NIST_HG002_DraftBenchmark_defrabbV0.019-20241113/defrabb_files/analyses_20241113_v0.019_HG002Q100v1.1.tsv	14399
data/AshkenazimTrio/analysis/NIST_HG002_DraftBenchmark_defrabbV0.019-20241113/defrabb_files/archive.tar.gz	3208777657
data/AshkenazimTrio/analysis/NIST_HG002_DraftBenchmark_defrabbV0.019-20241113/defrabb_files/defrabb-v0.019.tar.gz	267564025
data/AshkenazimTrio/analysis/NIST_HG002_DraftBenchmark_defrabbV0.019-20241113/defrabb_files/environment.yml	5389
data/AshkenazimTrio/analysis/NIST_HG002_DraftBenchmark_defrabbV0.019-20241113/defrabb_files/resources.yml	50549
data/AshkenazimTrio/analysis/NIST_HG002_DraftBenchmark_defrabbV0.019-20241113/defrabb_files/snakemake_report_20241113_v0.019_HG002Q100v1.1.zip	4106339
data/AshkenazimTrio/analysis/NIST_HG002_DraftBenchmark_defrabbV0.019-20241113/dipcall_output/CHM13v2.0_HG2-T2TQ100-V1.1_dipcall-z2k.dip.bed	11908
data/AshkenazimTrio/analysis/NIST_HG002_DraftBenchmark_defrabbV0.019-20241113/dipcall_output/CHM13v2.0_HG2-T2TQ100-V1.1_dipcall-z2k.dip.vcf.gz	42177155
data/AshkenazimTrio/analysis/NIST_HG002_DraftBenchmark_defrabbV0.019-20241113/dipcall_output/CHM13v2.0_HG2-T2TQ100-V1.1_dipcall-z2k.dip.vcf.gz.tbi	1564852
data/AshkenazimTrio/analysis/NIST_HG002_DraftBenchmark_defrabbV0.019-20241113/dipcall_output/CHM13v2.0_HG2-T2TQ100-V1.1_dipcall-z2k.hap1.bam	980599201
data/AshkenazimTrio/analysis/NIST_HG002_DraftBenchmark_defrabbV0.019-20241113/dipcall_output/CHM13v2.0_HG2-T2TQ100-V1.1_dipcall-z2k.hap1.bam.bai	1527872
data/AshkenazimTrio/analysis/NIST_HG002_DraftBenchmark_defrabbV0.019-20241113/dipcall_output/CHM13v2.0_HG2-T2TQ100-V1.1_dipcall-z2k.hap2.bam	1064649614
data/AshkenazimTrio/analysis/NIST_HG002_DraftBenchmark_defrabbV0.019-20241113/dipcall_output/CHM13v2.0_HG2-T2TQ100-V1.1_dipcall-z2k.hap2.bam.bai	1498184
data/AshkenazimTrio/analysis/NIST_HG002_DraftBenchmark_defrabbV0.019-20241113/dipcall_output/GRCh37_HG2-T2TQ100-V1.1_dipcall-z2k.dip.bed	10253
data/AshkenazimTrio/analysis/NIST_HG002_DraftBenchmark_defrabbV0.019-20241113/dipcall_output/GRCh37_HG2-T2TQ100-V1.1_dipcall-z2k.dip.vcf.gz	38280479
data/AshkenazimTrio/analysis/NIST_HG002_DraftBenchmark_defrabbV0.019-20241113/dipcall_output/GRCh37_HG2-T2TQ100-V1.1_dipcall-z2k.dip.vcf.gz.tbi	1527406
data/AshkenazimTrio/analysis/NIST_HG002_DraftBenchmark_defrabbV0.019-20241113/dipcall_output/GRCh37_HG2-T2TQ100-V1.1_dipcall-z2k.hap1.bam	1138087757
data/AshkenazimTrio/analysis/NIST_HG002_DraftBenchmark_defrabbV0.019-20241113/dipcall_output/GRCh37_HG2-T2TQ100-V1.1_dipcall-z2k.hap1.bam.bai	1539392
data/AshkenazimTrio/analysis/NIST_HG002_DraftBenchmark_defrabbV0.019-20241113/dipcall_output/GRCh37_HG2-T2TQ100-V1.1_dipcall-z2k.hap2.bam	1192681716
data/AshkenazimTrio/analysis/NIST_HG002_DraftBenchmark_defrabbV0.019-20241113/dipcall_output/GRCh37_HG2-T2TQ100-V1.1_dipcall-z2k.hap2.bam.bai	1510856
data/AshkenazimTrio/analysis/NIST_HG002_DraftBenchmark_defrabbV0.019-20241113/dipcall_output/GRCh38_HG2-T2TQ100-V1.1_dipcall-z2k.dip.bed	9696
data/AshkenazimTrio/analysis/NIST_HG002_DraftBenchmark_defrabbV0.019-20241113/dipcall_output/GRCh38_HG2-T2TQ100-V1.1_dipcall-z2k.dip.vcf.gz	42354341
data/AshkenazimTrio/analysis/NIST_HG002_DraftBenchmark_defrabbV0.019-20241113/dipcall_output/GRCh38_HG2-T2TQ100-V1.1_dipcall-z2k.dip.vcf.gz.tbi	1546178
data/AshkenazimTrio/analysis/NIST_HG002_DraftBenchmark_defrabbV0.019-20241113/dipcall_output/GRCh38_HG2-T2TQ100-V1.1_dipcall-z2k.hap1.bam	1039762566
data/AshkenazimTrio/analysis/NIST_HG002_DraftBenchmark_defrabbV0.019-20241113/dipcall_output/GRCh38_HG2-T2TQ100-V1.1_dipcall-z2k.hap1.bam.bai	1521344
data/AshkenazimTrio/analysis/NIST_HG002_DraftBenchmark_defrabbV0.019-20241113/dipcall_output/GRCh38_HG2-T2TQ100-V1.1_dipcall-z2k.hap2.bam	1097714246
data/AshkenazimTrio/analysis/NIST_HG002_DraftBenchmark_defrabbV0.019-20241113/dipcall_output/GRCh38_HG2-T2TQ100-V1.1_dipcall-z2k.hap2.bam.bai	1521752
data/AshkenazimTrio/analysis/PacBio_HiFi-Revio_20231031/pacbio-wgs-wdl_germline_20231031/Additional_files_WDL_CHM13v2.0.tar.gz	4137
data/AshkenazimTrio/analysis/PacBio_HiFi-Revio_20231031/pacbio-wgs-wdl_germline_20231031/Additional_files_WDL_GRCh37.tar.gz	4106
data/AshkenazimTrio/analysis/PacBio_HiFi-Revio_20231031/pacbio-wgs-wdl_germline_20231031/Additional_files_WDL_GRCh38-GIABv3.tar.gz	4375
data/AshkenazimTrio/analysis/PacBio_HiFi-Revio_20231031/pacbio-wgs-wdl_germline_20231031/HG002.CHM13.combined.bw	933836762
data/AshkenazimTrio/analysis/PacBio_HiFi-Revio_20231031/pacbio-wgs-wdl_germline_20231031/HG002.CHM13.deepvariant.g.vcf.gz	567454862
data/AshkenazimTrio/analysis/PacBio_HiFi-Revio_20231031/pacbio-wgs-wdl_germline_20231031/HG002.CHM13.deepvariant.g.vcf.gz.tbi	695300
data/AshkenazimTrio/analysis/PacBio_HiFi-Revio_20231031/pacbio-wgs-wdl_germline_20231031/HG002.CHM13.deepvariant.phased.vcf.gz	173699577
data/AshkenazimTrio/analysis/PacBio_HiFi-Revio_20231031/pacbio-wgs-wdl_germline_20231031/HG002.CHM13.deepvariant.phased.vcf.gz.tbi	1731756
data/AshkenazimTrio/analysis/PacBio_HiFi-Revio_20231031/pacbio-wgs-wdl_germline_20231031/HG002.CHM13.deepvariant.roh.bed	271344
data/AshkenazimTrio/analysis/PacBio_HiFi-Revio_20231031/pacbio-wgs-wdl_germline_20231031/HG002.CHM13.hap1.bw	769978606
data/AshkenazimTrio/analysis/PacBio_HiFi-Revio_20231031/pacbio-wgs-wdl_germline_20231031/HG002.CHM13.hap2.bw	767277784
data/AshkenazimTrio/analysis/PacBio_HiFi-Revio_20231031/pacbio-wgs-wdl_germline_20231031/HG002.CHM13.pbsv.phased.vcf.gz	4405781
data/AshkenazimTrio/analysis/PacBio_HiFi-Revio_20231031/pacbio-wgs-wdl_germline_20231031/HG002.CHM13.pbsv.phased.vcf.gz.tbi	361106
data/AshkenazimTrio/analysis/PacBio_HiFi-Revio_20231031/pacbio-wgs-wdl_germline_20231031/HG002.GRCh37.combined.bw	861842961
data/AshkenazimTrio/analysis/PacBio_HiFi-Revio_20231031/pacbio-wgs-wdl_germline_20231031/HG002.GRCh37.deepvariant.g.vcf.gz	393044490
data/AshkenazimTrio/analysis/PacBio_HiFi-Revio_20231031/pacbio-wgs-wdl_germline_20231031/HG002.GRCh37.deepvariant.g.vcf.gz.tbi	611516
data/AshkenazimTrio/analysis/PacBio_HiFi-Revio_20231031/pacbio-wgs-wdl_germline_20231031/HG002.GRCh37.deepvariant.phased.vcf.gz	117193763
data/AshkenazimTrio/analysis/PacBio_HiFi-Revio_20231031/pacbio-wgs-wdl_germline_20231031/HG002.GRCh37.deepvariant.phased.vcf.gz.tbi	1601617
data/AshkenazimTrio/analysis/PacBio_HiFi-Revio_20231031/pacbio-wgs-wdl_germline_20231031/HG002.GRCh37.deepvariant.roh.bed	232427
data/AshkenazimTrio/analysis/PacBio_HiFi-Revio_20231031/pacbio-wgs-wdl_germline_20231031/HG002.GRCh37.hap1.bw	743648937
data/AshkenazimTrio/analysis/PacBio_HiFi-Revio_20231031/pacbio-wgs-wdl_germline_20231031/HG002.GRCh37.hap2.bw	742595580
data/AshkenazimTrio/analysis/PacBio_HiFi-Revio_20231031/pacbio-wgs-wdl_germline_20231031/HG002.GRCh37.pbsv.phased.vcf.gz	4322084
data/AshkenazimTrio/analysis/PacBio_HiFi-Revio_20231031/pacbio-wgs-wdl_germline_20231031/HG002.GRCh37.pbsv.phased.vcf.gz.tbi	356232
data/AshkenazimTrio/analysis/PacBio_HiFi-Revio_20231031/pacbio-wgs-wdl_germline_20231031/HG002.GRCh38.combined.bw	873294636
data/AshkenazimTrio/analysis/PacBio_HiFi-Revio_20231031/pacbio-wgs-wdl_germline_20231031/HG002.GRCh38.deepvariant.g.vcf.gz	492721949
data/AshkenazimTrio/analysis/PacBio_HiFi-Revio_20231031/pacbio-wgs-wdl_germline_20231031/HG002.GRCh38.deepvariant.g.vcf.gz.tbi	644547
data/AshkenazimTrio/analysis/PacBio_HiFi-Revio_20231031/pacbio-wgs-wdl_germline_20231031/HG002.GRCh38.deepvariant.phased.vcf.gz	160495315
data/AshkenazimTrio/analysis/PacBio_HiFi-Revio_20231031/pacbio-wgs-wdl_germline_20231031/HG002.GRCh38.deepvariant.phased.vcf.gz.tbi	1650991
data/AshkenazimTrio/analysis/PacBio_HiFi-Revio_20231031/pacbio-wgs-wdl_germline_20231031/HG002.GRCh38.deepvariant.roh.bed	278008
data/AshkenazimTrio/analysis/PacBio_HiFi-Revio_20231031/pacbio-wgs-wdl_germline_20231031/HG002.GRCh38.hap1.bw	751759761
data/AshkenazimTrio/analysis/PacBio_HiFi-Revio_20231031/pacbio-wgs-wdl_germline_20231031/HG002.GRCh38.hap2.bw	749413472
data/AshkenazimTrio/analysis/PacBio_HiFi-Revio_20231031/pacbio-wgs-wdl_germline_20231031/HG002.GRCh38.pbsv.phased.vcf.gz	4615347
data/AshkenazimTrio/analysis/PacBio_HiFi-Revio_20231031/pacbio-wgs-wdl_germline_20231031/HG002.GRCh38.pbsv.phased.vcf.gz.tbi	373626
data/AshkenazimTrio/analysis/PacBio_HiFi-Revio_20231031/pacbio-wgs-wdl_germline_20231031/HG003.CHM13.combined.bw	935626941
data/AshkenazimTrio/analysis/PacBio_HiFi-Revio_20231031/pacbio-wgs-wdl_germline_20231031/HG003.CHM13.deepvariant.g.vcf.gz	603530667
data/AshkenazimTrio/analysis/PacBio_HiFi-Revio_20231031/pacbio-wgs-wdl_germline_20231031/HG003.CHM13.deepvariant.g.vcf.gz.tbi	705655
data/AshkenazimTrio/analysis/PacBio_HiFi-Revio_20231031/pacbio-wgs-wdl_germline_20231031/HG003.CHM13.deepvariant.phased.vcf.gz	173707890
data/AshkenazimTrio/analysis/PacBio_HiFi-Revio_20231031/pacbio-wgs-wdl_germline_20231031/HG003.CHM13.deepvariant.phased.vcf.gz.tbi	1729507
data/AshkenazimTrio/analysis/PacBio_HiFi-Revio_20231031/pacbio-wgs-wdl_germline_20231031/HG003.CHM13.deepvariant.roh.bed	260589
data/AshkenazimTrio/analysis/PacBio_HiFi-Revio_20231031/pacbio-wgs-wdl_germline_20231031/HG003.CHM13.hap1.bw	757219141
data/AshkenazimTrio/analysis/PacBio_HiFi-Revio_20231031/pacbio-wgs-wdl_germline_20231031/HG003.CHM13.hap2.bw	755604037
data/AshkenazimTrio/analysis/PacBio_HiFi-Revio_20231031/pacbio-wgs-wdl_germline_20231031/HG003.CHM13.pbsv.phased.vcf.gz	4139852
data/AshkenazimTrio/analysis/PacBio_HiFi-Revio_20231031/pacbio-wgs-wdl_germline_20231031/HG003.CHM13.pbsv.phased.vcf.gz.tbi	352467
data/AshkenazimTrio/analysis/PacBio_HiFi-Revio_20231031/pacbio-wgs-wdl_germline_20231031/HG003.GRCh37.combined.bw	742595580
data/AshkenazimTrio/analysis/PacBio_HiFi-Revio_20231031/pacbio-wgs-wdl_germline_20231031/HG003.GRCh37.deepvariant.g.vcf.gz	422695908
data/AshkenazimTrio/analysis/PacBio_HiFi-Revio_20231031/pacbio-wgs-wdl_germline_20231031/HG003.GRCh37.deepvariant.g.vcf.gz.tbi	621393
data/AshkenazimTrio/analysis/PacBio_HiFi-Revio_20231031/pacbio-wgs-wdl_germline_20231031/HG003.GRCh37.deepvariant.phased.vcf.gz	116658572
data/AshkenazimTrio/analysis/PacBio_HiFi-Revio_20231031/pacbio-wgs-wdl_germline_20231031/HG003.GRCh37.deepvariant.phased.vcf.gz.tbi	1601177
data/AshkenazimTrio/analysis/PacBio_HiFi-Revio_20231031/pacbio-wgs-wdl_germline_20231031/HG003.GRCh37.deepvariant.roh.bed	232138
data/AshkenazimTrio/analysis/PacBio_HiFi-Revio_20231031/pacbio-wgs-wdl_germline_20231031/HG003.GRCh37.hap1.bw	736452689
data/AshkenazimTrio/analysis/PacBio_HiFi-Revio_20231031/pacbio-wgs-wdl_germline_20231031/HG003.GRCh37.hap2.bw	734214486
data/AshkenazimTrio/analysis/PacBio_HiFi-Revio_20231031/pacbio-wgs-wdl_germline_20231031/HG003.GRCh37.pbsv.phased.vcf.gz	4238346
data/AshkenazimTrio/analysis/PacBio_HiFi-Revio_20231031/pacbio-wgs-wdl_germline_20231031/HG003.GRCh37.pbsv.phased.vcf.gz.tbi	354701
data/AshkenazimTrio/analysis/PacBio_HiFi-Revio_20231031/pacbio-wgs-wdl_germline_20231031/HG003.GRCh38.combined.bw	884551834
data/AshkenazimTrio/analysis/PacBio_HiFi-Revio_20231031/pacbio-wgs-wdl_germline_20231031/HG003.GRCh38.deepvariant.g.vcf.gz	524445547
data/AshkenazimTrio/analysis/PacBio_HiFi-Revio_20231031/pacbio-wgs-wdl_germline_20231031/HG003.GRCh38.deepvariant.g.vcf.gz.tbi	654807
data/AshkenazimTrio/analysis/PacBio_HiFi-Revio_20231031/pacbio-wgs-wdl_germline_20231031/HG003.GRCh38.deepvariant.phased.vcf.gz	160188296
data/AshkenazimTrio/analysis/PacBio_HiFi-Revio_20231031/pacbio-wgs-wdl_germline_20231031/HG003.GRCh38.deepvariant.phased.vcf.gz.tbi	1649502
data/AshkenazimTrio/analysis/PacBio_HiFi-Revio_20231031/pacbio-wgs-wdl_germline_20231031/HG003.GRCh38.deepvariant.roh.bed	278739
data/AshkenazimTrio/analysis/PacBio_HiFi-Revio_20231031/pacbio-wgs-wdl_germline_20231031/HG003.GRCh38.hap1.bw	743556303
data/AshkenazimTrio/analysis/PacBio_HiFi-Revio_20231031/pacbio-wgs-wdl_germline_20231031/HG003.GRCh38.hap2.bw	741091885
data/AshkenazimTrio/analysis/PacBio_HiFi-Revio_20231031/pacbio-wgs-wdl_germline_20231031/HG003.GRCh38.pbsv.phased.vcf.gz	4469385
data/AshkenazimTrio/analysis/PacBio_HiFi-Revio_20231031/pacbio-wgs-wdl_germline_20231031/HG003.GRCh38.pbsv.phased.vcf.gz.tbi	372308
data/AshkenazimTrio/analysis/PacBio_HiFi-Revio_20231031/pacbio-wgs-wdl_germline_20231031/HG004.CHM13.combined.bw	912024385
data/AshkenazimTrio/analysis/PacBio_HiFi-Revio_20231031/pacbio-wgs-wdl_germline_20231031/HG004.CHM13.deepvariant.g.vcf.gz	752938675
data/AshkenazimTrio/analysis/PacBio_HiFi-Revio_20231031/pacbio-wgs-wdl_germline_20231031/HG004.CHM13.deepvariant.g.vcf.gz.tbi	750604
data/AshkenazimTrio/analysis/PacBio_HiFi-Revio_20231031/pacbio-wgs-wdl_germline_20231031/HG004.CHM13.deepvariant.phased.vcf.gz	175709357
data/AshkenazimTrio/analysis/PacBio_HiFi-Revio_20231031/pacbio-wgs-wdl_germline_20231031/HG004.CHM13.deepvariant.phased.vcf.gz.tbi	1705165
data/AshkenazimTrio/analysis/PacBio_HiFi-Revio_20231031/pacbio-wgs-wdl_germline_20231031/HG004.CHM13.deepvariant.roh.bed	278842
data/AshkenazimTrio/analysis/PacBio_HiFi-Revio_20231031/pacbio-wgs-wdl_germline_20231031/HG004.CHM13.hap1.bw	686485706
data/AshkenazimTrio/analysis/PacBio_HiFi-Revio_20231031/pacbio-wgs-wdl_germline_20231031/HG004.CHM13.hap2.bw	684880232
data/AshkenazimTrio/analysis/PacBio_HiFi-Revio_20231031/pacbio-wgs-wdl_germline_20231031/HG004.CHM13.pbsv.phased.vcf.gz	4218182
data/AshkenazimTrio/analysis/PacBio_HiFi-Revio_20231031/pacbio-wgs-wdl_germline_20231031/HG004.CHM13.pbsv.phased.vcf.gz.tbi	362824
data/AshkenazimTrio/analysis/PacBio_HiFi-Revio_20231031/pacbio-wgs-wdl_germline_20231031/HG004.GRCh37.combined.bw	864896406
data/AshkenazimTrio/analysis/PacBio_HiFi-Revio_20231031/pacbio-wgs-wdl_germline_20231031/HG004.GRCh37.deepvariant.g.vcf.gz	573640621
data/AshkenazimTrio/analysis/PacBio_HiFi-Revio_20231031/pacbio-wgs-wdl_germline_20231031/HG004.GRCh37.deepvariant.g.vcf.gz.tbi	670066
data/AshkenazimTrio/analysis/PacBio_HiFi-Revio_20231031/pacbio-wgs-wdl_germline_20231031/HG004.GRCh37.deepvariant.phased.vcf.gz	119285249
data/AshkenazimTrio/analysis/PacBio_HiFi-Revio_20231031/pacbio-wgs-wdl_germline_20231031/HG004.GRCh37.deepvariant.phased.vcf.gz.tbi	1591584
data/AshkenazimTrio/analysis/PacBio_HiFi-Revio_20231031/pacbio-wgs-wdl_germline_20231031/HG004.GRCh37.deepvariant.roh.bed	246831
data/AshkenazimTrio/analysis/PacBio_HiFi-Revio_20231031/pacbio-wgs-wdl_germline_20231031/HG004.GRCh37.hap1.bw	668795063
data/AshkenazimTrio/analysis/PacBio_HiFi-Revio_20231031/pacbio-wgs-wdl_germline_20231031/HG004.GRCh37.hap2.bw	666737966
data/AshkenazimTrio/analysis/PacBio_HiFi-Revio_20231031/pacbio-wgs-wdl_germline_20231031/HG004.GRCh37.pbsv.phased.vcf.gz	4184026
data/AshkenazimTrio/analysis/PacBio_HiFi-Revio_20231031/pacbio-wgs-wdl_germline_20231031/HG004.GRCh37.pbsv.phased.vcf.gz.tbi	359611
data/AshkenazimTrio/analysis/PacBio_HiFi-Revio_20231031/pacbio-wgs-wdl_germline_20231031/HG004.GRCh38.combined.bw	876391608
data/AshkenazimTrio/analysis/PacBio_HiFi-Revio_20231031/pacbio-wgs-wdl_germline_20231031/HG004.GRCh38.deepvariant.g.vcf.gz	674775293
data/AshkenazimTrio/analysis/PacBio_HiFi-Revio_20231031/pacbio-wgs-wdl_germline_20231031/HG004.GRCh38.deepvariant.g.vcf.gz.tbi	703355
data/AshkenazimTrio/analysis/PacBio_HiFi-Revio_20231031/pacbio-wgs-wdl_germline_20231031/HG004.GRCh38.deepvariant.phased.vcf.gz	160502834
data/AshkenazimTrio/analysis/PacBio_HiFi-Revio_20231031/pacbio-wgs-wdl_germline_20231031/HG004.GRCh38.deepvariant.phased.vcf.gz.tbi	1639415
data/AshkenazimTrio/analysis/PacBio_HiFi-Revio_20231031/pacbio-wgs-wdl_germline_20231031/HG004.GRCh38.deepvariant.roh.bed	294532
data/AshkenazimTrio/analysis/PacBio_HiFi-Revio_20231031/pacbio-wgs-wdl_germline_20231031/HG004.GRCh38.hap1.bw	674899403
data/AshkenazimTrio/analysis/PacBio_HiFi-Revio_20231031/pacbio-wgs-wdl_germline_20231031/HG004.GRCh38.hap2.bw	672511034
data/AshkenazimTrio/analysis/PacBio_HiFi-Revio_20231031/pacbio-wgs-wdl_germline_20231031/HG004.GRCh38.pbsv.phased.vcf.gz	4394197
data/AshkenazimTrio/analysis/PacBio_HiFi-Revio_20231031/pacbio-wgs-wdl_germline_20231031/HG004.GRCh38.pbsv.phased.vcf.gz.tbi	376071
data/AshkenazimTrio/analysis/PacBio_HiFi-Revio_20231031/pacbio-wgs-wdl_germline_20231031/README_PacBio_Revio_analysis.md	7002
data/AshkenazimTrio/analysis/PacBio_HiFi-Revio_20231031/pacbio-wgs-wdl_germline_20231031/checksums.md5	6211
data/AshkenazimTrio/analysis/ncbi_chrXY_var_03302023/ILMN/.others/hg002_b38_chrX.vcf_QUAL10DP10_AF075_sites	1667554
data/AshkenazimTrio/analysis/ncbi_chrXY_var_03302023/ILMN/.others/hg002_b38_chrX_chrY.vcf	22878741
data/AshkenazimTrio/analysis/ncbi_chrXY_var_03302023/ILMN/.others/hg002_b38_chrX_chrY.vcf.idx	947519
data/AshkenazimTrio/analysis/ncbi_chrXY_var_03302023/ILMN/.others/hg002_b38_chrY.vcf	5259658
data/AshkenazimTrio/analysis/ncbi_chrXY_var_03302023/ILMN/.others/hg002_b38_chrY.vcf.idx	324693
data/AshkenazimTrio/analysis/ncbi_chrXY_var_03302023/ILMN/.others/hg002_b38_chrY.vcf_QUAL10DP10_AF075_sites	114566
data/AshkenazimTrio/analysis/ncbi_chrXY_var_03302023/ILMN/HG002_GRCh38_ILMN_GATKchrX.vcf	19982395
data/AshkenazimTrio/analysis/ncbi_chrXY_var_03302023/ILMN/HG002_GRCh38_ILMN_GATKchrX.vcf.idx	624481
data/AshkenazimTrio/analysis/ncbi_chrXY_var_03302023/ILMN/HG002_GRCh38_ILMN_GATKchrX.vcf_QUAL10DP10_AF075_sites	1695909
data/AshkenazimTrio/analysis/ncbi_chrXY_var_03302023/ILMN/HG002_GRCh38_ILMN_GATKchrY.vcf	4007805
data/AshkenazimTrio/analysis/ncbi_chrXY_var_03302023/ILMN/HG002_GRCh38_ILMN_GATKchrY.vcf.idx	229232
data/AshkenazimTrio/analysis/ncbi_chrXY_var_03302023/ILMN/HG002_GRCh38_ILMN_GATKchrY.vcf_QUAL10DP10_AF075_sites	104606
data/AshkenazimTrio/analysis/ncbi_chrXY_var_03302023/ILMN/HG002_T2Tchm13_ILMN_GATKchrX.vcf	1733924
data/AshkenazimTrio/analysis/ncbi_chrXY_var_03302023/ILMN/HG002_T2Tchm13_ILMN_GATKchrX.vcf.idx	309533
data/AshkenazimTrio/analysis/ncbi_chrXY_var_03302023/ILMN/HG002_T2Tchm13_ILMN_GATKchrY.vcf	1563956
data/AshkenazimTrio/analysis/ncbi_chrXY_var_03302023/ILMN/HG002_T2Tchm13_ILMN_GATKchrY.vcf.idx	63302
data/AshkenazimTrio/analysis/ncbi_chrXY_var_03302023/PacBio_HiFi/.others/hg002_b38_chrX.vcf	26862082
data/AshkenazimTrio/analysis/ncbi_chrXY_var_03302023/PacBio_HiFi/.others/hg002_b38_chrX.vcf.idx	719931
data/AshkenazimTrio/analysis/ncbi_chrXY_var_03302023/PacBio_HiFi/.others/hg002_b38_chrX.vcf_QUAL10DP10_AF075_sites	2032990
data/AshkenazimTrio/analysis/ncbi_chrXY_var_03302023/PacBio_HiFi/.others/hg002_b38_chrY.vcf	6968562
data/AshkenazimTrio/analysis/ncbi_chrXY_var_03302023/PacBio_HiFi/.others/hg002_b38_chrY.vcf.idx	324689
data/AshkenazimTrio/analysis/ncbi_chrXY_var_03302023/PacBio_HiFi/.others/hg002_b38_chrY.vcf_QUAL10DP10_AF075_site	182757
data/AshkenazimTrio/analysis/ncbi_chrXY_var_03302023/PacBio_HiFi/HG002_GRCh38_HiFi_GATK_chrX.vcf	26546620
data/AshkenazimTrio/analysis/ncbi_chrXY_var_03302023/PacBio_HiFi/HG002_GRCh38_HiFi_GATK_chrX.vcf.idx	624490
data/AshkenazimTrio/analysis/ncbi_chrXY_var_03302023/PacBio_HiFi/HG002_GRCh38_HiFi_GATK_chrX.vcf_QUAL10DP10_AF075_sites	2037399
data/AshkenazimTrio/analysis/ncbi_chrXY_var_03302023/PacBio_HiFi/HG002_GRCh38_HiFi_GATK_chrY.vcf	5859781
data/AshkenazimTrio/analysis/ncbi_chrXY_var_03302023/PacBio_HiFi/HG002_GRCh38_HiFi_GATK_chrY.vcf.idx	229231
data/AshkenazimTrio/analysis/ncbi_chrXY_var_03302023/PacBio_HiFi/HG002_GRCh38_HiFi_GATK_chrY.vcf_QUAL10DP10_AF075_sites	163135
data/AshkenazimTrio/analysis/ncbi_chrXY_var_03302023/PacBio_HiFi/HG002_T2Tchm13_HiFi_GATKchrX.vcf	7973999
data/AshkenazimTrio/analysis/ncbi_chrXY_var_03302023/PacBio_HiFi/HG002_T2Tchm13_HiFi_GATKchrX.vcf.idx	618227
data/AshkenazimTrio/analysis/ncbi_chrXY_var_03302023/PacBio_HiFi/HG002_T2Tchm13_HiFi_GATKchrY.vcf	2479576
data/AshkenazimTrio/analysis/ncbi_chrXY_var_03302023/PacBio_HiFi/HG002_T2Tchm13_HiFi_GATKchrY.vcf.idx	125752
data/ChineseTrio/analysis/NIST_BGIseq_2x150bp_100x_07192023/README_NIST_BGISeq_100x_HG005_analysis.md	5779
data/ChineseTrio/analysis/NIST_BGIseq_2x150bp_100x_07192023/hg19_BGI_F21FTSUSAT0769_HUMuarfR_report_en.pdf	1007111
data/ChineseTrio/analysis/NIST_BGIseq_2x150bp_100x_07192023/hg38_BGI_F21FTSUSAT0769_HUMuarfR_report_en.pdf	1007295
