data/AshkenazimTrio/HG004_NA24143_mother/CompleteGenomics_normal_RMDNA/README.txt	2845
data/AshkenazimTrio/HG004_NA24143_mother/CompleteGenomics_normal_RMDNA/mom_NA24143_GS000037262-ASM/BAM/chr10_mapping_sorted_header.bam	79193730310
data/AshkenazimTrio/HG004_NA24143_mother/CompleteGenomics_normal_RMDNA/mom_NA24143_GS000037262-ASM/BAM/chr11_mapping_sorted_header.bam	57421260088
data/AshkenazimTrio/HG004_NA24143_mother/CompleteGenomics_normal_RMDNA/mom_NA24143_GS000037262-ASM/BAM/chr12_mapping_sorted_header.bam	51478592318
data/AshkenazimTrio/HG004_NA24143_mother/CompleteGenomics_normal_RMDNA/mom_NA24143_GS000037262-ASM/BAM/chr13_mapping_sorted_header.bam	32877985403
data/AshkenazimTrio/HG004_NA24143_mother/CompleteGenomics_normal_RMDNA/mom_NA24143_GS000037262-ASM/BAM/chr14_mapping_sorted_header.bam	35235396880
data/AshkenazimTrio/HG004_NA24143_mother/CompleteGenomics_normal_RMDNA/mom_NA24143_GS000037262-ASM/BAM/chr15_mapping_sorted_header.bam	34437732808
data/AshkenazimTrio/HG004_NA24143_mother/CompleteGenomics_normal_RMDNA/mom_NA24143_GS000037262-ASM/BAM/chr16_mapping_sorted_header.bam	48439722233
data/AshkenazimTrio/HG004_NA24143_mother/CompleteGenomics_normal_RMDNA/mom_NA24143_GS000037262-ASM/BAM/chr17_mapping_sorted_header.bam	33415123264
data/AshkenazimTrio/HG004_NA24143_mother/CompleteGenomics_normal_RMDNA/mom_NA24143_GS000037262-ASM/BAM/chr18_mapping_sorted_header.bam	30693976291
data/AshkenazimTrio/HG004_NA24143_mother/CompleteGenomics_normal_RMDNA/mom_NA24143_GS000037262-ASM/BAM/chr19_mapping_sorted_header.bam	33295556994
data/AshkenazimTrio/HG004_NA24143_mother/CompleteGenomics_normal_RMDNA/mom_NA24143_GS000037262-ASM/BAM/chr1_mapping_sorted_header.bam	96970317098
data/AshkenazimTrio/HG004_NA24143_mother/CompleteGenomics_normal_RMDNA/mom_NA24143_GS000037262-ASM/BAM/chr20_mapping_sorted_header.bam	23206904975
data/AshkenazimTrio/HG004_NA24143_mother/CompleteGenomics_normal_RMDNA/mom_NA24143_GS000037262-ASM/BAM/chr21_mapping_sorted_header.bam	19896149117
data/AshkenazimTrio/HG004_NA24143_mother/CompleteGenomics_normal_RMDNA/mom_NA24143_GS000037262-ASM/BAM/chr22_mapping_sorted_header.bam	16318633291
data/AshkenazimTrio/HG004_NA24143_mother/CompleteGenomics_normal_RMDNA/mom_NA24143_GS000037262-ASM/BAM/chr2_mapping_sorted_header.bam	104007226666
data/AshkenazimTrio/HG004_NA24143_mother/CompleteGenomics_normal_RMDNA/mom_NA24143_GS000037262-ASM/BAM/chr3_mapping_sorted_header.bam	73916903165
data/AshkenazimTrio/HG004_NA24143_mother/CompleteGenomics_normal_RMDNA/mom_NA24143_GS000037262-ASM/BAM/chr4_mapping_sorted_header.bam	83673198389
data/AshkenazimTrio/HG004_NA24143_mother/CompleteGenomics_normal_RMDNA/mom_NA24143_GS000037262-ASM/BAM/chr5_mapping_sorted_header.bam	72747411623
data/AshkenazimTrio/HG004_NA24143_mother/CompleteGenomics_normal_RMDNA/mom_NA24143_GS000037262-ASM/BAM/chr6_mapping_sorted_header.bam	63969195775
data/AshkenazimTrio/HG004_NA24143_mother/CompleteGenomics_normal_RMDNA/mom_NA24143_GS000037262-ASM/BAM/chr7_mapping_sorted_header.bam	73810384849
data/AshkenazimTrio/HG004_NA24143_mother/CompleteGenomics_normal_RMDNA/mom_NA24143_GS000037262-ASM/BAM/chr8_mapping_sorted_header.bam	65310729855
data/AshkenazimTrio/HG004_NA24143_mother/CompleteGenomics_normal_RMDNA/mom_NA24143_GS000037262-ASM/BAM/chr9_mapping_sorted_header.bam	59314582743
data/AshkenazimTrio/HG004_NA24143_mother/CompleteGenomics_normal_RMDNA/mom_NA24143_GS000037262-ASM/BAM/chrM_mapping_sorted_header.bam	1889962614
data/AshkenazimTrio/HG004_NA24143_mother/CompleteGenomics_normal_RMDNA/mom_NA24143_GS000037262-ASM/BAM/chrX_mapping_sorted_header.bam	71081007750
data/AshkenazimTrio/HG004_NA24143_mother/CompleteGenomics_normal_RMDNA/mom_NA24143_GS000037262-ASM/BAM/chrY_mapping_sorted_header.bam	2621
data/AshkenazimTrio/HG004_NA24143_mother/CompleteGenomics_normal_RMDNA/mom_NA24143_GS000037262-ASM/BAM/evidenceDnbs-GS000037262-ASM_sorted.bam	43929571415
data/AshkenazimTrio/HG004_NA24143_mother/CompleteGenomics_normal_RMDNA/mom_NA24143_GS000037262-ASM/BAM/evidenceDnbs-GS000037262-ASM_sorted.bam.bai	7585464
data/AshkenazimTrio/HG004_NA24143_mother/CompleteGenomics_normal_RMDNA/mom_NA24143_GS000037262-ASM/BAM/notMapped_mapping_sorted_header.bam	79060129397
data/AshkenazimTrio/HG004_NA24143_mother/CompleteGenomics_normal_RMDNA/mom_NA24143_GS000037262-ASM/LIB/GS02137-CLS_A01/lib_DNB_GS02137-CLS_A01.tsv	858
data/AshkenazimTrio/HG004_NA24143_mother/CompleteGenomics_normal_RMDNA/mom_NA24143_GS000037262-ASM/LIB/GS02137-CLS_A01/lib_gaps_L0_GS02137-CLS_A01.tsv	300754
data/AshkenazimTrio/HG004_NA24143_mother/CompleteGenomics_normal_RMDNA/mom_NA24143_GS000037262-ASM/LIB/GS02137-CLS_A01/lib_gaps_M_GS02137-CLS_A01.tsv	31220
data/AshkenazimTrio/HG004_NA24143_mother/CompleteGenomics_normal_RMDNA/mom_NA24143_GS000037262-ASM/LIB/GS02137-CLS_A01/lib_gaps_R0_GS02137-CLS_A01.tsv	300754
data/AshkenazimTrio/HG004_NA24143_mother/CompleteGenomics_normal_RMDNA/mom_NA24143_GS000037262-ASM/LIB/GS02137-CLS_A01/lib_gaps_rollup_L_GS02137-CLS_A01.tsv	785
data/AshkenazimTrio/HG004_NA24143_mother/CompleteGenomics_normal_RMDNA/mom_NA24143_GS000037262-ASM/LIB/GS02137-CLS_A01/lib_gaps_rollup_R_GS02137-CLS_A01.tsv	785
data/AshkenazimTrio/HG004_NA24143_mother/CompleteGenomics_normal_RMDNA/mom_NA24143_GS000037262-ASM/MAP/GS76955-FS3-L01/mapping_GS76955-FS3-L01_001.tsv.bz2	550574141
data/AshkenazimTrio/HG004_NA24143_mother/CompleteGenomics_normal_RMDNA/mom_NA24143_GS000037262-ASM/MAP/GS76955-FS3-L01/mapping_GS76955-FS3-L01_002.tsv.bz2	556460554
data/AshkenazimTrio/HG004_NA24143_mother/CompleteGenomics_normal_RMDNA/mom_NA24143_GS000037262-ASM/MAP/GS76955-FS3-L01/mapping_GS76955-FS3-L01_003.tsv.bz2	553782044
data/AshkenazimTrio/HG004_NA24143_mother/CompleteGenomics_normal_RMDNA/mom_NA24143_GS000037262-ASM/MAP/GS76955-FS3-L01/mapping_GS76955-FS3-L01_004.tsv.bz2	550878837
data/AshkenazimTrio/HG004_NA24143_mother/CompleteGenomics_normal_RMDNA/mom_NA24143_GS000037262-ASM/MAP/GS76955-FS3-L01/mapping_GS76955-FS3-L01_005.tsv.bz2	546724794
data/AshkenazimTrio/HG004_NA24143_mother/CompleteGenomics_normal_RMDNA/mom_NA24143_GS000037262-ASM/MAP/GS76955-FS3-L01/mapping_GS76955-FS3-L01_006.tsv.bz2	543039856
data/AshkenazimTrio/HG004_NA24143_mother/CompleteGenomics_normal_RMDNA/mom_NA24143_GS000037262-ASM/MAP/GS76955-FS3-L01/mapping_GS76955-FS3-L01_007.tsv.bz2	543935314
data/AshkenazimTrio/HG004_NA24143_mother/CompleteGenomics_normal_RMDNA/mom_NA24143_GS000037262-ASM/MAP/GS76955-FS3-L01/mapping_GS76955-FS3-L01_008.tsv.bz2	544033779
data/AshkenazimTrio/HG004_NA24143_mother/CompleteGenomics_normal_RMDNA/mom_NA24143_GS000037262-ASM/MAP/GS76955-FS3-L01/mapping_GS76955-FS3-L01_009.tsv.bz2	544908904
data/AshkenazimTrio/HG004_NA24143_mother/CompleteGenomics_normal_RMDNA/mom_NA24143_GS000037262-ASM/MAP/GS76955-FS3-L01/mapping_GS76955-FS3-L01_010.tsv.bz2	546608881
data/AshkenazimTrio/HG004_NA24143_mother/CompleteGenomics_normal_RMDNA/mom_NA24143_GS000037262-ASM/MAP/GS76955-FS3-L01/mapping_GS76955-FS3-L01_011.tsv.bz2	545021478
data/AshkenazimTrio/HG004_NA24143_mother/CompleteGenomics_normal_RMDNA/mom_NA24143_GS000037262-ASM/MAP/GS76955-FS3-L01/mapping_GS76955-FS3-L01_012.tsv.bz2	544109670
data/AshkenazimTrio/HG004_NA24143_mother/CompleteGenomics_normal_RMDNA/mom_NA24143_GS000037262-ASM/MAP/GS76955-FS3-L01/mapping_GS76955-FS3-L01_013.tsv.bz2	547610025
data/AshkenazimTrio/HG004_NA24143_mother/CompleteGenomics_normal_RMDNA/mom_NA24143_GS000037262-ASM/MAP/GS76955-FS3-L01/mapping_GS76955-FS3-L01_014.tsv.bz2	550583280
data/AshkenazimTrio/HG004_NA24143_mother/CompleteGenomics_normal_RMDNA/mom_NA24143_GS000037262-ASM/MAP/GS76955-FS3-L01/mapping_GS76955-FS3-L01_015.tsv.bz2	545254649
data/AshkenazimTrio/HG004_NA24143_mother/CompleteGenomics_normal_RMDNA/mom_NA24143_GS000037262-ASM/MAP/GS76955-FS3-L01/mapping_GS76955-FS3-L01_016.tsv.bz2	377230812
data/AshkenazimTrio/HG004_NA24143_mother/CompleteGenomics_normal_RMDNA/mom_NA24143_GS000037262-ASM/MAP/GS76955-FS3-L01/reads_GS76955-FS3-L01_001.tsv.bz2	1271170565
data/AshkenazimTrio/HG004_NA24143_mother/CompleteGenomics_normal_RMDNA/mom_NA24143_GS000037262-ASM/MAP/GS76955-FS3-L01/reads_GS76955-FS3-L01_002.tsv.bz2	1290035123
data/AshkenazimTrio/HG004_NA24143_mother/CompleteGenomics_normal_RMDNA/mom_NA24143_GS000037262-ASM/MAP/GS76955-FS3-L01/reads_GS76955-FS3-L01_003.tsv.bz2	1304162138
data/AshkenazimTrio/HG004_NA24143_mother/CompleteGenomics_normal_RMDNA/mom_NA24143_GS000037262-ASM/MAP/GS76955-FS3-L01/reads_GS76955-FS3-L01_004.tsv.bz2	1309157017
data/AshkenazimTrio/HG004_NA24143_mother/CompleteGenomics_normal_RMDNA/mom_NA24143_GS000037262-ASM/MAP/GS76955-FS3-L01/reads_GS76955-FS3-L01_005.tsv.bz2	1319441839
data/AshkenazimTrio/HG004_NA24143_mother/CompleteGenomics_normal_RMDNA/mom_NA24143_GS000037262-ASM/MAP/GS76955-FS3-L01/reads_GS76955-FS3-L01_006.tsv.bz2	1334382019
data/AshkenazimTrio/HG004_NA24143_mother/CompleteGenomics_normal_RMDNA/mom_NA24143_GS000037262-ASM/MAP/GS76955-FS3-L01/reads_GS76955-FS3-L01_007.tsv.bz2	1330488825
data/AshkenazimTrio/HG004_NA24143_mother/CompleteGenomics_normal_RMDNA/mom_NA24143_GS000037262-ASM/MAP/GS76955-FS3-L01/reads_GS76955-FS3-L01_008.tsv.bz2	1330537143
data/AshkenazimTrio/HG004_NA24143_mother/CompleteGenomics_normal_RMDNA/mom_NA24143_GS000037262-ASM/MAP/GS76955-FS3-L01/reads_GS76955-FS3-L01_009.tsv.bz2	1327754493
data/AshkenazimTrio/HG004_NA24143_mother/CompleteGenomics_normal_RMDNA/mom_NA24143_GS000037262-ASM/MAP/GS76955-FS3-L01/reads_GS76955-FS3-L01_010.tsv.bz2	1324694992
data/AshkenazimTrio/HG004_NA24143_mother/CompleteGenomics_normal_RMDNA/mom_NA24143_GS000037262-ASM/MAP/GS76955-FS3-L01/reads_GS76955-FS3-L01_011.tsv.bz2	1328071047
data/AshkenazimTrio/HG004_NA24143_mother/CompleteGenomics_normal_RMDNA/mom_NA24143_GS000037262-ASM/MAP/GS76955-FS3-L01/reads_GS76955-FS3-L01_012.tsv.bz2	1326999832
data/AshkenazimTrio/HG004_NA24143_mother/CompleteGenomics_normal_RMDNA/mom_NA24143_GS000037262-ASM/MAP/GS76955-FS3-L01/reads_GS76955-FS3-L01_013.tsv.bz2	1308126980
data/AshkenazimTrio/HG004_NA24143_mother/CompleteGenomics_normal_RMDNA/mom_NA24143_GS000037262-ASM/MAP/GS76955-FS3-L01/reads_GS76955-FS3-L01_014.tsv.bz2	1299054011
data/AshkenazimTrio/HG004_NA24143_mother/CompleteGenomics_normal_RMDNA/mom_NA24143_GS000037262-ASM/MAP/GS76955-FS3-L01/reads_GS76955-FS3-L01_015.tsv.bz2	1310930631
data/AshkenazimTrio/HG004_NA24143_mother/CompleteGenomics_normal_RMDNA/mom_NA24143_GS000037262-ASM/MAP/GS76955-FS3-L01/reads_GS76955-FS3-L01_016.tsv.bz2	880518497
data/AshkenazimTrio/HG004_NA24143_mother/CompleteGenomics_normal_RMDNA/mom_NA24143_GS000037262-ASM/MAP/GS78788-FS3-L01/mapping_GS78788-FS3-L01_001.tsv.bz2	538932759
data/AshkenazimTrio/HG004_NA24143_mother/CompleteGenomics_normal_RMDNA/mom_NA24143_GS000037262-ASM/MAP/GS78788-FS3-L01/mapping_GS78788-FS3-L01_002.tsv.bz2	566289137
data/AshkenazimTrio/HG004_NA24143_mother/CompleteGenomics_normal_RMDNA/mom_NA24143_GS000037262-ASM/MAP/GS78788-FS3-L01/mapping_GS78788-FS3-L01_003.tsv.bz2	566704296
data/AshkenazimTrio/HG004_NA24143_mother/CompleteGenomics_normal_RMDNA/mom_NA24143_GS000037262-ASM/MAP/GS78788-FS3-L01/mapping_GS78788-FS3-L01_004.tsv.bz2	567208657
data/AshkenazimTrio/HG004_NA24143_mother/CompleteGenomics_normal_RMDNA/mom_NA24143_GS000037262-ASM/MAP/GS78788-FS3-L01/mapping_GS78788-FS3-L01_005.tsv.bz2	566665015
data/AshkenazimTrio/HG004_NA24143_mother/CompleteGenomics_normal_RMDNA/mom_NA24143_GS000037262-ASM/MAP/GS78788-FS3-L01/mapping_GS78788-FS3-L01_006.tsv.bz2	566859463
data/AshkenazimTrio/HG004_NA24143_mother/CompleteGenomics_normal_RMDNA/mom_NA24143_GS000037262-ASM/MAP/GS78788-FS3-L01/mapping_GS78788-FS3-L01_007.tsv.bz2	565848670
data/AshkenazimTrio/HG004_NA24143_mother/CompleteGenomics_normal_RMDNA/mom_NA24143_GS000037262-ASM/MAP/GS78788-FS3-L01/mapping_GS78788-FS3-L01_008.tsv.bz2	564883322
data/AshkenazimTrio/HG004_NA24143_mother/CompleteGenomics_normal_RMDNA/mom_NA24143_GS000037262-ASM/MAP/GS78788-FS3-L01/mapping_GS78788-FS3-L01_009.tsv.bz2	564380046
data/AshkenazimTrio/HG004_NA24143_mother/CompleteGenomics_normal_RMDNA/mom_NA24143_GS000037262-ASM/MAP/GS78788-FS3-L01/mapping_GS78788-FS3-L01_010.tsv.bz2	563297687
data/AshkenazimTrio/HG004_NA24143_mother/CompleteGenomics_normal_RMDNA/mom_NA24143_GS000037262-ASM/MAP/GS78788-FS3-L01/mapping_GS78788-FS3-L01_011.tsv.bz2	562943915
data/AshkenazimTrio/HG004_NA24143_mother/CompleteGenomics_normal_RMDNA/mom_NA24143_GS000037262-ASM/MAP/GS78788-FS3-L01/mapping_GS78788-FS3-L01_012.tsv.bz2	564094406
data/AshkenazimTrio/HG004_NA24143_mother/CompleteGenomics_normal_RMDNA/mom_NA24143_GS000037262-ASM/MAP/GS78788-FS3-L01/mapping_GS78788-FS3-L01_013.tsv.bz2	564999933
data/AshkenazimTrio/HG004_NA24143_mother/CompleteGenomics_normal_RMDNA/mom_NA24143_GS000037262-ASM/MAP/GS78788-FS3-L01/mapping_GS78788-FS3-L01_014.tsv.bz2	564982937
data/AshkenazimTrio/HG004_NA24143_mother/CompleteGenomics_normal_RMDNA/mom_NA24143_GS000037262-ASM/MAP/GS78788-FS3-L01/mapping_GS78788-FS3-L01_015.tsv.bz2	563829734
data/AshkenazimTrio/HG004_NA24143_mother/CompleteGenomics_normal_RMDNA/mom_NA24143_GS000037262-ASM/MAP/GS78788-FS3-L01/mapping_GS78788-FS3-L01_016.tsv.bz2	523029847
data/AshkenazimTrio/HG004_NA24143_mother/CompleteGenomics_normal_RMDNA/mom_NA24143_GS000037262-ASM/MAP/GS78788-FS3-L01/reads_GS78788-FS3-L01_001.tsv.bz2	1197540735
data/AshkenazimTrio/HG004_NA24143_mother/CompleteGenomics_normal_RMDNA/mom_NA24143_GS000037262-ASM/MAP/GS78788-FS3-L01/reads_GS78788-FS3-L01_002.tsv.bz2	1239519714
data/AshkenazimTrio/HG004_NA24143_mother/CompleteGenomics_normal_RMDNA/mom_NA24143_GS000037262-ASM/MAP/GS78788-FS3-L01/reads_GS78788-FS3-L01_003.tsv.bz2	1236707920
data/AshkenazimTrio/HG004_NA24143_mother/CompleteGenomics_normal_RMDNA/mom_NA24143_GS000037262-ASM/MAP/GS78788-FS3-L01/reads_GS78788-FS3-L01_004.tsv.bz2	1229672893
data/AshkenazimTrio/HG004_NA24143_mother/CompleteGenomics_normal_RMDNA/mom_NA24143_GS000037262-ASM/MAP/GS78788-FS3-L01/reads_GS78788-FS3-L01_005.tsv.bz2	1230747891
data/AshkenazimTrio/HG004_NA24143_mother/CompleteGenomics_normal_RMDNA/mom_NA24143_GS000037262-ASM/MAP/GS78788-FS3-L01/reads_GS78788-FS3-L01_006.tsv.bz2	1233805572
data/AshkenazimTrio/HG004_NA24143_mother/CompleteGenomics_normal_RMDNA/mom_NA24143_GS000037262-ASM/MAP/GS78788-FS3-L01/reads_GS78788-FS3-L01_007.tsv.bz2	1237945057
data/AshkenazimTrio/HG004_NA24143_mother/CompleteGenomics_normal_RMDNA/mom_NA24143_GS000037262-ASM/MAP/GS78788-FS3-L01/reads_GS78788-FS3-L01_008.tsv.bz2	1238841291
data/AshkenazimTrio/HG004_NA24143_mother/CompleteGenomics_normal_RMDNA/mom_NA24143_GS000037262-ASM/MAP/GS78788-FS3-L01/reads_GS78788-FS3-L01_009.tsv.bz2	1242332630
data/AshkenazimTrio/HG004_NA24143_mother/CompleteGenomics_normal_RMDNA/mom_NA24143_GS000037262-ASM/MAP/GS78788-FS3-L01/reads_GS78788-FS3-L01_010.tsv.bz2	1242939641
data/AshkenazimTrio/HG004_NA24143_mother/CompleteGenomics_normal_RMDNA/mom_NA24143_GS000037262-ASM/MAP/GS78788-FS3-L01/reads_GS78788-FS3-L01_011.tsv.bz2	1246211932
data/AshkenazimTrio/HG004_NA24143_mother/CompleteGenomics_normal_RMDNA/mom_NA24143_GS000037262-ASM/MAP/GS78788-FS3-L01/reads_GS78788-FS3-L01_012.tsv.bz2	1243132672
data/AshkenazimTrio/HG004_NA24143_mother/CompleteGenomics_normal_RMDNA/mom_NA24143_GS000037262-ASM/MAP/GS78788-FS3-L01/reads_GS78788-FS3-L01_013.tsv.bz2	1235858321
data/AshkenazimTrio/HG004_NA24143_mother/CompleteGenomics_normal_RMDNA/mom_NA24143_GS000037262-ASM/MAP/GS78788-FS3-L01/reads_GS78788-FS3-L01_014.tsv.bz2	1237438798
data/AshkenazimTrio/HG004_NA24143_mother/CompleteGenomics_normal_RMDNA/mom_NA24143_GS000037262-ASM/MAP/GS78788-FS3-L01/reads_GS78788-FS3-L01_015.tsv.bz2	1236621157
data/AshkenazimTrio/HG004_NA24143_mother/CompleteGenomics_normal_RMDNA/mom_NA24143_GS000037262-ASM/MAP/GS78788-FS3-L01/reads_GS78788-FS3-L01_016.tsv.bz2	1133370912
data/AshkenazimTrio/HG004_NA24143_mother/CompleteGenomics_normal_RMDNA/mom_NA24143_GS000037262-ASM/MAP/GS78788-FS3-L02/mapping_GS78788-FS3-L02_001.tsv.bz2	553796780
data/AshkenazimTrio/HG004_NA24143_mother/CompleteGenomics_normal_RMDNA/mom_NA24143_GS000037262-ASM/MAP/GS78788-FS3-L02/mapping_GS78788-FS3-L02_002.tsv.bz2	565957890
data/AshkenazimTrio/HG004_NA24143_mother/CompleteGenomics_normal_RMDNA/mom_NA24143_GS000037262-ASM/MAP/GS78788-FS3-L02/mapping_GS78788-FS3-L02_003.tsv.bz2	566311604
data/AshkenazimTrio/HG004_NA24143_mother/CompleteGenomics_normal_RMDNA/mom_NA24143_GS000037262-ASM/MAP/GS78788-FS3-L02/mapping_GS78788-FS3-L02_004.tsv.bz2	566048903
data/AshkenazimTrio/HG004_NA24143_mother/CompleteGenomics_normal_RMDNA/mom_NA24143_GS000037262-ASM/MAP/GS78788-FS3-L02/mapping_GS78788-FS3-L02_005.tsv.bz2	565652071
data/AshkenazimTrio/HG004_NA24143_mother/CompleteGenomics_normal_RMDNA/mom_NA24143_GS000037262-ASM/MAP/GS78788-FS3-L02/mapping_GS78788-FS3-L02_006.tsv.bz2	565310778
data/AshkenazimTrio/HG004_NA24143_mother/CompleteGenomics_normal_RMDNA/mom_NA24143_GS000037262-ASM/MAP/GS78788-FS3-L02/mapping_GS78788-FS3-L02_007.tsv.bz2	565004862
data/AshkenazimTrio/HG004_NA24143_mother/CompleteGenomics_normal_RMDNA/mom_NA24143_GS000037262-ASM/MAP/GS78788-FS3-L02/mapping_GS78788-FS3-L02_008.tsv.bz2	562471399
data/AshkenazimTrio/HG004_NA24143_mother/CompleteGenomics_normal_RMDNA/mom_NA24143_GS000037262-ASM/MAP/GS78788-FS3-L02/mapping_GS78788-FS3-L02_009.tsv.bz2	564915052
data/AshkenazimTrio/HG004_NA24143_mother/CompleteGenomics_normal_RMDNA/mom_NA24143_GS000037262-ASM/MAP/GS78788-FS3-L02/mapping_GS78788-FS3-L02_010.tsv.bz2	565313380
data/AshkenazimTrio/HG004_NA24143_mother/CompleteGenomics_normal_RMDNA/mom_NA24143_GS000037262-ASM/MAP/GS78788-FS3-L02/mapping_GS78788-FS3-L02_011.tsv.bz2	565640653
data/AshkenazimTrio/HG004_NA24143_mother/CompleteGenomics_normal_RMDNA/mom_NA24143_GS000037262-ASM/MAP/GS78788-FS3-L02/mapping_GS78788-FS3-L02_012.tsv.bz2	567422811
data/AshkenazimTrio/HG004_NA24143_mother/CompleteGenomics_normal_RMDNA/mom_NA24143_GS000037262-ASM/MAP/GS78788-FS3-L02/mapping_GS78788-FS3-L02_013.tsv.bz2	566353881
data/AshkenazimTrio/HG004_NA24143_mother/CompleteGenomics_normal_RMDNA/mom_NA24143_GS000037262-ASM/MAP/GS78788-FS3-L02/mapping_GS78788-FS3-L02_014.tsv.bz2	565366374
data/AshkenazimTrio/HG004_NA24143_mother/CompleteGenomics_normal_RMDNA/mom_NA24143_GS000037262-ASM/MAP/GS78788-FS3-L02/mapping_GS78788-FS3-L02_015.tsv.bz2	562837636
data/AshkenazimTrio/HG004_NA24143_mother/CompleteGenomics_normal_RMDNA/mom_NA24143_GS000037262-ASM/MAP/GS78788-FS3-L02/mapping_GS78788-FS3-L02_016.tsv.bz2	506058970
data/AshkenazimTrio/HG004_NA24143_mother/CompleteGenomics_normal_RMDNA/mom_NA24143_GS000037262-ASM/MAP/GS78788-FS3-L02/reads_GS78788-FS3-L02_001.tsv.bz2	1227311072
data/AshkenazimTrio/HG004_NA24143_mother/CompleteGenomics_normal_RMDNA/mom_NA24143_GS000037262-ASM/MAP/GS78788-FS3-L02/reads_GS78788-FS3-L02_002.tsv.bz2	1241228293
data/AshkenazimTrio/HG004_NA24143_mother/CompleteGenomics_normal_RMDNA/mom_NA24143_GS000037262-ASM/MAP/GS78788-FS3-L02/reads_GS78788-FS3-L02_003.tsv.bz2	1238629647
data/AshkenazimTrio/HG004_NA24143_mother/CompleteGenomics_normal_RMDNA/mom_NA24143_GS000037262-ASM/MAP/GS78788-FS3-L02/reads_GS78788-FS3-L02_004.tsv.bz2	1237528458
data/AshkenazimTrio/HG004_NA24143_mother/CompleteGenomics_normal_RMDNA/mom_NA24143_GS000037262-ASM/MAP/GS78788-FS3-L02/reads_GS78788-FS3-L02_005.tsv.bz2	1235685409
data/AshkenazimTrio/HG004_NA24143_mother/CompleteGenomics_normal_RMDNA/mom_NA24143_GS000037262-ASM/MAP/GS78788-FS3-L02/reads_GS78788-FS3-L02_006.tsv.bz2	1240310243
data/AshkenazimTrio/HG004_NA24143_mother/CompleteGenomics_normal_RMDNA/mom_NA24143_GS000037262-ASM/MAP/GS78788-FS3-L02/reads_GS78788-FS3-L02_007.tsv.bz2	1240109712
data/AshkenazimTrio/HG004_NA24143_mother/CompleteGenomics_normal_RMDNA/mom_NA24143_GS000037262-ASM/MAP/GS78788-FS3-L02/reads_GS78788-FS3-L02_008.tsv.bz2	1239202980
data/AshkenazimTrio/HG004_NA24143_mother/CompleteGenomics_normal_RMDNA/mom_NA24143_GS000037262-ASM/MAP/GS78788-FS3-L02/reads_GS78788-FS3-L02_009.tsv.bz2	1239620848
data/AshkenazimTrio/HG004_NA24143_mother/CompleteGenomics_normal_RMDNA/mom_NA24143_GS000037262-ASM/MAP/GS78788-FS3-L02/reads_GS78788-FS3-L02_010.tsv.bz2	1235002178
data/AshkenazimTrio/HG004_NA24143_mother/CompleteGenomics_normal_RMDNA/mom_NA24143_GS000037262-ASM/MAP/GS78788-FS3-L02/reads_GS78788-FS3-L02_011.tsv.bz2	1235332568
data/AshkenazimTrio/HG004_NA24143_mother/CompleteGenomics_normal_RMDNA/mom_NA24143_GS000037262-ASM/MAP/GS78788-FS3-L02/reads_GS78788-FS3-L02_012.tsv.bz2	1225665690
data/AshkenazimTrio/HG004_NA24143_mother/CompleteGenomics_normal_RMDNA/mom_NA24143_GS000037262-ASM/MAP/GS78788-FS3-L02/reads_GS78788-FS3-L02_013.tsv.bz2	1228708591
data/AshkenazimTrio/HG004_NA24143_mother/CompleteGenomics_normal_RMDNA/mom_NA24143_GS000037262-ASM/MAP/GS78788-FS3-L02/reads_GS78788-FS3-L02_014.tsv.bz2	1238234033
data/AshkenazimTrio/HG004_NA24143_mother/CompleteGenomics_normal_RMDNA/mom_NA24143_GS000037262-ASM/MAP/GS78788-FS3-L02/reads_GS78788-FS3-L02_015.tsv.bz2	1237331613
data/AshkenazimTrio/HG004_NA24143_mother/CompleteGenomics_normal_RMDNA/mom_NA24143_GS000037262-ASM/MAP/GS78788-FS3-L02/reads_GS78788-FS3-L02_016.tsv.bz2	1110322277
data/AshkenazimTrio/HG004_NA24143_mother/CompleteGenomics_normal_RMDNA/mom_NA24143_GS000037262-ASM/MAP/GS78788-FS3-L03/mapping_GS78788-FS3-L03_001.tsv.bz2	557962110
data/AshkenazimTrio/HG004_NA24143_mother/CompleteGenomics_normal_RMDNA/mom_NA24143_GS000037262-ASM/MAP/GS78788-FS3-L03/mapping_GS78788-FS3-L03_002.tsv.bz2	564180234
data/AshkenazimTrio/HG004_NA24143_mother/CompleteGenomics_normal_RMDNA/mom_NA24143_GS000037262-ASM/MAP/GS78788-FS3-L03/mapping_GS78788-FS3-L03_003.tsv.bz2	565594032
data/AshkenazimTrio/HG004_NA24143_mother/CompleteGenomics_normal_RMDNA/mom_NA24143_GS000037262-ASM/MAP/GS78788-FS3-L03/mapping_GS78788-FS3-L03_004.tsv.bz2	564736911
data/AshkenazimTrio/HG004_NA24143_mother/CompleteGenomics_normal_RMDNA/mom_NA24143_GS000037262-ASM/MAP/GS78788-FS3-L03/mapping_GS78788-FS3-L03_005.tsv.bz2	565746170
data/AshkenazimTrio/HG004_NA24143_mother/CompleteGenomics_normal_RMDNA/mom_NA24143_GS000037262-ASM/MAP/GS78788-FS3-L03/mapping_GS78788-FS3-L03_006.tsv.bz2	565873845
data/AshkenazimTrio/HG004_NA24143_mother/CompleteGenomics_normal_RMDNA/mom_NA24143_GS000037262-ASM/MAP/GS78788-FS3-L03/mapping_GS78788-FS3-L03_007.tsv.bz2	565406253
data/AshkenazimTrio/HG004_NA24143_mother/CompleteGenomics_normal_RMDNA/mom_NA24143_GS000037262-ASM/MAP/GS78788-FS3-L03/mapping_GS78788-FS3-L03_008.tsv.bz2	563897248
data/AshkenazimTrio/HG004_NA24143_mother/CompleteGenomics_normal_RMDNA/mom_NA24143_GS000037262-ASM/MAP/GS78788-FS3-L03/mapping_GS78788-FS3-L03_009.tsv.bz2	562382932
data/AshkenazimTrio/HG004_NA24143_mother/CompleteGenomics_normal_RMDNA/mom_NA24143_GS000037262-ASM/MAP/GS78788-FS3-L03/mapping_GS78788-FS3-L03_010.tsv.bz2	565717496
data/AshkenazimTrio/HG004_NA24143_mother/CompleteGenomics_normal_RMDNA/mom_NA24143_GS000037262-ASM/MAP/GS78788-FS3-L03/mapping_GS78788-FS3-L03_011.tsv.bz2	564328858
data/AshkenazimTrio/HG004_NA24143_mother/CompleteGenomics_normal_RMDNA/mom_NA24143_GS000037262-ASM/MAP/GS78788-FS3-L03/mapping_GS78788-FS3-L03_012.tsv.bz2	567453086
data/AshkenazimTrio/HG004_NA24143_mother/CompleteGenomics_normal_RMDNA/mom_NA24143_GS000037262-ASM/MAP/GS78788-FS3-L03/mapping_GS78788-FS3-L03_013.tsv.bz2	567248997
data/AshkenazimTrio/HG004_NA24143_mother/CompleteGenomics_normal_RMDNA/mom_NA24143_GS000037262-ASM/MAP/GS78788-FS3-L03/mapping_GS78788-FS3-L03_014.tsv.bz2	566263615
data/AshkenazimTrio/HG004_NA24143_mother/CompleteGenomics_normal_RMDNA/mom_NA24143_GS000037262-ASM/MAP/GS78788-FS3-L03/mapping_GS78788-FS3-L03_015.tsv.bz2	563000963
data/AshkenazimTrio/HG004_NA24143_mother/CompleteGenomics_normal_RMDNA/mom_NA24143_GS000037262-ASM/MAP/GS78788-FS3-L03/mapping_GS78788-FS3-L03_016.tsv.bz2	499963945
data/AshkenazimTrio/HG004_NA24143_mother/CompleteGenomics_normal_RMDNA/mom_NA24143_GS000037262-ASM/MAP/GS78788-FS3-L03/reads_GS78788-FS3-L03_001.tsv.bz2	1228306597
data/AshkenazimTrio/HG004_NA24143_mother/CompleteGenomics_normal_RMDNA/mom_NA24143_GS000037262-ASM/MAP/GS78788-FS3-L03/reads_GS78788-FS3-L03_002.tsv.bz2	1246911988
data/AshkenazimTrio/HG004_NA24143_mother/CompleteGenomics_normal_RMDNA/mom_NA24143_GS000037262-ASM/MAP/GS78788-FS3-L03/reads_GS78788-FS3-L03_003.tsv.bz2	1242525044
data/AshkenazimTrio/HG004_NA24143_mother/CompleteGenomics_normal_RMDNA/mom_NA24143_GS000037262-ASM/MAP/GS78788-FS3-L03/reads_GS78788-FS3-L03_004.tsv.bz2	1241005381
data/AshkenazimTrio/HG004_NA24143_mother/CompleteGenomics_normal_RMDNA/mom_NA24143_GS000037262-ASM/MAP/GS78788-FS3-L03/reads_GS78788-FS3-L03_005.tsv.bz2	1234313182
data/AshkenazimTrio/HG004_NA24143_mother/CompleteGenomics_normal_RMDNA/mom_NA24143_GS000037262-ASM/MAP/GS78788-FS3-L03/reads_GS78788-FS3-L03_006.tsv.bz2	1235826877
data/AshkenazimTrio/HG004_NA24143_mother/CompleteGenomics_normal_RMDNA/mom_NA24143_GS000037262-ASM/MAP/GS78788-FS3-L03/reads_GS78788-FS3-L03_007.tsv.bz2	1236742733
data/AshkenazimTrio/HG004_NA24143_mother/CompleteGenomics_normal_RMDNA/mom_NA24143_GS000037262-ASM/MAP/GS78788-FS3-L03/reads_GS78788-FS3-L03_008.tsv.bz2	1237379368
data/AshkenazimTrio/HG004_NA24143_mother/CompleteGenomics_normal_RMDNA/mom_NA24143_GS000037262-ASM/MAP/GS78788-FS3-L03/reads_GS78788-FS3-L03_009.tsv.bz2	1242202464
data/AshkenazimTrio/HG004_NA24143_mother/CompleteGenomics_normal_RMDNA/mom_NA24143_GS000037262-ASM/MAP/GS78788-FS3-L03/reads_GS78788-FS3-L03_010.tsv.bz2	1232370394
data/AshkenazimTrio/HG004_NA24143_mother/CompleteGenomics_normal_RMDNA/mom_NA24143_GS000037262-ASM/MAP/GS78788-FS3-L03/reads_GS78788-FS3-L03_011.tsv.bz2	1236224619
data/AshkenazimTrio/HG004_NA24143_mother/CompleteGenomics_normal_RMDNA/mom_NA24143_GS000037262-ASM/MAP/GS78788-FS3-L03/reads_GS78788-FS3-L03_012.tsv.bz2	1226417374
data/AshkenazimTrio/HG004_NA24143_mother/CompleteGenomics_normal_RMDNA/mom_NA24143_GS000037262-ASM/MAP/GS78788-FS3-L03/reads_GS78788-FS3-L03_013.tsv.bz2	1227687415
data/AshkenazimTrio/HG004_NA24143_mother/CompleteGenomics_normal_RMDNA/mom_NA24143_GS000037262-ASM/MAP/GS78788-FS3-L03/reads_GS78788-FS3-L03_014.tsv.bz2	1233537082
data/AshkenazimTrio/HG004_NA24143_mother/CompleteGenomics_normal_RMDNA/mom_NA24143_GS000037262-ASM/MAP/GS78788-FS3-L03/reads_GS78788-FS3-L03_015.tsv.bz2	1234946675
data/AshkenazimTrio/HG004_NA24143_mother/CompleteGenomics_normal_RMDNA/mom_NA24143_GS000037262-ASM/MAP/GS78788-FS3-L03/reads_GS78788-FS3-L03_016.tsv.bz2	1095037440
data/AshkenazimTrio/HG004_NA24143_mother/CompleteGenomics_normal_RMDNA/mom_NA24143_GS000037262-ASM/MAP/GS78788-FS3-L04/mapping_GS78788-FS3-L04_001.tsv.bz2	559259739
data/AshkenazimTrio/HG004_NA24143_mother/CompleteGenomics_normal_RMDNA/mom_NA24143_GS000037262-ASM/MAP/GS78788-FS3-L04/mapping_GS78788-FS3-L04_002.tsv.bz2	564470940
data/AshkenazimTrio/HG004_NA24143_mother/CompleteGenomics_normal_RMDNA/mom_NA24143_GS000037262-ASM/MAP/GS78788-FS3-L04/mapping_GS78788-FS3-L04_003.tsv.bz2	564682797
data/AshkenazimTrio/HG004_NA24143_mother/CompleteGenomics_normal_RMDNA/mom_NA24143_GS000037262-ASM/MAP/GS78788-FS3-L04/mapping_GS78788-FS3-L04_004.tsv.bz2	564702327
data/AshkenazimTrio/HG004_NA24143_mother/CompleteGenomics_normal_RMDNA/mom_NA24143_GS000037262-ASM/MAP/GS78788-FS3-L04/mapping_GS78788-FS3-L04_005.tsv.bz2	565866713
data/AshkenazimTrio/HG004_NA24143_mother/CompleteGenomics_normal_RMDNA/mom_NA24143_GS000037262-ASM/MAP/GS78788-FS3-L04/mapping_GS78788-FS3-L04_006.tsv.bz2	566187230
data/AshkenazimTrio/HG004_NA24143_mother/CompleteGenomics_normal_RMDNA/mom_NA24143_GS000037262-ASM/MAP/GS78788-FS3-L04/mapping_GS78788-FS3-L04_007.tsv.bz2	565962873
data/AshkenazimTrio/HG004_NA24143_mother/CompleteGenomics_normal_RMDNA/mom_NA24143_GS000037262-ASM/MAP/GS78788-FS3-L04/mapping_GS78788-FS3-L04_008.tsv.bz2	565643066
data/AshkenazimTrio/HG004_NA24143_mother/CompleteGenomics_normal_RMDNA/mom_NA24143_GS000037262-ASM/MAP/GS78788-FS3-L04/mapping_GS78788-FS3-L04_009.tsv.bz2	565547685
data/AshkenazimTrio/HG004_NA24143_mother/CompleteGenomics_normal_RMDNA/mom_NA24143_GS000037262-ASM/MAP/GS78788-FS3-L04/mapping_GS78788-FS3-L04_010.tsv.bz2	566468087
data/AshkenazimTrio/HG004_NA24143_mother/CompleteGenomics_normal_RMDNA/mom_NA24143_GS000037262-ASM/MAP/GS78788-FS3-L04/mapping_GS78788-FS3-L04_011.tsv.bz2	566042937
data/AshkenazimTrio/HG004_NA24143_mother/CompleteGenomics_normal_RMDNA/mom_NA24143_GS000037262-ASM/MAP/GS78788-FS3-L04/mapping_GS78788-FS3-L04_012.tsv.bz2	567614207
data/AshkenazimTrio/HG004_NA24143_mother/CompleteGenomics_normal_RMDNA/mom_NA24143_GS000037262-ASM/MAP/GS78788-FS3-L04/mapping_GS78788-FS3-L04_013.tsv.bz2	567309051
data/AshkenazimTrio/HG004_NA24143_mother/CompleteGenomics_normal_RMDNA/mom_NA24143_GS000037262-ASM/MAP/GS78788-FS3-L04/mapping_GS78788-FS3-L04_014.tsv.bz2	566509381
data/AshkenazimTrio/HG004_NA24143_mother/CompleteGenomics_normal_RMDNA/mom_NA24143_GS000037262-ASM/MAP/GS78788-FS3-L04/mapping_GS78788-FS3-L04_015.tsv.bz2	563480007
data/AshkenazimTrio/HG004_NA24143_mother/CompleteGenomics_normal_RMDNA/mom_NA24143_GS000037262-ASM/MAP/GS78788-FS3-L04/mapping_GS78788-FS3-L04_016.tsv.bz2	522184984
data/AshkenazimTrio/HG004_NA24143_mother/CompleteGenomics_normal_RMDNA/mom_NA24143_GS000037262-ASM/MAP/GS78788-FS3-L04/reads_GS78788-FS3-L04_001.tsv.bz2	1225550500
data/AshkenazimTrio/HG004_NA24143_mother/CompleteGenomics_normal_RMDNA/mom_NA24143_GS000037262-ASM/MAP/GS78788-FS3-L04/reads_GS78788-FS3-L04_002.tsv.bz2	1251094094
data/AshkenazimTrio/HG004_NA24143_mother/CompleteGenomics_normal_RMDNA/mom_NA24143_GS000037262-ASM/MAP/GS78788-FS3-L04/reads_GS78788-FS3-L04_003.tsv.bz2	1245198088
data/AshkenazimTrio/HG004_NA24143_mother/CompleteGenomics_normal_RMDNA/mom_NA24143_GS000037262-ASM/MAP/GS78788-FS3-L04/reads_GS78788-FS3-L04_004.tsv.bz2	1239978851
data/AshkenazimTrio/HG004_NA24143_mother/CompleteGenomics_normal_RMDNA/mom_NA24143_GS000037262-ASM/MAP/GS78788-FS3-L04/reads_GS78788-FS3-L04_005.tsv.bz2	1235455375
data/AshkenazimTrio/HG004_NA24143_mother/CompleteGenomics_normal_RMDNA/mom_NA24143_GS000037262-ASM/MAP/GS78788-FS3-L04/reads_GS78788-FS3-L04_006.tsv.bz2	1233618576
data/AshkenazimTrio/HG004_NA24143_mother/CompleteGenomics_normal_RMDNA/mom_NA24143_GS000037262-ASM/MAP/GS78788-FS3-L04/reads_GS78788-FS3-L04_007.tsv.bz2	1236375519
data/AshkenazimTrio/HG004_NA24143_mother/CompleteGenomics_normal_RMDNA/mom_NA24143_GS000037262-ASM/MAP/GS78788-FS3-L04/reads_GS78788-FS3-L04_008.tsv.bz2	1236417350
data/AshkenazimTrio/HG004_NA24143_mother/CompleteGenomics_normal_RMDNA/mom_NA24143_GS000037262-ASM/MAP/GS78788-FS3-L04/reads_GS78788-FS3-L04_009.tsv.bz2	1239559128
data/AshkenazimTrio/HG004_NA24143_mother/CompleteGenomics_normal_RMDNA/mom_NA24143_GS000037262-ASM/MAP/GS78788-FS3-L04/reads_GS78788-FS3-L04_010.tsv.bz2	1231019191
data/AshkenazimTrio/HG004_NA24143_mother/CompleteGenomics_normal_RMDNA/mom_NA24143_GS000037262-ASM/MAP/GS78788-FS3-L04/reads_GS78788-FS3-L04_011.tsv.bz2	1234525193
data/AshkenazimTrio/HG004_NA24143_mother/CompleteGenomics_normal_RMDNA/mom_NA24143_GS000037262-ASM/MAP/GS78788-FS3-L04/reads_GS78788-FS3-L04_012.tsv.bz2	1226003965
data/AshkenazimTrio/HG004_NA24143_mother/CompleteGenomics_normal_RMDNA/mom_NA24143_GS000037262-ASM/MAP/GS78788-FS3-L04/reads_GS78788-FS3-L04_013.tsv.bz2	1225522491
data/AshkenazimTrio/HG004_NA24143_mother/CompleteGenomics_normal_RMDNA/mom_NA24143_GS000037262-ASM/MAP/GS78788-FS3-L04/reads_GS78788-FS3-L04_014.tsv.bz2	1237315485
data/AshkenazimTrio/HG004_NA24143_mother/CompleteGenomics_normal_RMDNA/mom_NA24143_GS000037262-ASM/MAP/GS78788-FS3-L04/reads_GS78788-FS3-L04_015.tsv.bz2	1243188062
data/AshkenazimTrio/HG004_NA24143_mother/CompleteGenomics_normal_RMDNA/mom_NA24143_GS000037262-ASM/MAP/GS78788-FS3-L04/reads_GS78788-FS3-L04_016.tsv.bz2	1145423782
data/AshkenazimTrio/HG004_NA24143_mother/CompleteGenomics_normal_RMDNA/mom_NA24143_GS000037262-ASM/MAP/GS78788-FS3-L05/mapping_GS78788-FS3-L05_001.tsv.bz2	548144822
data/AshkenazimTrio/HG004_NA24143_mother/CompleteGenomics_normal_RMDNA/mom_NA24143_GS000037262-ASM/MAP/GS78788-FS3-L05/mapping_GS78788-FS3-L05_002.tsv.bz2	566255823
data/AshkenazimTrio/HG004_NA24143_mother/CompleteGenomics_normal_RMDNA/mom_NA24143_GS000037262-ASM/MAP/GS78788-FS3-L05/mapping_GS78788-FS3-L05_003.tsv.bz2	565818740
data/AshkenazimTrio/HG004_NA24143_mother/CompleteGenomics_normal_RMDNA/mom_NA24143_GS000037262-ASM/MAP/GS78788-FS3-L05/mapping_GS78788-FS3-L05_004.tsv.bz2	564847811
data/AshkenazimTrio/HG004_NA24143_mother/CompleteGenomics_normal_RMDNA/mom_NA24143_GS000037262-ASM/MAP/GS78788-FS3-L05/mapping_GS78788-FS3-L05_005.tsv.bz2	565866696
data/AshkenazimTrio/HG004_NA24143_mother/CompleteGenomics_normal_RMDNA/mom_NA24143_GS000037262-ASM/MAP/GS78788-FS3-L05/mapping_GS78788-FS3-L05_006.tsv.bz2	564554824
data/AshkenazimTrio/HG004_NA24143_mother/CompleteGenomics_normal_RMDNA/mom_NA24143_GS000037262-ASM/MAP/GS78788-FS3-L05/mapping_GS78788-FS3-L05_007.tsv.bz2	565069296
data/AshkenazimTrio/HG004_NA24143_mother/CompleteGenomics_normal_RMDNA/mom_NA24143_GS000037262-ASM/MAP/GS78788-FS3-L05/mapping_GS78788-FS3-L05_008.tsv.bz2	564996465
data/AshkenazimTrio/HG004_NA24143_mother/CompleteGenomics_normal_RMDNA/mom_NA24143_GS000037262-ASM/MAP/GS78788-FS3-L05/mapping_GS78788-FS3-L05_009.tsv.bz2	565595642
data/AshkenazimTrio/HG004_NA24143_mother/CompleteGenomics_normal_RMDNA/mom_NA24143_GS000037262-ASM/MAP/GS78788-FS3-L05/mapping_GS78788-FS3-L05_010.tsv.bz2	565443286
data/AshkenazimTrio/HG004_NA24143_mother/CompleteGenomics_normal_RMDNA/mom_NA24143_GS000037262-ASM/MAP/GS78788-FS3-L05/mapping_GS78788-FS3-L05_011.tsv.bz2	564995319
data/AshkenazimTrio/HG004_NA24143_mother/CompleteGenomics_normal_RMDNA/mom_NA24143_GS000037262-ASM/MAP/GS78788-FS3-L05/mapping_GS78788-FS3-L05_012.tsv.bz2	566462023
data/AshkenazimTrio/HG004_NA24143_mother/CompleteGenomics_normal_RMDNA/mom_NA24143_GS000037262-ASM/MAP/GS78788-FS3-L05/mapping_GS78788-FS3-L05_013.tsv.bz2	566229977
data/AshkenazimTrio/HG004_NA24143_mother/CompleteGenomics_normal_RMDNA/mom_NA24143_GS000037262-ASM/MAP/GS78788-FS3-L05/mapping_GS78788-FS3-L05_014.tsv.bz2	565570384
data/AshkenazimTrio/HG004_NA24143_mother/CompleteGenomics_normal_RMDNA/mom_NA24143_GS000037262-ASM/MAP/GS78788-FS3-L05/mapping_GS78788-FS3-L05_015.tsv.bz2	562216400
data/AshkenazimTrio/HG004_NA24143_mother/CompleteGenomics_normal_RMDNA/mom_NA24143_GS000037262-ASM/MAP/GS78788-FS3-L05/mapping_GS78788-FS3-L05_016.tsv.bz2	520402386
data/AshkenazimTrio/HG004_NA24143_mother/CompleteGenomics_normal_RMDNA/mom_NA24143_GS000037262-ASM/MAP/GS78788-FS3-L05/reads_GS78788-FS3-L05_001.tsv.bz2	1216048112
data/AshkenazimTrio/HG004_NA24143_mother/CompleteGenomics_normal_RMDNA/mom_NA24143_GS000037262-ASM/MAP/GS78788-FS3-L05/reads_GS78788-FS3-L05_002.tsv.bz2	1247081687
data/AshkenazimTrio/HG004_NA24143_mother/CompleteGenomics_normal_RMDNA/mom_NA24143_GS000037262-ASM/MAP/GS78788-FS3-L05/reads_GS78788-FS3-L05_003.tsv.bz2	1246465264
data/AshkenazimTrio/HG004_NA24143_mother/CompleteGenomics_normal_RMDNA/mom_NA24143_GS000037262-ASM/MAP/GS78788-FS3-L05/reads_GS78788-FS3-L05_004.tsv.bz2	1244253354
data/AshkenazimTrio/HG004_NA24143_mother/CompleteGenomics_normal_RMDNA/mom_NA24143_GS000037262-ASM/MAP/GS78788-FS3-L05/reads_GS78788-FS3-L05_005.tsv.bz2	1240585999
data/AshkenazimTrio/HG004_NA24143_mother/CompleteGenomics_normal_RMDNA/mom_NA24143_GS000037262-ASM/MAP/GS78788-FS3-L05/reads_GS78788-FS3-L05_006.tsv.bz2	1246317381
data/AshkenazimTrio/HG004_NA24143_mother/CompleteGenomics_normal_RMDNA/mom_NA24143_GS000037262-ASM/MAP/GS78788-FS3-L05/reads_GS78788-FS3-L05_007.tsv.bz2	1242981150
data/AshkenazimTrio/HG004_NA24143_mother/CompleteGenomics_normal_RMDNA/mom_NA24143_GS000037262-ASM/MAP/GS78788-FS3-L05/reads_GS78788-FS3-L05_008.tsv.bz2	1240904491
data/AshkenazimTrio/HG004_NA24143_mother/CompleteGenomics_normal_RMDNA/mom_NA24143_GS000037262-ASM/MAP/GS78788-FS3-L05/reads_GS78788-FS3-L05_009.tsv.bz2	1238522653
data/AshkenazimTrio/HG004_NA24143_mother/CompleteGenomics_normal_RMDNA/mom_NA24143_GS000037262-ASM/MAP/GS78788-FS3-L05/reads_GS78788-FS3-L05_010.tsv.bz2	1238463310
data/AshkenazimTrio/HG004_NA24143_mother/CompleteGenomics_normal_RMDNA/mom_NA24143_GS000037262-ASM/MAP/GS78788-FS3-L05/reads_GS78788-FS3-L05_011.tsv.bz2	1241615049
data/AshkenazimTrio/HG004_NA24143_mother/CompleteGenomics_normal_RMDNA/mom_NA24143_GS000037262-ASM/MAP/GS78788-FS3-L05/reads_GS78788-FS3-L05_012.tsv.bz2	1232459684
data/AshkenazimTrio/HG004_NA24143_mother/CompleteGenomics_normal_RMDNA/mom_NA24143_GS000037262-ASM/MAP/GS78788-FS3-L05/reads_GS78788-FS3-L05_013.tsv.bz2	1236457917
data/AshkenazimTrio/HG004_NA24143_mother/CompleteGenomics_normal_RMDNA/mom_NA24143_GS000037262-ASM/MAP/GS78788-FS3-L05/reads_GS78788-FS3-L05_014.tsv.bz2	1243792777
data/AshkenazimTrio/HG004_NA24143_mother/CompleteGenomics_normal_RMDNA/mom_NA24143_GS000037262-ASM/MAP/GS78788-FS3-L05/reads_GS78788-FS3-L05_015.tsv.bz2	1244976912
data/AshkenazimTrio/HG004_NA24143_mother/CompleteGenomics_normal_RMDNA/mom_NA24143_GS000037262-ASM/MAP/GS78788-FS3-L05/reads_GS78788-FS3-L05_016.tsv.bz2	1138540953
data/AshkenazimTrio/HG004_NA24143_mother/CompleteGenomics_normal_RMDNA/mom_NA24143_GS000037262-ASM/MAP/GS78788-FS3-L06/mapping_GS78788-FS3-L06_001.tsv.bz2	559585448
data/AshkenazimTrio/HG004_NA24143_mother/CompleteGenomics_normal_RMDNA/mom_NA24143_GS000037262-ASM/MAP/GS78788-FS3-L06/mapping_GS78788-FS3-L06_002.tsv.bz2	567380284
data/AshkenazimTrio/HG004_NA24143_mother/CompleteGenomics_normal_RMDNA/mom_NA24143_GS000037262-ASM/MAP/GS78788-FS3-L06/mapping_GS78788-FS3-L06_003.tsv.bz2	567009611
data/AshkenazimTrio/HG004_NA24143_mother/CompleteGenomics_normal_RMDNA/mom_NA24143_GS000037262-ASM/MAP/GS78788-FS3-L06/mapping_GS78788-FS3-L06_004.tsv.bz2	567405333
data/AshkenazimTrio/HG004_NA24143_mother/CompleteGenomics_normal_RMDNA/mom_NA24143_GS000037262-ASM/MAP/GS78788-FS3-L06/mapping_GS78788-FS3-L06_005.tsv.bz2	566855175
data/AshkenazimTrio/HG004_NA24143_mother/CompleteGenomics_normal_RMDNA/mom_NA24143_GS000037262-ASM/MAP/GS78788-FS3-L06/mapping_GS78788-FS3-L06_006.tsv.bz2	566068725
data/AshkenazimTrio/HG004_NA24143_mother/CompleteGenomics_normal_RMDNA/mom_NA24143_GS000037262-ASM/MAP/GS78788-FS3-L06/mapping_GS78788-FS3-L06_007.tsv.bz2	566238731
data/AshkenazimTrio/HG004_NA24143_mother/CompleteGenomics_normal_RMDNA/mom_NA24143_GS000037262-ASM/MAP/GS78788-FS3-L06/mapping_GS78788-FS3-L06_008.tsv.bz2	563585868
data/AshkenazimTrio/HG004_NA24143_mother/CompleteGenomics_normal_RMDNA/mom_NA24143_GS000037262-ASM/MAP/GS78788-FS3-L06/mapping_GS78788-FS3-L06_009.tsv.bz2	566027276
data/AshkenazimTrio/HG004_NA24143_mother/CompleteGenomics_normal_RMDNA/mom_NA24143_GS000037262-ASM/MAP/GS78788-FS3-L06/mapping_GS78788-FS3-L06_010.tsv.bz2	565174836
data/AshkenazimTrio/HG004_NA24143_mother/CompleteGenomics_normal_RMDNA/mom_NA24143_GS000037262-ASM/MAP/GS78788-FS3-L06/mapping_GS78788-FS3-L06_011.tsv.bz2	566551922
data/AshkenazimTrio/HG004_NA24143_mother/CompleteGenomics_normal_RMDNA/mom_NA24143_GS000037262-ASM/MAP/GS78788-FS3-L06/mapping_GS78788-FS3-L06_012.tsv.bz2	565999111
data/AshkenazimTrio/HG004_NA24143_mother/CompleteGenomics_normal_RMDNA/mom_NA24143_GS000037262-ASM/MAP/GS78788-FS3-L06/mapping_GS78788-FS3-L06_013.tsv.bz2	566235534
data/AshkenazimTrio/HG004_NA24143_mother/CompleteGenomics_normal_RMDNA/mom_NA24143_GS000037262-ASM/MAP/GS78788-FS3-L06/mapping_GS78788-FS3-L06_014.tsv.bz2	566120589
data/AshkenazimTrio/HG004_NA24143_mother/CompleteGenomics_normal_RMDNA/mom_NA24143_GS000037262-ASM/MAP/GS78788-FS3-L06/mapping_GS78788-FS3-L06_015.tsv.bz2	562401497
data/AshkenazimTrio/HG004_NA24143_mother/CompleteGenomics_normal_RMDNA/mom_NA24143_GS000037262-ASM/MAP/GS78788-FS3-L06/mapping_GS78788-FS3-L06_016.tsv.bz2	519188834
data/AshkenazimTrio/HG004_NA24143_mother/CompleteGenomics_normal_RMDNA/mom_NA24143_GS000037262-ASM/MAP/GS78788-FS3-L06/reads_GS78788-FS3-L06_001.tsv.bz2	1223971299
data/AshkenazimTrio/HG004_NA24143_mother/CompleteGenomics_normal_RMDNA/mom_NA24143_GS000037262-ASM/MAP/GS78788-FS3-L06/reads_GS78788-FS3-L06_002.tsv.bz2	1238234580
data/AshkenazimTrio/HG004_NA24143_mother/CompleteGenomics_normal_RMDNA/mom_NA24143_GS000037262-ASM/MAP/GS78788-FS3-L06/reads_GS78788-FS3-L06_003.tsv.bz2	1239175463
data/AshkenazimTrio/HG004_NA24143_mother/CompleteGenomics_normal_RMDNA/mom_NA24143_GS000037262-ASM/MAP/GS78788-FS3-L06/reads_GS78788-FS3-L06_004.tsv.bz2	1231658186
data/AshkenazimTrio/HG004_NA24143_mother/CompleteGenomics_normal_RMDNA/mom_NA24143_GS000037262-ASM/MAP/GS78788-FS3-L06/reads_GS78788-FS3-L06_005.tsv.bz2	1233294061
data/AshkenazimTrio/HG004_NA24143_mother/CompleteGenomics_normal_RMDNA/mom_NA24143_GS000037262-ASM/MAP/GS78788-FS3-L06/reads_GS78788-FS3-L06_006.tsv.bz2	1237478563
data/AshkenazimTrio/HG004_NA24143_mother/CompleteGenomics_normal_RMDNA/mom_NA24143_GS000037262-ASM/MAP/GS78788-FS3-L06/reads_GS78788-FS3-L06_007.tsv.bz2	1240261192
data/AshkenazimTrio/HG004_NA24143_mother/CompleteGenomics_normal_RMDNA/mom_NA24143_GS000037262-ASM/MAP/GS78788-FS3-L06/reads_GS78788-FS3-L06_008.tsv.bz2	1248209091
data/AshkenazimTrio/HG004_NA24143_mother/CompleteGenomics_normal_RMDNA/mom_NA24143_GS000037262-ASM/MAP/GS78788-FS3-L06/reads_GS78788-FS3-L06_009.tsv.bz2	1241401641
data/AshkenazimTrio/HG004_NA24143_mother/CompleteGenomics_normal_RMDNA/mom_NA24143_GS000037262-ASM/MAP/GS78788-FS3-L06/reads_GS78788-FS3-L06_010.tsv.bz2	1244450876
data/AshkenazimTrio/HG004_NA24143_mother/CompleteGenomics_normal_RMDNA/mom_NA24143_GS000037262-ASM/MAP/GS78788-FS3-L06/reads_GS78788-FS3-L06_011.tsv.bz2	1240787638
data/AshkenazimTrio/HG004_NA24143_mother/CompleteGenomics_normal_RMDNA/mom_NA24143_GS000037262-ASM/MAP/GS78788-FS3-L06/reads_GS78788-FS3-L06_012.tsv.bz2	1240710814
data/AshkenazimTrio/HG004_NA24143_mother/CompleteGenomics_normal_RMDNA/mom_NA24143_GS000037262-ASM/MAP/GS78788-FS3-L06/reads_GS78788-FS3-L06_013.tsv.bz2	1236645392
data/AshkenazimTrio/HG004_NA24143_mother/CompleteGenomics_normal_RMDNA/mom_NA24143_GS000037262-ASM/MAP/GS78788-FS3-L06/reads_GS78788-FS3-L06_014.tsv.bz2	1240680320
data/AshkenazimTrio/HG004_NA24143_mother/CompleteGenomics_normal_RMDNA/mom_NA24143_GS000037262-ASM/MAP/GS78788-FS3-L06/reads_GS78788-FS3-L06_015.tsv.bz2	1239241521
data/AshkenazimTrio/HG004_NA24143_mother/CompleteGenomics_normal_RMDNA/mom_NA24143_GS000037262-ASM/MAP/GS78788-FS3-L06/reads_GS78788-FS3-L06_016.tsv.bz2	1126271714
data/AshkenazimTrio/HG004_NA24143_mother/CompleteGenomics_normal_RMDNA/mom_NA24143_GS000037262-ASM/MAP/GS78788-FS3-L07/mapping_GS78788-FS3-L07_001.tsv.bz2	557150044
data/AshkenazimTrio/HG004_NA24143_mother/CompleteGenomics_normal_RMDNA/mom_NA24143_GS000037262-ASM/MAP/GS78788-FS3-L07/mapping_GS78788-FS3-L07_002.tsv.bz2	564275888
data/AshkenazimTrio/HG004_NA24143_mother/CompleteGenomics_normal_RMDNA/mom_NA24143_GS000037262-ASM/MAP/GS78788-FS3-L07/mapping_GS78788-FS3-L07_003.tsv.bz2	564390806
data/AshkenazimTrio/HG004_NA24143_mother/CompleteGenomics_normal_RMDNA/mom_NA24143_GS000037262-ASM/MAP/GS78788-FS3-L07/mapping_GS78788-FS3-L07_004.tsv.bz2	567091870
data/AshkenazimTrio/HG004_NA24143_mother/CompleteGenomics_normal_RMDNA/mom_NA24143_GS000037262-ASM/MAP/GS78788-FS3-L07/mapping_GS78788-FS3-L07_005.tsv.bz2	565723671
data/AshkenazimTrio/HG004_NA24143_mother/CompleteGenomics_normal_RMDNA/mom_NA24143_GS000037262-ASM/MAP/GS78788-FS3-L07/mapping_GS78788-FS3-L07_006.tsv.bz2	563684873
data/AshkenazimTrio/HG004_NA24143_mother/CompleteGenomics_normal_RMDNA/mom_NA24143_GS000037262-ASM/MAP/GS78788-FS3-L07/mapping_GS78788-FS3-L07_007.tsv.bz2	564639390
data/AshkenazimTrio/HG004_NA24143_mother/CompleteGenomics_normal_RMDNA/mom_NA24143_GS000037262-ASM/MAP/GS78788-FS3-L07/mapping_GS78788-FS3-L07_008.tsv.bz2	560208088
data/AshkenazimTrio/HG004_NA24143_mother/CompleteGenomics_normal_RMDNA/mom_NA24143_GS000037262-ASM/MAP/GS78788-FS3-L07/mapping_GS78788-FS3-L07_009.tsv.bz2	565294193
data/AshkenazimTrio/HG004_NA24143_mother/CompleteGenomics_normal_RMDNA/mom_NA24143_GS000037262-ASM/MAP/GS78788-FS3-L07/mapping_GS78788-FS3-L07_010.tsv.bz2	564529871
data/AshkenazimTrio/HG004_NA24143_mother/CompleteGenomics_normal_RMDNA/mom_NA24143_GS000037262-ASM/MAP/GS78788-FS3-L07/mapping_GS78788-FS3-L07_011.tsv.bz2	563837739
data/AshkenazimTrio/HG004_NA24143_mother/CompleteGenomics_normal_RMDNA/mom_NA24143_GS000037262-ASM/MAP/GS78788-FS3-L07/mapping_GS78788-FS3-L07_012.tsv.bz2	565644548
data/AshkenazimTrio/HG004_NA24143_mother/CompleteGenomics_normal_RMDNA/mom_NA24143_GS000037262-ASM/MAP/GS78788-FS3-L07/mapping_GS78788-FS3-L07_013.tsv.bz2	565677692
data/AshkenazimTrio/HG004_NA24143_mother/CompleteGenomics_normal_RMDNA/mom_NA24143_GS000037262-ASM/MAP/GS78788-FS3-L07/mapping_GS78788-FS3-L07_014.tsv.bz2	565873960
data/AshkenazimTrio/HG004_NA24143_mother/CompleteGenomics_normal_RMDNA/mom_NA24143_GS000037262-ASM/MAP/GS78788-FS3-L07/mapping_GS78788-FS3-L07_015.tsv.bz2	559018530
data/AshkenazimTrio/HG004_NA24143_mother/CompleteGenomics_normal_RMDNA/mom_NA24143_GS000037262-ASM/MAP/GS78788-FS3-L07/mapping_GS78788-FS3-L07_016.tsv.bz2	519404909
data/AshkenazimTrio/HG004_NA24143_mother/CompleteGenomics_normal_RMDNA/mom_NA24143_GS000037262-ASM/MAP/GS78788-FS3-L07/reads_GS78788-FS3-L07_001.tsv.bz2	1225713144
data/AshkenazimTrio/HG004_NA24143_mother/CompleteGenomics_normal_RMDNA/mom_NA24143_GS000037262-ASM/MAP/GS78788-FS3-L07/reads_GS78788-FS3-L07_002.tsv.bz2	1238992931
data/AshkenazimTrio/HG004_NA24143_mother/CompleteGenomics_normal_RMDNA/mom_NA24143_GS000037262-ASM/MAP/GS78788-FS3-L07/reads_GS78788-FS3-L07_003.tsv.bz2	1238593874
data/AshkenazimTrio/HG004_NA24143_mother/CompleteGenomics_normal_RMDNA/mom_NA24143_GS000037262-ASM/MAP/GS78788-FS3-L07/reads_GS78788-FS3-L07_004.tsv.bz2	1237337671
data/AshkenazimTrio/HG004_NA24143_mother/CompleteGenomics_normal_RMDNA/mom_NA24143_GS000037262-ASM/MAP/GS78788-FS3-L07/reads_GS78788-FS3-L07_005.tsv.bz2	1241563808
data/AshkenazimTrio/HG004_NA24143_mother/CompleteGenomics_normal_RMDNA/mom_NA24143_GS000037262-ASM/MAP/GS78788-FS3-L07/reads_GS78788-FS3-L07_006.tsv.bz2	1249793687
data/AshkenazimTrio/HG004_NA24143_mother/CompleteGenomics_normal_RMDNA/mom_NA24143_GS000037262-ASM/MAP/GS78788-FS3-L07/reads_GS78788-FS3-L07_007.tsv.bz2	1249603586
data/AshkenazimTrio/HG004_NA24143_mother/CompleteGenomics_normal_RMDNA/mom_NA24143_GS000037262-ASM/MAP/GS78788-FS3-L07/reads_GS78788-FS3-L07_008.tsv.bz2	1247817422
data/AshkenazimTrio/HG004_NA24143_mother/CompleteGenomics_normal_RMDNA/mom_NA24143_GS000037262-ASM/MAP/GS78788-FS3-L07/reads_GS78788-FS3-L07_009.tsv.bz2	1241292843
data/AshkenazimTrio/HG004_NA24143_mother/CompleteGenomics_normal_RMDNA/mom_NA24143_GS000037262-ASM/MAP/GS78788-FS3-L07/reads_GS78788-FS3-L07_010.tsv.bz2	1243477085
data/AshkenazimTrio/HG004_NA24143_mother/CompleteGenomics_normal_RMDNA/mom_NA24143_GS000037262-ASM/MAP/GS78788-FS3-L07/reads_GS78788-FS3-L07_011.tsv.bz2	1250637970
data/AshkenazimTrio/HG004_NA24143_mother/CompleteGenomics_normal_RMDNA/mom_NA24143_GS000037262-ASM/MAP/GS78788-FS3-L07/reads_GS78788-FS3-L07_012.tsv.bz2	1242701123
data/AshkenazimTrio/HG004_NA24143_mother/CompleteGenomics_normal_RMDNA/mom_NA24143_GS000037262-ASM/MAP/GS78788-FS3-L07/reads_GS78788-FS3-L07_013.tsv.bz2	1238916464
data/AshkenazimTrio/HG004_NA24143_mother/CompleteGenomics_normal_RMDNA/mom_NA24143_GS000037262-ASM/MAP/GS78788-FS3-L07/reads_GS78788-FS3-L07_014.tsv.bz2	1239810864
data/AshkenazimTrio/HG004_NA24143_mother/CompleteGenomics_normal_RMDNA/mom_NA24143_GS000037262-ASM/MAP/GS78788-FS3-L07/reads_GS78788-FS3-L07_015.tsv.bz2	1243001565
data/AshkenazimTrio/HG004_NA24143_mother/CompleteGenomics_normal_RMDNA/mom_NA24143_GS000037262-ASM/MAP/GS78788-FS3-L07/reads_GS78788-FS3-L07_016.tsv.bz2	1131190311
data/AshkenazimTrio/HG004_NA24143_mother/CompleteGenomics_normal_RMDNA/mom_NA24143_GS000037262-ASM/MAP/GS78788-FS3-L08/mapping_GS78788-FS3-L08_001.tsv.bz2	559926349
data/AshkenazimTrio/HG004_NA24143_mother/CompleteGenomics_normal_RMDNA/mom_NA24143_GS000037262-ASM/MAP/GS78788-FS3-L08/mapping_GS78788-FS3-L08_002.tsv.bz2	563453565
data/AshkenazimTrio/HG004_NA24143_mother/CompleteGenomics_normal_RMDNA/mom_NA24143_GS000037262-ASM/MAP/GS78788-FS3-L08/mapping_GS78788-FS3-L08_003.tsv.bz2	563358706
data/AshkenazimTrio/HG004_NA24143_mother/CompleteGenomics_normal_RMDNA/mom_NA24143_GS000037262-ASM/MAP/GS78788-FS3-L08/mapping_GS78788-FS3-L08_004.tsv.bz2	564557563
data/AshkenazimTrio/HG004_NA24143_mother/CompleteGenomics_normal_RMDNA/mom_NA24143_GS000037262-ASM/MAP/GS78788-FS3-L08/mapping_GS78788-FS3-L08_005.tsv.bz2	563770940
data/AshkenazimTrio/HG004_NA24143_mother/CompleteGenomics_normal_RMDNA/mom_NA24143_GS000037262-ASM/MAP/GS78788-FS3-L08/mapping_GS78788-FS3-L08_006.tsv.bz2	561347996
data/AshkenazimTrio/HG004_NA24143_mother/CompleteGenomics_normal_RMDNA/mom_NA24143_GS000037262-ASM/MAP/GS78788-FS3-L08/mapping_GS78788-FS3-L08_007.tsv.bz2	563955337
data/AshkenazimTrio/HG004_NA24143_mother/CompleteGenomics_normal_RMDNA/mom_NA24143_GS000037262-ASM/MAP/GS78788-FS3-L08/mapping_GS78788-FS3-L08_008.tsv.bz2	564211535
data/AshkenazimTrio/HG004_NA24143_mother/CompleteGenomics_normal_RMDNA/mom_NA24143_GS000037262-ASM/MAP/GS78788-FS3-L08/mapping_GS78788-FS3-L08_009.tsv.bz2	564072267
data/AshkenazimTrio/HG004_NA24143_mother/CompleteGenomics_normal_RMDNA/mom_NA24143_GS000037262-ASM/MAP/GS78788-FS3-L08/mapping_GS78788-FS3-L08_010.tsv.bz2	564057887
data/AshkenazimTrio/HG004_NA24143_mother/CompleteGenomics_normal_RMDNA/mom_NA24143_GS000037262-ASM/MAP/GS78788-FS3-L08/mapping_GS78788-FS3-L08_011.tsv.bz2	563340222
data/AshkenazimTrio/HG004_NA24143_mother/CompleteGenomics_normal_RMDNA/mom_NA24143_GS000037262-ASM/MAP/GS78788-FS3-L08/mapping_GS78788-FS3-L08_012.tsv.bz2	565360928
data/AshkenazimTrio/HG004_NA24143_mother/CompleteGenomics_normal_RMDNA/mom_NA24143_GS000037262-ASM/MAP/GS78788-FS3-L08/mapping_GS78788-FS3-L08_013.tsv.bz2	564101493
data/AshkenazimTrio/HG004_NA24143_mother/CompleteGenomics_normal_RMDNA/mom_NA24143_GS000037262-ASM/MAP/GS78788-FS3-L08/mapping_GS78788-FS3-L08_014.tsv.bz2	563302046
data/AshkenazimTrio/HG004_NA24143_mother/CompleteGenomics_normal_RMDNA/mom_NA24143_GS000037262-ASM/MAP/GS78788-FS3-L08/mapping_GS78788-FS3-L08_015.tsv.bz2	554644376
data/AshkenazimTrio/HG004_NA24143_mother/CompleteGenomics_normal_RMDNA/mom_NA24143_GS000037262-ASM/MAP/GS78788-FS3-L08/mapping_GS78788-FS3-L08_016.tsv.bz2	546734389
data/AshkenazimTrio/HG004_NA24143_mother/CompleteGenomics_normal_RMDNA/mom_NA24143_GS000037262-ASM/MAP/GS78788-FS3-L08/reads_GS78788-FS3-L08_001.tsv.bz2	1226271590
data/AshkenazimTrio/HG004_NA24143_mother/CompleteGenomics_normal_RMDNA/mom_NA24143_GS000037262-ASM/MAP/GS78788-FS3-L08/reads_GS78788-FS3-L08_002.tsv.bz2	1251780075
data/AshkenazimTrio/HG004_NA24143_mother/CompleteGenomics_normal_RMDNA/mom_NA24143_GS000037262-ASM/MAP/GS78788-FS3-L08/reads_GS78788-FS3-L08_003.tsv.bz2	1249400539
data/AshkenazimTrio/HG004_NA24143_mother/CompleteGenomics_normal_RMDNA/mom_NA24143_GS000037262-ASM/MAP/GS78788-FS3-L08/reads_GS78788-FS3-L08_004.tsv.bz2	1243505016
data/AshkenazimTrio/HG004_NA24143_mother/CompleteGenomics_normal_RMDNA/mom_NA24143_GS000037262-ASM/MAP/GS78788-FS3-L08/reads_GS78788-FS3-L08_005.tsv.bz2	1240183506
data/AshkenazimTrio/HG004_NA24143_mother/CompleteGenomics_normal_RMDNA/mom_NA24143_GS000037262-ASM/MAP/GS78788-FS3-L08/reads_GS78788-FS3-L08_006.tsv.bz2	1246569071
data/AshkenazimTrio/HG004_NA24143_mother/CompleteGenomics_normal_RMDNA/mom_NA24143_GS000037262-ASM/MAP/GS78788-FS3-L08/reads_GS78788-FS3-L08_007.tsv.bz2	1242092536
data/AshkenazimTrio/HG004_NA24143_mother/CompleteGenomics_normal_RMDNA/mom_NA24143_GS000037262-ASM/MAP/GS78788-FS3-L08/reads_GS78788-FS3-L08_008.tsv.bz2	1236306294
data/AshkenazimTrio/HG004_NA24143_mother/CompleteGenomics_normal_RMDNA/mom_NA24143_GS000037262-ASM/MAP/GS78788-FS3-L08/reads_GS78788-FS3-L08_009.tsv.bz2	1236088559
data/AshkenazimTrio/HG004_NA24143_mother/CompleteGenomics_normal_RMDNA/mom_NA24143_GS000037262-ASM/MAP/GS78788-FS3-L08/reads_GS78788-FS3-L08_010.tsv.bz2	1238053349
data/AshkenazimTrio/HG004_NA24143_mother/CompleteGenomics_normal_RMDNA/mom_NA24143_GS000037262-ASM/MAP/GS78788-FS3-L08/reads_GS78788-FS3-L08_011.tsv.bz2	1244642925
data/AshkenazimTrio/HG004_NA24143_mother/CompleteGenomics_normal_RMDNA/mom_NA24143_GS000037262-ASM/MAP/GS78788-FS3-L08/reads_GS78788-FS3-L08_012.tsv.bz2	1240272565
data/AshkenazimTrio/HG004_NA24143_mother/CompleteGenomics_normal_RMDNA/mom_NA24143_GS000037262-ASM/MAP/GS78788-FS3-L08/reads_GS78788-FS3-L08_013.tsv.bz2	1240380038
data/AshkenazimTrio/HG004_NA24143_mother/CompleteGenomics_normal_RMDNA/mom_NA24143_GS000037262-ASM/MAP/GS78788-FS3-L08/reads_GS78788-FS3-L08_014.tsv.bz2	1246800166
data/AshkenazimTrio/HG004_NA24143_mother/CompleteGenomics_normal_RMDNA/mom_NA24143_GS000037262-ASM/MAP/GS78788-FS3-L08/reads_GS78788-FS3-L08_015.tsv.bz2	1250487544
data/AshkenazimTrio/HG004_NA24143_mother/CompleteGenomics_normal_RMDNA/mom_NA24143_GS000037262-ASM/MAP/GS78788-FS3-L08/reads_GS78788-FS3-L08_016.tsv.bz2	1192147910
data/AshkenazimTrio/HG004_NA24143_mother/CompleteGenomics_normal_RMDNA/mom_NA24143_GS000037262-ASM/MAP/GS78789-FS3-L01/mapping_GS78789-FS3-L01_001.tsv.bz2	538994259
data/AshkenazimTrio/HG004_NA24143_mother/CompleteGenomics_normal_RMDNA/mom_NA24143_GS000037262-ASM/MAP/GS78789-FS3-L01/mapping_GS78789-FS3-L01_002.tsv.bz2	562223312
data/AshkenazimTrio/HG004_NA24143_mother/CompleteGenomics_normal_RMDNA/mom_NA24143_GS000037262-ASM/MAP/GS78789-FS3-L01/mapping_GS78789-FS3-L01_003.tsv.bz2	566521521
data/AshkenazimTrio/HG004_NA24143_mother/CompleteGenomics_normal_RMDNA/mom_NA24143_GS000037262-ASM/MAP/GS78789-FS3-L01/mapping_GS78789-FS3-L01_004.tsv.bz2	565273822
data/AshkenazimTrio/HG004_NA24143_mother/CompleteGenomics_normal_RMDNA/mom_NA24143_GS000037262-ASM/MAP/GS78789-FS3-L01/mapping_GS78789-FS3-L01_005.tsv.bz2	564879509
data/AshkenazimTrio/HG004_NA24143_mother/CompleteGenomics_normal_RMDNA/mom_NA24143_GS000037262-ASM/MAP/GS78789-FS3-L01/mapping_GS78789-FS3-L01_006.tsv.bz2	562973500
data/AshkenazimTrio/HG004_NA24143_mother/CompleteGenomics_normal_RMDNA/mom_NA24143_GS000037262-ASM/MAP/GS78789-FS3-L01/mapping_GS78789-FS3-L01_007.tsv.bz2	562853160
data/AshkenazimTrio/HG004_NA24143_mother/CompleteGenomics_normal_RMDNA/mom_NA24143_GS000037262-ASM/MAP/GS78789-FS3-L01/mapping_GS78789-FS3-L01_008.tsv.bz2	561501378
data/AshkenazimTrio/HG004_NA24143_mother/CompleteGenomics_normal_RMDNA/mom_NA24143_GS000037262-ASM/MAP/GS78789-FS3-L01/mapping_GS78789-FS3-L01_009.tsv.bz2	561489328
data/AshkenazimTrio/HG004_NA24143_mother/CompleteGenomics_normal_RMDNA/mom_NA24143_GS000037262-ASM/MAP/GS78789-FS3-L01/mapping_GS78789-FS3-L01_010.tsv.bz2	560437520
data/AshkenazimTrio/HG004_NA24143_mother/CompleteGenomics_normal_RMDNA/mom_NA24143_GS000037262-ASM/MAP/GS78789-FS3-L01/mapping_GS78789-FS3-L01_011.tsv.bz2	560396088
data/AshkenazimTrio/HG004_NA24143_mother/CompleteGenomics_normal_RMDNA/mom_NA24143_GS000037262-ASM/MAP/GS78789-FS3-L01/mapping_GS78789-FS3-L01_012.tsv.bz2	563248157
data/AshkenazimTrio/HG004_NA24143_mother/CompleteGenomics_normal_RMDNA/mom_NA24143_GS000037262-ASM/MAP/GS78789-FS3-L01/mapping_GS78789-FS3-L01_013.tsv.bz2	563854886
data/AshkenazimTrio/HG004_NA24143_mother/CompleteGenomics_normal_RMDNA/mom_NA24143_GS000037262-ASM/MAP/GS78789-FS3-L01/mapping_GS78789-FS3-L01_014.tsv.bz2	563318630
data/AshkenazimTrio/HG004_NA24143_mother/CompleteGenomics_normal_RMDNA/mom_NA24143_GS000037262-ASM/MAP/GS78789-FS3-L01/mapping_GS78789-FS3-L01_015.tsv.bz2	558800359
data/AshkenazimTrio/HG004_NA24143_mother/CompleteGenomics_normal_RMDNA/mom_NA24143_GS000037262-ASM/MAP/GS78789-FS3-L01/mapping_GS78789-FS3-L01_016.tsv.bz2	543521611
data/AshkenazimTrio/HG004_NA24143_mother/CompleteGenomics_normal_RMDNA/mom_NA24143_GS000037262-ASM/MAP/GS78789-FS3-L01/reads_GS78789-FS3-L01_001.tsv.bz2	1194436271
data/AshkenazimTrio/HG004_NA24143_mother/CompleteGenomics_normal_RMDNA/mom_NA24143_GS000037262-ASM/MAP/GS78789-FS3-L01/reads_GS78789-FS3-L01_002.tsv.bz2	1257279152
data/AshkenazimTrio/HG004_NA24143_mother/CompleteGenomics_normal_RMDNA/mom_NA24143_GS000037262-ASM/MAP/GS78789-FS3-L01/reads_GS78789-FS3-L01_003.tsv.bz2	1237826113
data/AshkenazimTrio/HG004_NA24143_mother/CompleteGenomics_normal_RMDNA/mom_NA24143_GS000037262-ASM/MAP/GS78789-FS3-L01/reads_GS78789-FS3-L01_004.tsv.bz2	1236377547
data/AshkenazimTrio/HG004_NA24143_mother/CompleteGenomics_normal_RMDNA/mom_NA24143_GS000037262-ASM/MAP/GS78789-FS3-L01/reads_GS78789-FS3-L01_005.tsv.bz2	1236040243
data/AshkenazimTrio/HG004_NA24143_mother/CompleteGenomics_normal_RMDNA/mom_NA24143_GS000037262-ASM/MAP/GS78789-FS3-L01/reads_GS78789-FS3-L01_006.tsv.bz2	1245288094
data/AshkenazimTrio/HG004_NA24143_mother/CompleteGenomics_normal_RMDNA/mom_NA24143_GS000037262-ASM/MAP/GS78789-FS3-L01/reads_GS78789-FS3-L01_007.tsv.bz2	1248047371
data/AshkenazimTrio/HG004_NA24143_mother/CompleteGenomics_normal_RMDNA/mom_NA24143_GS000037262-ASM/MAP/GS78789-FS3-L01/reads_GS78789-FS3-L01_008.tsv.bz2	1252700899
data/AshkenazimTrio/HG004_NA24143_mother/CompleteGenomics_normal_RMDNA/mom_NA24143_GS000037262-ASM/MAP/GS78789-FS3-L01/reads_GS78789-FS3-L01_009.tsv.bz2	1253785362
data/AshkenazimTrio/HG004_NA24143_mother/CompleteGenomics_normal_RMDNA/mom_NA24143_GS000037262-ASM/MAP/GS78789-FS3-L01/reads_GS78789-FS3-L01_010.tsv.bz2	1259950559
data/AshkenazimTrio/HG004_NA24143_mother/CompleteGenomics_normal_RMDNA/mom_NA24143_GS000037262-ASM/MAP/GS78789-FS3-L01/reads_GS78789-FS3-L01_011.tsv.bz2	1257983618
data/AshkenazimTrio/HG004_NA24143_mother/CompleteGenomics_normal_RMDNA/mom_NA24143_GS000037262-ASM/MAP/GS78789-FS3-L01/reads_GS78789-FS3-L01_012.tsv.bz2	1246041027
data/AshkenazimTrio/HG004_NA24143_mother/CompleteGenomics_normal_RMDNA/mom_NA24143_GS000037262-ASM/MAP/GS78789-FS3-L01/reads_GS78789-FS3-L01_013.tsv.bz2	1239912213
data/AshkenazimTrio/HG004_NA24143_mother/CompleteGenomics_normal_RMDNA/mom_NA24143_GS000037262-ASM/MAP/GS78789-FS3-L01/reads_GS78789-FS3-L01_014.tsv.bz2	1245363444
data/AshkenazimTrio/HG004_NA24143_mother/CompleteGenomics_normal_RMDNA/mom_NA24143_GS000037262-ASM/MAP/GS78789-FS3-L01/reads_GS78789-FS3-L01_015.tsv.bz2	1245391500
data/AshkenazimTrio/HG004_NA24143_mother/CompleteGenomics_normal_RMDNA/mom_NA24143_GS000037262-ASM/MAP/GS78789-FS3-L01/reads_GS78789-FS3-L01_016.tsv.bz2	1194520880
data/AshkenazimTrio/HG004_NA24143_mother/CompleteGenomics_normal_RMDNA/mom_NA24143_GS000037262-ASM/MAP/GS78789-FS3-L02/mapping_GS78789-FS3-L02_001.tsv.bz2	545689621
data/AshkenazimTrio/HG004_NA24143_mother/CompleteGenomics_normal_RMDNA/mom_NA24143_GS000037262-ASM/MAP/GS78789-FS3-L02/mapping_GS78789-FS3-L02_002.tsv.bz2	562936155
data/AshkenazimTrio/HG004_NA24143_mother/CompleteGenomics_normal_RMDNA/mom_NA24143_GS000037262-ASM/MAP/GS78789-FS3-L02/mapping_GS78789-FS3-L02_003.tsv.bz2	563414514
data/AshkenazimTrio/HG004_NA24143_mother/CompleteGenomics_normal_RMDNA/mom_NA24143_GS000037262-ASM/MAP/GS78789-FS3-L02/mapping_GS78789-FS3-L02_004.tsv.bz2	563430136
data/AshkenazimTrio/HG004_NA24143_mother/CompleteGenomics_normal_RMDNA/mom_NA24143_GS000037262-ASM/MAP/GS78789-FS3-L02/mapping_GS78789-FS3-L02_005.tsv.bz2	564088590
data/AshkenazimTrio/HG004_NA24143_mother/CompleteGenomics_normal_RMDNA/mom_NA24143_GS000037262-ASM/MAP/GS78789-FS3-L02/mapping_GS78789-FS3-L02_006.tsv.bz2	563665408
data/AshkenazimTrio/HG004_NA24143_mother/CompleteGenomics_normal_RMDNA/mom_NA24143_GS000037262-ASM/MAP/GS78789-FS3-L02/mapping_GS78789-FS3-L02_007.tsv.bz2	563606459
data/AshkenazimTrio/HG004_NA24143_mother/CompleteGenomics_normal_RMDNA/mom_NA24143_GS000037262-ASM/MAP/GS78789-FS3-L02/mapping_GS78789-FS3-L02_008.tsv.bz2	562340460
data/AshkenazimTrio/HG004_NA24143_mother/CompleteGenomics_normal_RMDNA/mom_NA24143_GS000037262-ASM/MAP/GS78789-FS3-L02/mapping_GS78789-FS3-L02_009.tsv.bz2	562626556
data/AshkenazimTrio/HG004_NA24143_mother/CompleteGenomics_normal_RMDNA/mom_NA24143_GS000037262-ASM/MAP/GS78789-FS3-L02/mapping_GS78789-FS3-L02_010.tsv.bz2	562779686
data/AshkenazimTrio/HG004_NA24143_mother/CompleteGenomics_normal_RMDNA/mom_NA24143_GS000037262-ASM/MAP/GS78789-FS3-L02/mapping_GS78789-FS3-L02_011.tsv.bz2	563052505
data/AshkenazimTrio/HG004_NA24143_mother/CompleteGenomics_normal_RMDNA/mom_NA24143_GS000037262-ASM/MAP/GS78789-FS3-L02/mapping_GS78789-FS3-L02_012.tsv.bz2	564129162
data/AshkenazimTrio/HG004_NA24143_mother/CompleteGenomics_normal_RMDNA/mom_NA24143_GS000037262-ASM/MAP/GS78789-FS3-L02/mapping_GS78789-FS3-L02_013.tsv.bz2	563234098
data/AshkenazimTrio/HG004_NA24143_mother/CompleteGenomics_normal_RMDNA/mom_NA24143_GS000037262-ASM/MAP/GS78789-FS3-L02/mapping_GS78789-FS3-L02_014.tsv.bz2	562950891
data/AshkenazimTrio/HG004_NA24143_mother/CompleteGenomics_normal_RMDNA/mom_NA24143_GS000037262-ASM/MAP/GS78789-FS3-L02/mapping_GS78789-FS3-L02_015.tsv.bz2	558560303
data/AshkenazimTrio/HG004_NA24143_mother/CompleteGenomics_normal_RMDNA/mom_NA24143_GS000037262-ASM/MAP/GS78789-FS3-L02/mapping_GS78789-FS3-L02_016.tsv.bz2	523453594
data/AshkenazimTrio/HG004_NA24143_mother/CompleteGenomics_normal_RMDNA/mom_NA24143_GS000037262-ASM/MAP/GS78789-FS3-L02/reads_GS78789-FS3-L02_001.tsv.bz2	1215028255
data/AshkenazimTrio/HG004_NA24143_mother/CompleteGenomics_normal_RMDNA/mom_NA24143_GS000037262-ASM/MAP/GS78789-FS3-L02/reads_GS78789-FS3-L02_002.tsv.bz2	1252966865
data/AshkenazimTrio/HG004_NA24143_mother/CompleteGenomics_normal_RMDNA/mom_NA24143_GS000037262-ASM/MAP/GS78789-FS3-L02/reads_GS78789-FS3-L02_003.tsv.bz2	1251731711
data/AshkenazimTrio/HG004_NA24143_mother/CompleteGenomics_normal_RMDNA/mom_NA24143_GS000037262-ASM/MAP/GS78789-FS3-L02/reads_GS78789-FS3-L02_004.tsv.bz2	1251344574
data/AshkenazimTrio/HG004_NA24143_mother/CompleteGenomics_normal_RMDNA/mom_NA24143_GS000037262-ASM/MAP/GS78789-FS3-L02/reads_GS78789-FS3-L02_005.tsv.bz2	1244113033
data/AshkenazimTrio/HG004_NA24143_mother/CompleteGenomics_normal_RMDNA/mom_NA24143_GS000037262-ASM/MAP/GS78789-FS3-L02/reads_GS78789-FS3-L02_006.tsv.bz2	1245362126
data/AshkenazimTrio/HG004_NA24143_mother/CompleteGenomics_normal_RMDNA/mom_NA24143_GS000037262-ASM/MAP/GS78789-FS3-L02/reads_GS78789-FS3-L02_007.tsv.bz2	1247562164
data/AshkenazimTrio/HG004_NA24143_mother/CompleteGenomics_normal_RMDNA/mom_NA24143_GS000037262-ASM/MAP/GS78789-FS3-L02/reads_GS78789-FS3-L02_008.tsv.bz2	1254121620
data/AshkenazimTrio/HG004_NA24143_mother/CompleteGenomics_normal_RMDNA/mom_NA24143_GS000037262-ASM/MAP/GS78789-FS3-L02/reads_GS78789-FS3-L02_009.tsv.bz2	1249253375
data/AshkenazimTrio/HG004_NA24143_mother/CompleteGenomics_normal_RMDNA/mom_NA24143_GS000037262-ASM/MAP/GS78789-FS3-L02/reads_GS78789-FS3-L02_010.tsv.bz2	1248380273
data/AshkenazimTrio/HG004_NA24143_mother/CompleteGenomics_normal_RMDNA/mom_NA24143_GS000037262-ASM/MAP/GS78789-FS3-L02/reads_GS78789-FS3-L02_011.tsv.bz2	1248022413
data/AshkenazimTrio/HG004_NA24143_mother/CompleteGenomics_normal_RMDNA/mom_NA24143_GS000037262-ASM/MAP/GS78789-FS3-L02/reads_GS78789-FS3-L02_012.tsv.bz2	1241453027
data/AshkenazimTrio/HG004_NA24143_mother/CompleteGenomics_normal_RMDNA/mom_NA24143_GS000037262-ASM/MAP/GS78789-FS3-L02/reads_GS78789-FS3-L02_013.tsv.bz2	1242324254
data/AshkenazimTrio/HG004_NA24143_mother/CompleteGenomics_normal_RMDNA/mom_NA24143_GS000037262-ASM/MAP/GS78789-FS3-L02/reads_GS78789-FS3-L02_014.tsv.bz2	1247349709
data/AshkenazimTrio/HG004_NA24143_mother/CompleteGenomics_normal_RMDNA/mom_NA24143_GS000037262-ASM/MAP/GS78789-FS3-L02/reads_GS78789-FS3-L02_015.tsv.bz2	1243707575
data/AshkenazimTrio/HG004_NA24143_mother/CompleteGenomics_normal_RMDNA/mom_NA24143_GS000037262-ASM/MAP/GS78789-FS3-L02/reads_GS78789-FS3-L02_016.tsv.bz2	1152722928
data/AshkenazimTrio/HG004_NA24143_mother/CompleteGenomics_normal_RMDNA/mom_NA24143_GS000037262-ASM/MAP/GS78789-FS3-L03/mapping_GS78789-FS3-L03_001.tsv.bz2	547051313
data/AshkenazimTrio/HG004_NA24143_mother/CompleteGenomics_normal_RMDNA/mom_NA24143_GS000037262-ASM/MAP/GS78789-FS3-L03/mapping_GS78789-FS3-L03_002.tsv.bz2	560876136
data/AshkenazimTrio/HG004_NA24143_mother/CompleteGenomics_normal_RMDNA/mom_NA24143_GS000037262-ASM/MAP/GS78789-FS3-L03/mapping_GS78789-FS3-L03_003.tsv.bz2	562060249
data/AshkenazimTrio/HG004_NA24143_mother/CompleteGenomics_normal_RMDNA/mom_NA24143_GS000037262-ASM/MAP/GS78789-FS3-L03/mapping_GS78789-FS3-L03_004.tsv.bz2	563587805
data/AshkenazimTrio/HG004_NA24143_mother/CompleteGenomics_normal_RMDNA/mom_NA24143_GS000037262-ASM/MAP/GS78789-FS3-L03/mapping_GS78789-FS3-L03_005.tsv.bz2	564157275
data/AshkenazimTrio/HG004_NA24143_mother/CompleteGenomics_normal_RMDNA/mom_NA24143_GS000037262-ASM/MAP/GS78789-FS3-L03/mapping_GS78789-FS3-L03_006.tsv.bz2	563818320
data/AshkenazimTrio/HG004_NA24143_mother/CompleteGenomics_normal_RMDNA/mom_NA24143_GS000037262-ASM/MAP/GS78789-FS3-L03/mapping_GS78789-FS3-L03_007.tsv.bz2	563163440
data/AshkenazimTrio/HG004_NA24143_mother/CompleteGenomics_normal_RMDNA/mom_NA24143_GS000037262-ASM/MAP/GS78789-FS3-L03/mapping_GS78789-FS3-L03_008.tsv.bz2	563462474
data/AshkenazimTrio/HG004_NA24143_mother/CompleteGenomics_normal_RMDNA/mom_NA24143_GS000037262-ASM/MAP/GS78789-FS3-L03/mapping_GS78789-FS3-L03_009.tsv.bz2	560658734
data/AshkenazimTrio/HG004_NA24143_mother/CompleteGenomics_normal_RMDNA/mom_NA24143_GS000037262-ASM/MAP/GS78789-FS3-L03/mapping_GS78789-FS3-L03_010.tsv.bz2	557829783
data/AshkenazimTrio/HG004_NA24143_mother/CompleteGenomics_normal_RMDNA/mom_NA24143_GS000037262-ASM/MAP/GS78789-FS3-L03/mapping_GS78789-FS3-L03_011.tsv.bz2	559431826
data/AshkenazimTrio/HG004_NA24143_mother/CompleteGenomics_normal_RMDNA/mom_NA24143_GS000037262-ASM/MAP/GS78789-FS3-L03/mapping_GS78789-FS3-L03_012.tsv.bz2	562895482
data/AshkenazimTrio/HG004_NA24143_mother/CompleteGenomics_normal_RMDNA/mom_NA24143_GS000037262-ASM/MAP/GS78789-FS3-L03/mapping_GS78789-FS3-L03_013.tsv.bz2	562030503
data/AshkenazimTrio/HG004_NA24143_mother/CompleteGenomics_normal_RMDNA/mom_NA24143_GS000037262-ASM/MAP/GS78789-FS3-L03/mapping_GS78789-FS3-L03_014.tsv.bz2	561918486
data/AshkenazimTrio/HG004_NA24143_mother/CompleteGenomics_normal_RMDNA/mom_NA24143_GS000037262-ASM/MAP/GS78789-FS3-L03/mapping_GS78789-FS3-L03_015.tsv.bz2	557279804
data/AshkenazimTrio/HG004_NA24143_mother/CompleteGenomics_normal_RMDNA/mom_NA24143_GS000037262-ASM/MAP/GS78789-FS3-L03/mapping_GS78789-FS3-L03_016.tsv.bz2	560190991
data/AshkenazimTrio/HG004_NA24143_mother/CompleteGenomics_normal_RMDNA/mom_NA24143_GS000037262-ASM/MAP/GS78789-FS3-L03/reads_GS78789-FS3-L03_001.tsv.bz2	1234504316
data/AshkenazimTrio/HG004_NA24143_mother/CompleteGenomics_normal_RMDNA/mom_NA24143_GS000037262-ASM/MAP/GS78789-FS3-L03/reads_GS78789-FS3-L03_002.tsv.bz2	1261763260
data/AshkenazimTrio/HG004_NA24143_mother/CompleteGenomics_normal_RMDNA/mom_NA24143_GS000037262-ASM/MAP/GS78789-FS3-L03/reads_GS78789-FS3-L03_003.tsv.bz2	1258011342
data/AshkenazimTrio/HG004_NA24143_mother/CompleteGenomics_normal_RMDNA/mom_NA24143_GS000037262-ASM/MAP/GS78789-FS3-L03/reads_GS78789-FS3-L03_004.tsv.bz2	1245779807
data/AshkenazimTrio/HG004_NA24143_mother/CompleteGenomics_normal_RMDNA/mom_NA24143_GS000037262-ASM/MAP/GS78789-FS3-L03/reads_GS78789-FS3-L03_005.tsv.bz2	1241678410
data/AshkenazimTrio/HG004_NA24143_mother/CompleteGenomics_normal_RMDNA/mom_NA24143_GS000037262-ASM/MAP/GS78789-FS3-L03/reads_GS78789-FS3-L03_006.tsv.bz2	1244153401
data/AshkenazimTrio/HG004_NA24143_mother/CompleteGenomics_normal_RMDNA/mom_NA24143_GS000037262-ASM/MAP/GS78789-FS3-L03/reads_GS78789-FS3-L03_007.tsv.bz2	1249618396
data/AshkenazimTrio/HG004_NA24143_mother/CompleteGenomics_normal_RMDNA/mom_NA24143_GS000037262-ASM/MAP/GS78789-FS3-L03/reads_GS78789-FS3-L03_008.tsv.bz2	1246993929
data/AshkenazimTrio/HG004_NA24143_mother/CompleteGenomics_normal_RMDNA/mom_NA24143_GS000037262-ASM/MAP/GS78789-FS3-L03/reads_GS78789-FS3-L03_009.tsv.bz2	1253451078
data/AshkenazimTrio/HG004_NA24143_mother/CompleteGenomics_normal_RMDNA/mom_NA24143_GS000037262-ASM/MAP/GS78789-FS3-L03/reads_GS78789-FS3-L03_010.tsv.bz2	1265456135
data/AshkenazimTrio/HG004_NA24143_mother/CompleteGenomics_normal_RMDNA/mom_NA24143_GS000037262-ASM/MAP/GS78789-FS3-L03/reads_GS78789-FS3-L03_011.tsv.bz2	1263455081
data/AshkenazimTrio/HG004_NA24143_mother/CompleteGenomics_normal_RMDNA/mom_NA24143_GS000037262-ASM/MAP/GS78789-FS3-L03/reads_GS78789-FS3-L03_012.tsv.bz2	1250565483
data/AshkenazimTrio/HG004_NA24143_mother/CompleteGenomics_normal_RMDNA/mom_NA24143_GS000037262-ASM/MAP/GS78789-FS3-L03/reads_GS78789-FS3-L03_013.tsv.bz2	1251908826
data/AshkenazimTrio/HG004_NA24143_mother/CompleteGenomics_normal_RMDNA/mom_NA24143_GS000037262-ASM/MAP/GS78789-FS3-L03/reads_GS78789-FS3-L03_014.tsv.bz2	1254722201
data/AshkenazimTrio/HG004_NA24143_mother/CompleteGenomics_normal_RMDNA/mom_NA24143_GS000037262-ASM/MAP/GS78789-FS3-L03/reads_GS78789-FS3-L03_015.tsv.bz2	1256822160
data/AshkenazimTrio/HG004_NA24143_mother/CompleteGenomics_normal_RMDNA/mom_NA24143_GS000037262-ASM/MAP/GS78789-FS3-L03/reads_GS78789-FS3-L03_016.tsv.bz2	1237431190
data/AshkenazimTrio/HG004_NA24143_mother/CompleteGenomics_normal_RMDNA/mom_NA24143_GS000037262-ASM/MAP/GS78789-FS3-L04/mapping_GS78789-FS3-L04_001.tsv.bz2	544914236
data/AshkenazimTrio/HG004_NA24143_mother/CompleteGenomics_normal_RMDNA/mom_NA24143_GS000037262-ASM/MAP/GS78789-FS3-L04/mapping_GS78789-FS3-L04_002.tsv.bz2	563500241
data/AshkenazimTrio/HG004_NA24143_mother/CompleteGenomics_normal_RMDNA/mom_NA24143_GS000037262-ASM/MAP/GS78789-FS3-L04/mapping_GS78789-FS3-L04_003.tsv.bz2	564558356
data/AshkenazimTrio/HG004_NA24143_mother/CompleteGenomics_normal_RMDNA/mom_NA24143_GS000037262-ASM/MAP/GS78789-FS3-L04/mapping_GS78789-FS3-L04_004.tsv.bz2	564713019
data/AshkenazimTrio/HG004_NA24143_mother/CompleteGenomics_normal_RMDNA/mom_NA24143_GS000037262-ASM/MAP/GS78789-FS3-L04/mapping_GS78789-FS3-L04_005.tsv.bz2	564222700
data/AshkenazimTrio/HG004_NA24143_mother/CompleteGenomics_normal_RMDNA/mom_NA24143_GS000037262-ASM/MAP/GS78789-FS3-L04/mapping_GS78789-FS3-L04_006.tsv.bz2	564679475
data/AshkenazimTrio/HG004_NA24143_mother/CompleteGenomics_normal_RMDNA/mom_NA24143_GS000037262-ASM/MAP/GS78789-FS3-L04/mapping_GS78789-FS3-L04_007.tsv.bz2	564529076
data/AshkenazimTrio/HG004_NA24143_mother/CompleteGenomics_normal_RMDNA/mom_NA24143_GS000037262-ASM/MAP/GS78789-FS3-L04/mapping_GS78789-FS3-L04_008.tsv.bz2	563723869
data/AshkenazimTrio/HG004_NA24143_mother/CompleteGenomics_normal_RMDNA/mom_NA24143_GS000037262-ASM/MAP/GS78789-FS3-L04/mapping_GS78789-FS3-L04_009.tsv.bz2	565008593
data/AshkenazimTrio/HG004_NA24143_mother/CompleteGenomics_normal_RMDNA/mom_NA24143_GS000037262-ASM/MAP/GS78789-FS3-L04/mapping_GS78789-FS3-L04_010.tsv.bz2	565360794
data/AshkenazimTrio/HG004_NA24143_mother/CompleteGenomics_normal_RMDNA/mom_NA24143_GS000037262-ASM/MAP/GS78789-FS3-L04/mapping_GS78789-FS3-L04_011.tsv.bz2	564739182
data/AshkenazimTrio/HG004_NA24143_mother/CompleteGenomics_normal_RMDNA/mom_NA24143_GS000037262-ASM/MAP/GS78789-FS3-L04/mapping_GS78789-FS3-L04_012.tsv.bz2	565238801
data/AshkenazimTrio/HG004_NA24143_mother/CompleteGenomics_normal_RMDNA/mom_NA24143_GS000037262-ASM/MAP/GS78789-FS3-L04/mapping_GS78789-FS3-L04_013.tsv.bz2	565096073
data/AshkenazimTrio/HG004_NA24143_mother/CompleteGenomics_normal_RMDNA/mom_NA24143_GS000037262-ASM/MAP/GS78789-FS3-L04/mapping_GS78789-FS3-L04_014.tsv.bz2	564047259
data/AshkenazimTrio/HG004_NA24143_mother/CompleteGenomics_normal_RMDNA/mom_NA24143_GS000037262-ASM/MAP/GS78789-FS3-L04/mapping_GS78789-FS3-L04_015.tsv.bz2	559506420
data/AshkenazimTrio/HG004_NA24143_mother/CompleteGenomics_normal_RMDNA/mom_NA24143_GS000037262-ASM/MAP/GS78789-FS3-L04/mapping_GS78789-FS3-L04_016.tsv.bz2	563299951
data/AshkenazimTrio/HG004_NA24143_mother/CompleteGenomics_normal_RMDNA/mom_NA24143_GS000037262-ASM/MAP/GS78789-FS3-L04/mapping_GS78789-FS3-L04_017.tsv.bz2	7884191
data/AshkenazimTrio/HG004_NA24143_mother/CompleteGenomics_normal_RMDNA/mom_NA24143_GS000037262-ASM/MAP/GS78789-FS3-L04/reads_GS78789-FS3-L04_001.tsv.bz2	1230132554
data/AshkenazimTrio/HG004_NA24143_mother/CompleteGenomics_normal_RMDNA/mom_NA24143_GS000037262-ASM/MAP/GS78789-FS3-L04/reads_GS78789-FS3-L04_002.tsv.bz2	1246651648
data/AshkenazimTrio/HG004_NA24143_mother/CompleteGenomics_normal_RMDNA/mom_NA24143_GS000037262-ASM/MAP/GS78789-FS3-L04/reads_GS78789-FS3-L04_003.tsv.bz2	1247168943
data/AshkenazimTrio/HG004_NA24143_mother/CompleteGenomics_normal_RMDNA/mom_NA24143_GS000037262-ASM/MAP/GS78789-FS3-L04/reads_GS78789-FS3-L04_004.tsv.bz2	1241151845
data/AshkenazimTrio/HG004_NA24143_mother/CompleteGenomics_normal_RMDNA/mom_NA24143_GS000037262-ASM/MAP/GS78789-FS3-L04/reads_GS78789-FS3-L04_005.tsv.bz2	1245075638
data/AshkenazimTrio/HG004_NA24143_mother/CompleteGenomics_normal_RMDNA/mom_NA24143_GS000037262-ASM/MAP/GS78789-FS3-L04/reads_GS78789-FS3-L04_006.tsv.bz2	1241779391
data/AshkenazimTrio/HG004_NA24143_mother/CompleteGenomics_normal_RMDNA/mom_NA24143_GS000037262-ASM/MAP/GS78789-FS3-L04/reads_GS78789-FS3-L04_007.tsv.bz2	1242319368
data/AshkenazimTrio/HG004_NA24143_mother/CompleteGenomics_normal_RMDNA/mom_NA24143_GS000037262-ASM/MAP/GS78789-FS3-L04/reads_GS78789-FS3-L04_008.tsv.bz2	1240130551
data/AshkenazimTrio/HG004_NA24143_mother/CompleteGenomics_normal_RMDNA/mom_NA24143_GS000037262-ASM/MAP/GS78789-FS3-L04/reads_GS78789-FS3-L04_009.tsv.bz2	1238465949
data/AshkenazimTrio/HG004_NA24143_mother/CompleteGenomics_normal_RMDNA/mom_NA24143_GS000037262-ASM/MAP/GS78789-FS3-L04/reads_GS78789-FS3-L04_010.tsv.bz2	1237651718
data/AshkenazimTrio/HG004_NA24143_mother/CompleteGenomics_normal_RMDNA/mom_NA24143_GS000037262-ASM/MAP/GS78789-FS3-L04/reads_GS78789-FS3-L04_011.tsv.bz2	1240890987
data/AshkenazimTrio/HG004_NA24143_mother/CompleteGenomics_normal_RMDNA/mom_NA24143_GS000037262-ASM/MAP/GS78789-FS3-L04/reads_GS78789-FS3-L04_012.tsv.bz2	1238192829
data/AshkenazimTrio/HG004_NA24143_mother/CompleteGenomics_normal_RMDNA/mom_NA24143_GS000037262-ASM/MAP/GS78789-FS3-L04/reads_GS78789-FS3-L04_013.tsv.bz2	1238078588
data/AshkenazimTrio/HG004_NA24143_mother/CompleteGenomics_normal_RMDNA/mom_NA24143_GS000037262-ASM/MAP/GS78789-FS3-L04/reads_GS78789-FS3-L04_014.tsv.bz2	1243756004
data/AshkenazimTrio/HG004_NA24143_mother/CompleteGenomics_normal_RMDNA/mom_NA24143_GS000037262-ASM/MAP/GS78789-FS3-L04/reads_GS78789-FS3-L04_015.tsv.bz2	1244384121
data/AshkenazimTrio/HG004_NA24143_mother/CompleteGenomics_normal_RMDNA/mom_NA24143_GS000037262-ASM/MAP/GS78789-FS3-L04/reads_GS78789-FS3-L04_016.tsv.bz2	1239744538
data/AshkenazimTrio/HG004_NA24143_mother/CompleteGenomics_normal_RMDNA/mom_NA24143_GS000037262-ASM/MAP/GS78789-FS3-L04/reads_GS78789-FS3-L04_017.tsv.bz2	17718713
data/AshkenazimTrio/HG004_NA24143_mother/CompleteGenomics_normal_RMDNA/mom_NA24143_GS000037262-ASM/MAP/GS78789-FS3-L05/mapping_GS78789-FS3-L05_001.tsv.bz2	554604136
data/AshkenazimTrio/HG004_NA24143_mother/CompleteGenomics_normal_RMDNA/mom_NA24143_GS000037262-ASM/MAP/GS78789-FS3-L05/mapping_GS78789-FS3-L05_002.tsv.bz2	563809004
data/AshkenazimTrio/HG004_NA24143_mother/CompleteGenomics_normal_RMDNA/mom_NA24143_GS000037262-ASM/MAP/GS78789-FS3-L05/mapping_GS78789-FS3-L05_003.tsv.bz2	564718545
data/AshkenazimTrio/HG004_NA24143_mother/CompleteGenomics_normal_RMDNA/mom_NA24143_GS000037262-ASM/MAP/GS78789-FS3-L05/mapping_GS78789-FS3-L05_004.tsv.bz2	564075402
data/AshkenazimTrio/HG004_NA24143_mother/CompleteGenomics_normal_RMDNA/mom_NA24143_GS000037262-ASM/MAP/GS78789-FS3-L05/mapping_GS78789-FS3-L05_005.tsv.bz2	564963388
data/AshkenazimTrio/HG004_NA24143_mother/CompleteGenomics_normal_RMDNA/mom_NA24143_GS000037262-ASM/MAP/GS78789-FS3-L05/mapping_GS78789-FS3-L05_006.tsv.bz2	564888864
data/AshkenazimTrio/HG004_NA24143_mother/CompleteGenomics_normal_RMDNA/mom_NA24143_GS000037262-ASM/MAP/GS78789-FS3-L05/mapping_GS78789-FS3-L05_007.tsv.bz2	564422796
data/AshkenazimTrio/HG004_NA24143_mother/CompleteGenomics_normal_RMDNA/mom_NA24143_GS000037262-ASM/MAP/GS78789-FS3-L05/mapping_GS78789-FS3-L05_008.tsv.bz2	563671349
data/AshkenazimTrio/HG004_NA24143_mother/CompleteGenomics_normal_RMDNA/mom_NA24143_GS000037262-ASM/MAP/GS78789-FS3-L05/mapping_GS78789-FS3-L05_009.tsv.bz2	563770929
data/AshkenazimTrio/HG004_NA24143_mother/CompleteGenomics_normal_RMDNA/mom_NA24143_GS000037262-ASM/MAP/GS78789-FS3-L05/mapping_GS78789-FS3-L05_010.tsv.bz2	563640832
data/AshkenazimTrio/HG004_NA24143_mother/CompleteGenomics_normal_RMDNA/mom_NA24143_GS000037262-ASM/MAP/GS78789-FS3-L05/mapping_GS78789-FS3-L05_011.tsv.bz2	563920469
data/AshkenazimTrio/HG004_NA24143_mother/CompleteGenomics_normal_RMDNA/mom_NA24143_GS000037262-ASM/MAP/GS78789-FS3-L05/mapping_GS78789-FS3-L05_012.tsv.bz2	564191240
data/AshkenazimTrio/HG004_NA24143_mother/CompleteGenomics_normal_RMDNA/mom_NA24143_GS000037262-ASM/MAP/GS78789-FS3-L05/mapping_GS78789-FS3-L05_013.tsv.bz2	564813904
data/AshkenazimTrio/HG004_NA24143_mother/CompleteGenomics_normal_RMDNA/mom_NA24143_GS000037262-ASM/MAP/GS78789-FS3-L05/mapping_GS78789-FS3-L05_014.tsv.bz2	564312509
data/AshkenazimTrio/HG004_NA24143_mother/CompleteGenomics_normal_RMDNA/mom_NA24143_GS000037262-ASM/MAP/GS78789-FS3-L05/mapping_GS78789-FS3-L05_015.tsv.bz2	550254683
data/AshkenazimTrio/HG004_NA24143_mother/CompleteGenomics_normal_RMDNA/mom_NA24143_GS000037262-ASM/MAP/GS78789-FS3-L05/mapping_GS78789-FS3-L05_016.tsv.bz2	564910734
data/AshkenazimTrio/HG004_NA24143_mother/CompleteGenomics_normal_RMDNA/mom_NA24143_GS000037262-ASM/MAP/GS78789-FS3-L05/mapping_GS78789-FS3-L05_017.tsv.bz2	18317443
data/AshkenazimTrio/HG004_NA24143_mother/CompleteGenomics_normal_RMDNA/mom_NA24143_GS000037262-ASM/MAP/GS78789-FS3-L05/reads_GS78789-FS3-L05_001.tsv.bz2	1241136991
data/AshkenazimTrio/HG004_NA24143_mother/CompleteGenomics_normal_RMDNA/mom_NA24143_GS000037262-ASM/MAP/GS78789-FS3-L05/reads_GS78789-FS3-L05_002.tsv.bz2	1254014797
data/AshkenazimTrio/HG004_NA24143_mother/CompleteGenomics_normal_RMDNA/mom_NA24143_GS000037262-ASM/MAP/GS78789-FS3-L05/reads_GS78789-FS3-L05_003.tsv.bz2	1249673852
data/AshkenazimTrio/HG004_NA24143_mother/CompleteGenomics_normal_RMDNA/mom_NA24143_GS000037262-ASM/MAP/GS78789-FS3-L05/reads_GS78789-FS3-L05_004.tsv.bz2	1246457278
data/AshkenazimTrio/HG004_NA24143_mother/CompleteGenomics_normal_RMDNA/mom_NA24143_GS000037262-ASM/MAP/GS78789-FS3-L05/reads_GS78789-FS3-L05_005.tsv.bz2	1241641379
data/AshkenazimTrio/HG004_NA24143_mother/CompleteGenomics_normal_RMDNA/mom_NA24143_GS000037262-ASM/MAP/GS78789-FS3-L05/reads_GS78789-FS3-L05_006.tsv.bz2	1243708154
data/AshkenazimTrio/HG004_NA24143_mother/CompleteGenomics_normal_RMDNA/mom_NA24143_GS000037262-ASM/MAP/GS78789-FS3-L05/reads_GS78789-FS3-L05_007.tsv.bz2	1245186392
data/AshkenazimTrio/HG004_NA24143_mother/CompleteGenomics_normal_RMDNA/mom_NA24143_GS000037262-ASM/MAP/GS78789-FS3-L05/reads_GS78789-FS3-L05_008.tsv.bz2	1250847573
data/AshkenazimTrio/HG004_NA24143_mother/CompleteGenomics_normal_RMDNA/mom_NA24143_GS000037262-ASM/MAP/GS78789-FS3-L05/reads_GS78789-FS3-L05_009.tsv.bz2	1250832809
data/AshkenazimTrio/HG004_NA24143_mother/CompleteGenomics_normal_RMDNA/mom_NA24143_GS000037262-ASM/MAP/GS78789-FS3-L05/reads_GS78789-FS3-L05_010.tsv.bz2	1249610401
data/AshkenazimTrio/HG004_NA24143_mother/CompleteGenomics_normal_RMDNA/mom_NA24143_GS000037262-ASM/MAP/GS78789-FS3-L05/reads_GS78789-FS3-L05_011.tsv.bz2	1249797053
data/AshkenazimTrio/HG004_NA24143_mother/CompleteGenomics_normal_RMDNA/mom_NA24143_GS000037262-ASM/MAP/GS78789-FS3-L05/reads_GS78789-FS3-L05_012.tsv.bz2	1247595172
data/AshkenazimTrio/HG004_NA24143_mother/CompleteGenomics_normal_RMDNA/mom_NA24143_GS000037262-ASM/MAP/GS78789-FS3-L05/reads_GS78789-FS3-L05_013.tsv.bz2	1245236156
data/AshkenazimTrio/HG004_NA24143_mother/CompleteGenomics_normal_RMDNA/mom_NA24143_GS000037262-ASM/MAP/GS78789-FS3-L05/reads_GS78789-FS3-L05_014.tsv.bz2	1248483604
data/AshkenazimTrio/HG004_NA24143_mother/CompleteGenomics_normal_RMDNA/mom_NA24143_GS000037262-ASM/MAP/GS78789-FS3-L05/reads_GS78789-FS3-L05_015.tsv.bz2	1251495012
data/AshkenazimTrio/HG004_NA24143_mother/CompleteGenomics_normal_RMDNA/mom_NA24143_GS000037262-ASM/MAP/GS78789-FS3-L05/reads_GS78789-FS3-L05_016.tsv.bz2	1235061985
data/AshkenazimTrio/HG004_NA24143_mother/CompleteGenomics_normal_RMDNA/mom_NA24143_GS000037262-ASM/MAP/GS78789-FS3-L05/reads_GS78789-FS3-L05_017.tsv.bz2	41604452
data/AshkenazimTrio/HG004_NA24143_mother/CompleteGenomics_normal_RMDNA/mom_NA24143_GS000037262-ASM/MAP/GS78789-FS3-L06/mapping_GS78789-FS3-L06_001.tsv.bz2	544869385
data/AshkenazimTrio/HG004_NA24143_mother/CompleteGenomics_normal_RMDNA/mom_NA24143_GS000037262-ASM/MAP/GS78789-FS3-L06/mapping_GS78789-FS3-L06_002.tsv.bz2	564794716
data/AshkenazimTrio/HG004_NA24143_mother/CompleteGenomics_normal_RMDNA/mom_NA24143_GS000037262-ASM/MAP/GS78789-FS3-L06/mapping_GS78789-FS3-L06_003.tsv.bz2	565805770
data/AshkenazimTrio/HG004_NA24143_mother/CompleteGenomics_normal_RMDNA/mom_NA24143_GS000037262-ASM/MAP/GS78789-FS3-L06/mapping_GS78789-FS3-L06_004.tsv.bz2	565755198
data/AshkenazimTrio/HG004_NA24143_mother/CompleteGenomics_normal_RMDNA/mom_NA24143_GS000037262-ASM/MAP/GS78789-FS3-L06/mapping_GS78789-FS3-L06_005.tsv.bz2	565823519
data/AshkenazimTrio/HG004_NA24143_mother/CompleteGenomics_normal_RMDNA/mom_NA24143_GS000037262-ASM/MAP/GS78789-FS3-L06/mapping_GS78789-FS3-L06_006.tsv.bz2	565488487
data/AshkenazimTrio/HG004_NA24143_mother/CompleteGenomics_normal_RMDNA/mom_NA24143_GS000037262-ASM/MAP/GS78789-FS3-L06/mapping_GS78789-FS3-L06_007.tsv.bz2	565840273
data/AshkenazimTrio/HG004_NA24143_mother/CompleteGenomics_normal_RMDNA/mom_NA24143_GS000037262-ASM/MAP/GS78789-FS3-L06/mapping_GS78789-FS3-L06_008.tsv.bz2	565198219
data/AshkenazimTrio/HG004_NA24143_mother/CompleteGenomics_normal_RMDNA/mom_NA24143_GS000037262-ASM/MAP/GS78789-FS3-L06/mapping_GS78789-FS3-L06_009.tsv.bz2	565232852
data/AshkenazimTrio/HG004_NA24143_mother/CompleteGenomics_normal_RMDNA/mom_NA24143_GS000037262-ASM/MAP/GS78789-FS3-L06/mapping_GS78789-FS3-L06_010.tsv.bz2	564103686
data/AshkenazimTrio/HG004_NA24143_mother/CompleteGenomics_normal_RMDNA/mom_NA24143_GS000037262-ASM/MAP/GS78789-FS3-L06/mapping_GS78789-FS3-L06_011.tsv.bz2	563802964
data/AshkenazimTrio/HG004_NA24143_mother/CompleteGenomics_normal_RMDNA/mom_NA24143_GS000037262-ASM/MAP/GS78789-FS3-L06/mapping_GS78789-FS3-L06_012.tsv.bz2	565419472
data/AshkenazimTrio/HG004_NA24143_mother/CompleteGenomics_normal_RMDNA/mom_NA24143_GS000037262-ASM/MAP/GS78789-FS3-L06/mapping_GS78789-FS3-L06_013.tsv.bz2	563096350
data/AshkenazimTrio/HG004_NA24143_mother/CompleteGenomics_normal_RMDNA/mom_NA24143_GS000037262-ASM/MAP/GS78789-FS3-L06/mapping_GS78789-FS3-L06_014.tsv.bz2	563741439
data/AshkenazimTrio/HG004_NA24143_mother/CompleteGenomics_normal_RMDNA/mom_NA24143_GS000037262-ASM/MAP/GS78789-FS3-L06/mapping_GS78789-FS3-L06_015.tsv.bz2	556230021
data/AshkenazimTrio/HG004_NA24143_mother/CompleteGenomics_normal_RMDNA/mom_NA24143_GS000037262-ASM/MAP/GS78789-FS3-L06/mapping_GS78789-FS3-L06_016.tsv.bz2	565284770
data/AshkenazimTrio/HG004_NA24143_mother/CompleteGenomics_normal_RMDNA/mom_NA24143_GS000037262-ASM/MAP/GS78789-FS3-L06/mapping_GS78789-FS3-L06_017.tsv.bz2	19683283
data/AshkenazimTrio/HG004_NA24143_mother/CompleteGenomics_normal_RMDNA/mom_NA24143_GS000037262-ASM/MAP/GS78789-FS3-L06/reads_GS78789-FS3-L06_001.tsv.bz2	1189039910
data/AshkenazimTrio/HG004_NA24143_mother/CompleteGenomics_normal_RMDNA/mom_NA24143_GS000037262-ASM/MAP/GS78789-FS3-L06/reads_GS78789-FS3-L06_002.tsv.bz2	1246225492
data/AshkenazimTrio/HG004_NA24143_mother/CompleteGenomics_normal_RMDNA/mom_NA24143_GS000037262-ASM/MAP/GS78789-FS3-L06/reads_GS78789-FS3-L06_003.tsv.bz2	1242682968
data/AshkenazimTrio/HG004_NA24143_mother/CompleteGenomics_normal_RMDNA/mom_NA24143_GS000037262-ASM/MAP/GS78789-FS3-L06/reads_GS78789-FS3-L06_004.tsv.bz2	1238737738
data/AshkenazimTrio/HG004_NA24143_mother/CompleteGenomics_normal_RMDNA/mom_NA24143_GS000037262-ASM/MAP/GS78789-FS3-L06/reads_GS78789-FS3-L06_005.tsv.bz2	1236332226
data/AshkenazimTrio/HG004_NA24143_mother/CompleteGenomics_normal_RMDNA/mom_NA24143_GS000037262-ASM/MAP/GS78789-FS3-L06/reads_GS78789-FS3-L06_006.tsv.bz2	1243341650
data/AshkenazimTrio/HG004_NA24143_mother/CompleteGenomics_normal_RMDNA/mom_NA24143_GS000037262-ASM/MAP/GS78789-FS3-L06/reads_GS78789-FS3-L06_007.tsv.bz2	1239035279
data/AshkenazimTrio/HG004_NA24143_mother/CompleteGenomics_normal_RMDNA/mom_NA24143_GS000037262-ASM/MAP/GS78789-FS3-L06/reads_GS78789-FS3-L06_008.tsv.bz2	1243149309
data/AshkenazimTrio/HG004_NA24143_mother/CompleteGenomics_normal_RMDNA/mom_NA24143_GS000037262-ASM/MAP/GS78789-FS3-L06/reads_GS78789-FS3-L06_009.tsv.bz2	1241094739
data/AshkenazimTrio/HG004_NA24143_mother/CompleteGenomics_normal_RMDNA/mom_NA24143_GS000037262-ASM/MAP/GS78789-FS3-L06/reads_GS78789-FS3-L06_010.tsv.bz2	1243049556
data/AshkenazimTrio/HG004_NA24143_mother/CompleteGenomics_normal_RMDNA/mom_NA24143_GS000037262-ASM/MAP/GS78789-FS3-L06/reads_GS78789-FS3-L06_011.tsv.bz2	1246973846
data/AshkenazimTrio/HG004_NA24143_mother/CompleteGenomics_normal_RMDNA/mom_NA24143_GS000037262-ASM/MAP/GS78789-FS3-L06/reads_GS78789-FS3-L06_012.tsv.bz2	1241778756
data/AshkenazimTrio/HG004_NA24143_mother/CompleteGenomics_normal_RMDNA/mom_NA24143_GS000037262-ASM/MAP/GS78789-FS3-L06/reads_GS78789-FS3-L06_013.tsv.bz2	1251297176
data/AshkenazimTrio/HG004_NA24143_mother/CompleteGenomics_normal_RMDNA/mom_NA24143_GS000037262-ASM/MAP/GS78789-FS3-L06/reads_GS78789-FS3-L06_014.tsv.bz2	1247902407
data/AshkenazimTrio/HG004_NA24143_mother/CompleteGenomics_normal_RMDNA/mom_NA24143_GS000037262-ASM/MAP/GS78789-FS3-L06/reads_GS78789-FS3-L06_015.tsv.bz2	1251698572
data/AshkenazimTrio/HG004_NA24143_mother/CompleteGenomics_normal_RMDNA/mom_NA24143_GS000037262-ASM/MAP/GS78789-FS3-L06/reads_GS78789-FS3-L06_016.tsv.bz2	1234568247
data/AshkenazimTrio/HG004_NA24143_mother/CompleteGenomics_normal_RMDNA/mom_NA24143_GS000037262-ASM/MAP/GS78789-FS3-L06/reads_GS78789-FS3-L06_017.tsv.bz2	43795511
data/AshkenazimTrio/HG004_NA24143_mother/CompleteGenomics_normal_RMDNA/mom_NA24143_GS000037262-ASM/MAP/GS78789-FS3-L07/mapping_GS78789-FS3-L07_001.tsv.bz2	556830392
data/AshkenazimTrio/HG004_NA24143_mother/CompleteGenomics_normal_RMDNA/mom_NA24143_GS000037262-ASM/MAP/GS78789-FS3-L07/mapping_GS78789-FS3-L07_002.tsv.bz2	563814999
data/AshkenazimTrio/HG004_NA24143_mother/CompleteGenomics_normal_RMDNA/mom_NA24143_GS000037262-ASM/MAP/GS78789-FS3-L07/mapping_GS78789-FS3-L07_003.tsv.bz2	564113372
data/AshkenazimTrio/HG004_NA24143_mother/CompleteGenomics_normal_RMDNA/mom_NA24143_GS000037262-ASM/MAP/GS78789-FS3-L07/mapping_GS78789-FS3-L07_004.tsv.bz2	564804370
data/AshkenazimTrio/HG004_NA24143_mother/CompleteGenomics_normal_RMDNA/mom_NA24143_GS000037262-ASM/MAP/GS78789-FS3-L07/mapping_GS78789-FS3-L07_005.tsv.bz2	565110180
data/AshkenazimTrio/HG004_NA24143_mother/CompleteGenomics_normal_RMDNA/mom_NA24143_GS000037262-ASM/MAP/GS78789-FS3-L07/mapping_GS78789-FS3-L07_006.tsv.bz2	564311229
data/AshkenazimTrio/HG004_NA24143_mother/CompleteGenomics_normal_RMDNA/mom_NA24143_GS000037262-ASM/MAP/GS78789-FS3-L07/mapping_GS78789-FS3-L07_007.tsv.bz2	564216348
data/AshkenazimTrio/HG004_NA24143_mother/CompleteGenomics_normal_RMDNA/mom_NA24143_GS000037262-ASM/MAP/GS78789-FS3-L07/mapping_GS78789-FS3-L07_008.tsv.bz2	564187450
data/AshkenazimTrio/HG004_NA24143_mother/CompleteGenomics_normal_RMDNA/mom_NA24143_GS000037262-ASM/MAP/GS78789-FS3-L07/mapping_GS78789-FS3-L07_009.tsv.bz2	563827917
data/AshkenazimTrio/HG004_NA24143_mother/CompleteGenomics_normal_RMDNA/mom_NA24143_GS000037262-ASM/MAP/GS78789-FS3-L07/mapping_GS78789-FS3-L07_010.tsv.bz2	563183647
data/AshkenazimTrio/HG004_NA24143_mother/CompleteGenomics_normal_RMDNA/mom_NA24143_GS000037262-ASM/MAP/GS78789-FS3-L07/mapping_GS78789-FS3-L07_011.tsv.bz2	564298373
data/AshkenazimTrio/HG004_NA24143_mother/CompleteGenomics_normal_RMDNA/mom_NA24143_GS000037262-ASM/MAP/GS78789-FS3-L07/mapping_GS78789-FS3-L07_012.tsv.bz2	563640922
data/AshkenazimTrio/HG004_NA24143_mother/CompleteGenomics_normal_RMDNA/mom_NA24143_GS000037262-ASM/MAP/GS78789-FS3-L07/mapping_GS78789-FS3-L07_013.tsv.bz2	563815613
data/AshkenazimTrio/HG004_NA24143_mother/CompleteGenomics_normal_RMDNA/mom_NA24143_GS000037262-ASM/MAP/GS78789-FS3-L07/mapping_GS78789-FS3-L07_014.tsv.bz2	562121083
data/AshkenazimTrio/HG004_NA24143_mother/CompleteGenomics_normal_RMDNA/mom_NA24143_GS000037262-ASM/MAP/GS78789-FS3-L07/mapping_GS78789-FS3-L07_015.tsv.bz2	551781288
data/AshkenazimTrio/HG004_NA24143_mother/CompleteGenomics_normal_RMDNA/mom_NA24143_GS000037262-ASM/MAP/GS78789-FS3-L07/mapping_GS78789-FS3-L07_016.tsv.bz2	566154193
data/AshkenazimTrio/HG004_NA24143_mother/CompleteGenomics_normal_RMDNA/mom_NA24143_GS000037262-ASM/MAP/GS78789-FS3-L07/mapping_GS78789-FS3-L07_017.tsv.bz2	29855646
data/AshkenazimTrio/HG004_NA24143_mother/CompleteGenomics_normal_RMDNA/mom_NA24143_GS000037262-ASM/MAP/GS78789-FS3-L07/reads_GS78789-FS3-L07_001.tsv.bz2	1230390045
data/AshkenazimTrio/HG004_NA24143_mother/CompleteGenomics_normal_RMDNA/mom_NA24143_GS000037262-ASM/MAP/GS78789-FS3-L07/reads_GS78789-FS3-L07_002.tsv.bz2	1250951900
data/AshkenazimTrio/HG004_NA24143_mother/CompleteGenomics_normal_RMDNA/mom_NA24143_GS000037262-ASM/MAP/GS78789-FS3-L07/reads_GS78789-FS3-L07_003.tsv.bz2	1246419260
data/AshkenazimTrio/HG004_NA24143_mother/CompleteGenomics_normal_RMDNA/mom_NA24143_GS000037262-ASM/MAP/GS78789-FS3-L07/reads_GS78789-FS3-L07_004.tsv.bz2	1238582985
data/AshkenazimTrio/HG004_NA24143_mother/CompleteGenomics_normal_RMDNA/mom_NA24143_GS000037262-ASM/MAP/GS78789-FS3-L07/reads_GS78789-FS3-L07_005.tsv.bz2	1237915748
data/AshkenazimTrio/HG004_NA24143_mother/CompleteGenomics_normal_RMDNA/mom_NA24143_GS000037262-ASM/MAP/GS78789-FS3-L07/reads_GS78789-FS3-L07_006.tsv.bz2	1240556589
data/AshkenazimTrio/HG004_NA24143_mother/CompleteGenomics_normal_RMDNA/mom_NA24143_GS000037262-ASM/MAP/GS78789-FS3-L07/reads_GS78789-FS3-L07_007.tsv.bz2	1244509867
data/AshkenazimTrio/HG004_NA24143_mother/CompleteGenomics_normal_RMDNA/mom_NA24143_GS000037262-ASM/MAP/GS78789-FS3-L07/reads_GS78789-FS3-L07_008.tsv.bz2	1243004522
data/AshkenazimTrio/HG004_NA24143_mother/CompleteGenomics_normal_RMDNA/mom_NA24143_GS000037262-ASM/MAP/GS78789-FS3-L07/reads_GS78789-FS3-L07_009.tsv.bz2	1244415138
data/AshkenazimTrio/HG004_NA24143_mother/CompleteGenomics_normal_RMDNA/mom_NA24143_GS000037262-ASM/MAP/GS78789-FS3-L07/reads_GS78789-FS3-L07_010.tsv.bz2	1246188914
data/AshkenazimTrio/HG004_NA24143_mother/CompleteGenomics_normal_RMDNA/mom_NA24143_GS000037262-ASM/MAP/GS78789-FS3-L07/reads_GS78789-FS3-L07_011.tsv.bz2	1243389126
data/AshkenazimTrio/HG004_NA24143_mother/CompleteGenomics_normal_RMDNA/mom_NA24143_GS000037262-ASM/MAP/GS78789-FS3-L07/reads_GS78789-FS3-L07_012.tsv.bz2	1246027214
data/AshkenazimTrio/HG004_NA24143_mother/CompleteGenomics_normal_RMDNA/mom_NA24143_GS000037262-ASM/MAP/GS78789-FS3-L07/reads_GS78789-FS3-L07_013.tsv.bz2	1243098592
data/AshkenazimTrio/HG004_NA24143_mother/CompleteGenomics_normal_RMDNA/mom_NA24143_GS000037262-ASM/MAP/GS78789-FS3-L07/reads_GS78789-FS3-L07_014.tsv.bz2	1250098272
data/AshkenazimTrio/HG004_NA24143_mother/CompleteGenomics_normal_RMDNA/mom_NA24143_GS000037262-ASM/MAP/GS78789-FS3-L07/reads_GS78789-FS3-L07_015.tsv.bz2	1255082949
data/AshkenazimTrio/HG004_NA24143_mother/CompleteGenomics_normal_RMDNA/mom_NA24143_GS000037262-ASM/MAP/GS78789-FS3-L07/reads_GS78789-FS3-L07_016.tsv.bz2	1228639693
data/AshkenazimTrio/HG004_NA24143_mother/CompleteGenomics_normal_RMDNA/mom_NA24143_GS000037262-ASM/MAP/GS78789-FS3-L07/reads_GS78789-FS3-L07_017.tsv.bz2	71263495
data/AshkenazimTrio/HG004_NA24143_mother/CompleteGenomics_normal_RMDNA/mom_NA24143_GS000037262-ASM/MAP/GS78789-FS3-L08/mapping_GS78789-FS3-L08_001.tsv.bz2	554277685
data/AshkenazimTrio/HG004_NA24143_mother/CompleteGenomics_normal_RMDNA/mom_NA24143_GS000037262-ASM/MAP/GS78789-FS3-L08/mapping_GS78789-FS3-L08_002.tsv.bz2	562070471
data/AshkenazimTrio/HG004_NA24143_mother/CompleteGenomics_normal_RMDNA/mom_NA24143_GS000037262-ASM/MAP/GS78789-FS3-L08/mapping_GS78789-FS3-L08_003.tsv.bz2	562782029
data/AshkenazimTrio/HG004_NA24143_mother/CompleteGenomics_normal_RMDNA/mom_NA24143_GS000037262-ASM/MAP/GS78789-FS3-L08/mapping_GS78789-FS3-L08_004.tsv.bz2	562947982
data/AshkenazimTrio/HG004_NA24143_mother/CompleteGenomics_normal_RMDNA/mom_NA24143_GS000037262-ASM/MAP/GS78789-FS3-L08/mapping_GS78789-FS3-L08_005.tsv.bz2	564852703
data/AshkenazimTrio/HG004_NA24143_mother/CompleteGenomics_normal_RMDNA/mom_NA24143_GS000037262-ASM/MAP/GS78789-FS3-L08/mapping_GS78789-FS3-L08_006.tsv.bz2	563313805
data/AshkenazimTrio/HG004_NA24143_mother/CompleteGenomics_normal_RMDNA/mom_NA24143_GS000037262-ASM/MAP/GS78789-FS3-L08/mapping_GS78789-FS3-L08_007.tsv.bz2	563773314
data/AshkenazimTrio/HG004_NA24143_mother/CompleteGenomics_normal_RMDNA/mom_NA24143_GS000037262-ASM/MAP/GS78789-FS3-L08/mapping_GS78789-FS3-L08_008.tsv.bz2	563997750
data/AshkenazimTrio/HG004_NA24143_mother/CompleteGenomics_normal_RMDNA/mom_NA24143_GS000037262-ASM/MAP/GS78789-FS3-L08/mapping_GS78789-FS3-L08_009.tsv.bz2	564013063
data/AshkenazimTrio/HG004_NA24143_mother/CompleteGenomics_normal_RMDNA/mom_NA24143_GS000037262-ASM/MAP/GS78789-FS3-L08/mapping_GS78789-FS3-L08_010.tsv.bz2	563201981
data/AshkenazimTrio/HG004_NA24143_mother/CompleteGenomics_normal_RMDNA/mom_NA24143_GS000037262-ASM/MAP/GS78789-FS3-L08/mapping_GS78789-FS3-L08_011.tsv.bz2	562609395
data/AshkenazimTrio/HG004_NA24143_mother/CompleteGenomics_normal_RMDNA/mom_NA24143_GS000037262-ASM/MAP/GS78789-FS3-L08/mapping_GS78789-FS3-L08_012.tsv.bz2	564892970
data/AshkenazimTrio/HG004_NA24143_mother/CompleteGenomics_normal_RMDNA/mom_NA24143_GS000037262-ASM/MAP/GS78789-FS3-L08/mapping_GS78789-FS3-L08_013.tsv.bz2	563340087
data/AshkenazimTrio/HG004_NA24143_mother/CompleteGenomics_normal_RMDNA/mom_NA24143_GS000037262-ASM/MAP/GS78789-FS3-L08/mapping_GS78789-FS3-L08_014.tsv.bz2	544101829
data/AshkenazimTrio/HG004_NA24143_mother/CompleteGenomics_normal_RMDNA/mom_NA24143_GS000037262-ASM/MAP/GS78789-FS3-L08/mapping_GS78789-FS3-L08_015.tsv.bz2	556085382
data/AshkenazimTrio/HG004_NA24143_mother/CompleteGenomics_normal_RMDNA/mom_NA24143_GS000037262-ASM/MAP/GS78789-FS3-L08/mapping_GS78789-FS3-L08_016.tsv.bz2	567421681
data/AshkenazimTrio/HG004_NA24143_mother/CompleteGenomics_normal_RMDNA/mom_NA24143_GS000037262-ASM/MAP/GS78789-FS3-L08/mapping_GS78789-FS3-L08_017.tsv.bz2	67165017
data/AshkenazimTrio/HG004_NA24143_mother/CompleteGenomics_normal_RMDNA/mom_NA24143_GS000037262-ASM/MAP/GS78789-FS3-L08/reads_GS78789-FS3-L08_001.tsv.bz2	1237647780
data/AshkenazimTrio/HG004_NA24143_mother/CompleteGenomics_normal_RMDNA/mom_NA24143_GS000037262-ASM/MAP/GS78789-FS3-L08/reads_GS78789-FS3-L08_002.tsv.bz2	1254430873
data/AshkenazimTrio/HG004_NA24143_mother/CompleteGenomics_normal_RMDNA/mom_NA24143_GS000037262-ASM/MAP/GS78789-FS3-L08/reads_GS78789-FS3-L08_003.tsv.bz2	1250585789
data/AshkenazimTrio/HG004_NA24143_mother/CompleteGenomics_normal_RMDNA/mom_NA24143_GS000037262-ASM/MAP/GS78789-FS3-L08/reads_GS78789-FS3-L08_004.tsv.bz2	1246647276
data/AshkenazimTrio/HG004_NA24143_mother/CompleteGenomics_normal_RMDNA/mom_NA24143_GS000037262-ASM/MAP/GS78789-FS3-L08/reads_GS78789-FS3-L08_005.tsv.bz2	1234514269
data/AshkenazimTrio/HG004_NA24143_mother/CompleteGenomics_normal_RMDNA/mom_NA24143_GS000037262-ASM/MAP/GS78789-FS3-L08/reads_GS78789-FS3-L08_006.tsv.bz2	1242666644
data/AshkenazimTrio/HG004_NA24143_mother/CompleteGenomics_normal_RMDNA/mom_NA24143_GS000037262-ASM/MAP/GS78789-FS3-L08/reads_GS78789-FS3-L08_007.tsv.bz2	1241776913
data/AshkenazimTrio/HG004_NA24143_mother/CompleteGenomics_normal_RMDNA/mom_NA24143_GS000037262-ASM/MAP/GS78789-FS3-L08/reads_GS78789-FS3-L08_008.tsv.bz2	1239721244
data/AshkenazimTrio/HG004_NA24143_mother/CompleteGenomics_normal_RMDNA/mom_NA24143_GS000037262-ASM/MAP/GS78789-FS3-L08/reads_GS78789-FS3-L08_009.tsv.bz2	1240404793
data/AshkenazimTrio/HG004_NA24143_mother/CompleteGenomics_normal_RMDNA/mom_NA24143_GS000037262-ASM/MAP/GS78789-FS3-L08/reads_GS78789-FS3-L08_010.tsv.bz2	1248808449
data/AshkenazimTrio/HG004_NA24143_mother/CompleteGenomics_normal_RMDNA/mom_NA24143_GS000037262-ASM/MAP/GS78789-FS3-L08/reads_GS78789-FS3-L08_011.tsv.bz2	1251873734
data/AshkenazimTrio/HG004_NA24143_mother/CompleteGenomics_normal_RMDNA/mom_NA24143_GS000037262-ASM/MAP/GS78789-FS3-L08/reads_GS78789-FS3-L08_012.tsv.bz2	1244497679
data/AshkenazimTrio/HG004_NA24143_mother/CompleteGenomics_normal_RMDNA/mom_NA24143_GS000037262-ASM/MAP/GS78789-FS3-L08/reads_GS78789-FS3-L08_013.tsv.bz2	1246200449
data/AshkenazimTrio/HG004_NA24143_mother/CompleteGenomics_normal_RMDNA/mom_NA24143_GS000037262-ASM/MAP/GS78789-FS3-L08/reads_GS78789-FS3-L08_014.tsv.bz2	1214878405
data/AshkenazimTrio/HG004_NA24143_mother/CompleteGenomics_normal_RMDNA/mom_NA24143_GS000037262-ASM/MAP/GS78789-FS3-L08/reads_GS78789-FS3-L08_015.tsv.bz2	1256218137
data/AshkenazimTrio/HG004_NA24143_mother/CompleteGenomics_normal_RMDNA/mom_NA24143_GS000037262-ASM/MAP/GS78789-FS3-L08/reads_GS78789-FS3-L08_016.tsv.bz2	1222857293
data/AshkenazimTrio/HG004_NA24143_mother/CompleteGenomics_normal_RMDNA/mom_NA24143_GS000037262-ASM/MAP/GS78789-FS3-L08/reads_GS78789-FS3-L08_017.tsv.bz2	157584481
