data/AshkenazimTrio/HG004_NA24143_mother/10XGenomics/NA24143_phased_possorted_bam.bam	60284667605
data/AshkenazimTrio/HG004_NA24143_mother/10XGenomics/NA24143_phased_possorted_bam.bam.bai	8956256
data/AshkenazimTrio/HG004_NA24143_mother/10XGenomics/README_10Xgenomes.txt	2790
data/AshkenazimTrio/HG004_NA24143_mother/10Xgenomics_ChromiumGenome/NA24143.fastqs/read-I1_si-ACCGGCTC_lane-001-chunk-0002.fastq.gz	122501106
data/AshkenazimTrio/HG004_NA24143_mother/10Xgenomics_ChromiumGenome/NA24143.fastqs/read-I1_si-ACCGGCTC_lane-002-chunk-0004.fastq.gz	121026379
data/AshkenazimTrio/HG004_NA24143_mother/10Xgenomics_ChromiumGenome/NA24143.fastqs/read-I1_si-ACCGGCTC_lane-003-chunk-0007.fastq.gz	122847685
data/AshkenazimTrio/HG004_NA24143_mother/10Xgenomics_ChromiumGenome/NA24143.fastqs/read-I1_si-ACCGGCTC_lane-004-chunk-0006.fastq.gz	125435794
data/AshkenazimTrio/HG004_NA24143_mother/10Xgenomics_ChromiumGenome/NA24143.fastqs/read-I1_si-ACCGGCTC_lane-005-chunk-0000.fastq.gz	126344560
data/AshkenazimTrio/HG004_NA24143_mother/10Xgenomics_ChromiumGenome/NA24143.fastqs/read-I1_si-ACCGGCTC_lane-006-chunk-0003.fastq.gz	127420939
data/AshkenazimTrio/HG004_NA24143_mother/10Xgenomics_ChromiumGenome/NA24143.fastqs/read-I1_si-ACCGGCTC_lane-007-chunk-0005.fastq.gz	127309450
data/AshkenazimTrio/HG004_NA24143_mother/10Xgenomics_ChromiumGenome/NA24143.fastqs/read-I1_si-ACCGGCTC_lane-008-chunk-0001.fastq.gz	125970790
data/AshkenazimTrio/HG004_NA24143_mother/10Xgenomics_ChromiumGenome/NA24143.fastqs/read-I1_si-CGTCCTAG_lane-001-chunk-0002.fastq.gz	114274401
data/AshkenazimTrio/HG004_NA24143_mother/10Xgenomics_ChromiumGenome/NA24143.fastqs/read-I1_si-CGTCCTAG_lane-002-chunk-0004.fastq.gz	113159886
data/AshkenazimTrio/HG004_NA24143_mother/10Xgenomics_ChromiumGenome/NA24143.fastqs/read-I1_si-CGTCCTAG_lane-003-chunk-0007.fastq.gz	114588999
data/AshkenazimTrio/HG004_NA24143_mother/10Xgenomics_ChromiumGenome/NA24143.fastqs/read-I1_si-CGTCCTAG_lane-004-chunk-0006.fastq.gz	115410454
data/AshkenazimTrio/HG004_NA24143_mother/10Xgenomics_ChromiumGenome/NA24143.fastqs/read-I1_si-CGTCCTAG_lane-005-chunk-0000.fastq.gz	115190523
data/AshkenazimTrio/HG004_NA24143_mother/10Xgenomics_ChromiumGenome/NA24143.fastqs/read-I1_si-CGTCCTAG_lane-006-chunk-0003.fastq.gz	114366739
data/AshkenazimTrio/HG004_NA24143_mother/10Xgenomics_ChromiumGenome/NA24143.fastqs/read-I1_si-CGTCCTAG_lane-007-chunk-0005.fastq.gz	114591715
data/AshkenazimTrio/HG004_NA24143_mother/10Xgenomics_ChromiumGenome/NA24143.fastqs/read-I1_si-CGTCCTAG_lane-008-chunk-0001.fastq.gz	112897364
data/AshkenazimTrio/HG004_NA24143_mother/10Xgenomics_ChromiumGenome/NA24143.fastqs/read-I1_si-GAGTTAGT_lane-001-chunk-0002.fastq.gz	99388718
data/AshkenazimTrio/HG004_NA24143_mother/10Xgenomics_ChromiumGenome/NA24143.fastqs/read-I1_si-GAGTTAGT_lane-002-chunk-0004.fastq.gz	98111725
data/AshkenazimTrio/HG004_NA24143_mother/10Xgenomics_ChromiumGenome/NA24143.fastqs/read-I1_si-GAGTTAGT_lane-003-chunk-0007.fastq.gz	99799606
data/AshkenazimTrio/HG004_NA24143_mother/10Xgenomics_ChromiumGenome/NA24143.fastqs/read-I1_si-GAGTTAGT_lane-004-chunk-0006.fastq.gz	101424432
data/AshkenazimTrio/HG004_NA24143_mother/10Xgenomics_ChromiumGenome/NA24143.fastqs/read-I1_si-GAGTTAGT_lane-005-chunk-0000.fastq.gz	102133463
data/AshkenazimTrio/HG004_NA24143_mother/10Xgenomics_ChromiumGenome/NA24143.fastqs/read-I1_si-GAGTTAGT_lane-006-chunk-0003.fastq.gz	101638163
data/AshkenazimTrio/HG004_NA24143_mother/10Xgenomics_ChromiumGenome/NA24143.fastqs/read-I1_si-GAGTTAGT_lane-007-chunk-0005.fastq.gz	100457531
data/AshkenazimTrio/HG004_NA24143_mother/10Xgenomics_ChromiumGenome/NA24143.fastqs/read-I1_si-GAGTTAGT_lane-008-chunk-0001.fastq.gz	98187394
data/AshkenazimTrio/HG004_NA24143_mother/10Xgenomics_ChromiumGenome/NA24143.fastqs/read-I1_si-TTAAAGCA_lane-001-chunk-0002.fastq.gz	92568551
data/AshkenazimTrio/HG004_NA24143_mother/10Xgenomics_ChromiumGenome/NA24143.fastqs/read-I1_si-TTAAAGCA_lane-002-chunk-0004.fastq.gz	91680051
data/AshkenazimTrio/HG004_NA24143_mother/10Xgenomics_ChromiumGenome/NA24143.fastqs/read-I1_si-TTAAAGCA_lane-003-chunk-0007.fastq.gz	92845150
data/AshkenazimTrio/HG004_NA24143_mother/10Xgenomics_ChromiumGenome/NA24143.fastqs/read-I1_si-TTAAAGCA_lane-004-chunk-0006.fastq.gz	94251720
data/AshkenazimTrio/HG004_NA24143_mother/10Xgenomics_ChromiumGenome/NA24143.fastqs/read-I1_si-TTAAAGCA_lane-005-chunk-0000.fastq.gz	94301408
data/AshkenazimTrio/HG004_NA24143_mother/10Xgenomics_ChromiumGenome/NA24143.fastqs/read-I1_si-TTAAAGCA_lane-006-chunk-0003.fastq.gz	94476298
data/AshkenazimTrio/HG004_NA24143_mother/10Xgenomics_ChromiumGenome/NA24143.fastqs/read-I1_si-TTAAAGCA_lane-007-chunk-0005.fastq.gz	94071918
data/AshkenazimTrio/HG004_NA24143_mother/10Xgenomics_ChromiumGenome/NA24143.fastqs/read-I1_si-TTAAAGCA_lane-008-chunk-0001.fastq.gz	92909972
data/AshkenazimTrio/HG004_NA24143_mother/10Xgenomics_ChromiumGenome/NA24143.fastqs/read-RA_si-ACCGGCTC_lane-001-chunk-0002.fastq.gz	3190845903
data/AshkenazimTrio/HG004_NA24143_mother/10Xgenomics_ChromiumGenome/NA24143.fastqs/read-RA_si-ACCGGCTC_lane-002-chunk-0004.fastq.gz	3157770486
data/AshkenazimTrio/HG004_NA24143_mother/10Xgenomics_ChromiumGenome/NA24143.fastqs/read-RA_si-ACCGGCTC_lane-003-chunk-0007.fastq.gz	3211897590
data/AshkenazimTrio/HG004_NA24143_mother/10Xgenomics_ChromiumGenome/NA24143.fastqs/read-RA_si-ACCGGCTC_lane-004-chunk-0006.fastq.gz	3290672225
data/AshkenazimTrio/HG004_NA24143_mother/10Xgenomics_ChromiumGenome/NA24143.fastqs/read-RA_si-ACCGGCTC_lane-005-chunk-0000.fastq.gz	3314049602
data/AshkenazimTrio/HG004_NA24143_mother/10Xgenomics_ChromiumGenome/NA24143.fastqs/read-RA_si-ACCGGCTC_lane-006-chunk-0003.fastq.gz	3385607706
data/AshkenazimTrio/HG004_NA24143_mother/10Xgenomics_ChromiumGenome/NA24143.fastqs/read-RA_si-ACCGGCTC_lane-007-chunk-0005.fastq.gz	3357309458
data/AshkenazimTrio/HG004_NA24143_mother/10Xgenomics_ChromiumGenome/NA24143.fastqs/read-RA_si-ACCGGCTC_lane-008-chunk-0001.fastq.gz	3246126986
data/AshkenazimTrio/HG004_NA24143_mother/10Xgenomics_ChromiumGenome/NA24143.fastqs/read-RA_si-CGTCCTAG_lane-001-chunk-0002.fastq.gz	3023092043
data/AshkenazimTrio/HG004_NA24143_mother/10Xgenomics_ChromiumGenome/NA24143.fastqs/read-RA_si-CGTCCTAG_lane-002-chunk-0004.fastq.gz	2990165379
data/AshkenazimTrio/HG004_NA24143_mother/10Xgenomics_ChromiumGenome/NA24143.fastqs/read-RA_si-CGTCCTAG_lane-003-chunk-0007.fastq.gz	3032177392
data/AshkenazimTrio/HG004_NA24143_mother/10Xgenomics_ChromiumGenome/NA24143.fastqs/read-RA_si-CGTCCTAG_lane-004-chunk-0006.fastq.gz	3063335977
data/AshkenazimTrio/HG004_NA24143_mother/10Xgenomics_ChromiumGenome/NA24143.fastqs/read-RA_si-CGTCCTAG_lane-005-chunk-0000.fastq.gz	3050141310
data/AshkenazimTrio/HG004_NA24143_mother/10Xgenomics_ChromiumGenome/NA24143.fastqs/read-RA_si-CGTCCTAG_lane-006-chunk-0003.fastq.gz	3070279044
data/AshkenazimTrio/HG004_NA24143_mother/10Xgenomics_ChromiumGenome/NA24143.fastqs/read-RA_si-CGTCCTAG_lane-007-chunk-0005.fastq.gz	3051537446
data/AshkenazimTrio/HG004_NA24143_mother/10Xgenomics_ChromiumGenome/NA24143.fastqs/read-RA_si-CGTCCTAG_lane-008-chunk-0001.fastq.gz	2935918042
data/AshkenazimTrio/HG004_NA24143_mother/10Xgenomics_ChromiumGenome/NA24143.fastqs/read-RA_si-GAGTTAGT_lane-001-chunk-0002.fastq.gz	2395731334
data/AshkenazimTrio/HG004_NA24143_mother/10Xgenomics_ChromiumGenome/NA24143.fastqs/read-RA_si-GAGTTAGT_lane-002-chunk-0004.fastq.gz	2367409607
data/AshkenazimTrio/HG004_NA24143_mother/10Xgenomics_ChromiumGenome/NA24143.fastqs/read-RA_si-GAGTTAGT_lane-003-chunk-0007.fastq.gz	2408877537
data/AshkenazimTrio/HG004_NA24143_mother/10Xgenomics_ChromiumGenome/NA24143.fastqs/read-RA_si-GAGTTAGT_lane-004-chunk-0006.fastq.gz	2461332248
data/AshkenazimTrio/HG004_NA24143_mother/10Xgenomics_ChromiumGenome/NA24143.fastqs/read-RA_si-GAGTTAGT_lane-005-chunk-0000.fastq.gz	2469418078
data/AshkenazimTrio/HG004_NA24143_mother/10Xgenomics_ChromiumGenome/NA24143.fastqs/read-RA_si-GAGTTAGT_lane-006-chunk-0003.fastq.gz	2494360454
data/AshkenazimTrio/HG004_NA24143_mother/10Xgenomics_ChromiumGenome/NA24143.fastqs/read-RA_si-GAGTTAGT_lane-007-chunk-0005.fastq.gz	2465163274
data/AshkenazimTrio/HG004_NA24143_mother/10Xgenomics_ChromiumGenome/NA24143.fastqs/read-RA_si-GAGTTAGT_lane-008-chunk-0001.fastq.gz	2354249447
data/AshkenazimTrio/HG004_NA24143_mother/10Xgenomics_ChromiumGenome/NA24143.fastqs/read-RA_si-TTAAAGCA_lane-001-chunk-0002.fastq.gz	2421812997
data/AshkenazimTrio/HG004_NA24143_mother/10Xgenomics_ChromiumGenome/NA24143.fastqs/read-RA_si-TTAAAGCA_lane-002-chunk-0004.fastq.gz	2388405356
data/AshkenazimTrio/HG004_NA24143_mother/10Xgenomics_ChromiumGenome/NA24143.fastqs/read-RA_si-TTAAAGCA_lane-003-chunk-0007.fastq.gz	2433945445
data/AshkenazimTrio/HG004_NA24143_mother/10Xgenomics_ChromiumGenome/NA24143.fastqs/read-RA_si-TTAAAGCA_lane-004-chunk-0006.fastq.gz	2470481775
data/AshkenazimTrio/HG004_NA24143_mother/10Xgenomics_ChromiumGenome/NA24143.fastqs/read-RA_si-TTAAAGCA_lane-005-chunk-0000.fastq.gz	2476679607
data/AshkenazimTrio/HG004_NA24143_mother/10Xgenomics_ChromiumGenome/NA24143.fastqs/read-RA_si-TTAAAGCA_lane-006-chunk-0003.fastq.gz	2524254512
data/AshkenazimTrio/HG004_NA24143_mother/10Xgenomics_ChromiumGenome/NA24143.fastqs/read-RA_si-TTAAAGCA_lane-007-chunk-0005.fastq.gz	2491145061
data/AshkenazimTrio/HG004_NA24143_mother/10Xgenomics_ChromiumGenome/NA24143.fastqs/read-RA_si-TTAAAGCA_lane-008-chunk-0001.fastq.gz	2420207304
data/AshkenazimTrio/HG004_NA24143_mother/stLFR/readme.txt	820
data/AshkenazimTrio/HG004_NA24143_mother/stLFR/stLFR_NA24143.sort.rmdup.bam	176455446853
data/AshkenazimTrio/HG004_NA24143_mother/stLFR/stLFR_NA24143.sort.rmdup.bam.bai	9137496
data/AshkenazimTrio/HG004_NA24143_mother/stLFR/stLFR_NA24143_split_read.1.fq.gz	118095961031
data/AshkenazimTrio/HG004_NA24143_mother/stLFR/stLFR_NA24143_split_read.2.fq.gz	120624336654
