dsid	relpath	bytes	url	md5	kind	note
HG002.NovaSeq_PCRfree_30x	ext/brain-genomics-public/novaseq/wgs_pcr_free/30x/HG002.novaseq.pcr-free.30x.R1.fastq.gz	25664092287	https://storage.googleapis.com/brain-genomics-public/research/sequencing/fastq/novaseq/wgs_pcr_free/30x/HG002.novaseq.pcr-free.30x.R1.fastq.gz	53a0e35f487d903fd3edffed735b1cd7	reads	Google(DeepVariant 팀) 공개 버킷. NovaSeq 6000 PCR-free 2x151, 헤더 A00744:46:HV3C3DSXX:2 (2026-09-17 앞 256 KB 표본). md5는 GCS JSON API md5Hash
HG002.NovaSeq_PCRfree_30x	ext/brain-genomics-public/novaseq/wgs_pcr_free/30x/HG002.novaseq.pcr-free.30x.R2.fastq.gz	26634286830	https://storage.googleapis.com/brain-genomics-public/research/sequencing/fastq/novaseq/wgs_pcr_free/30x/HG002.novaseq.pcr-free.30x.R2.fastq.gz	387b1cf1d39bdf3505aa59ac27097c39	reads	
HG003.NovaSeq_PCRfree_30x	ext/brain-genomics-public/novaseq/wgs_pcr_free/30x/HG003.novaseq.pcr-free.30x.R1.fastq.gz	25952362473	https://storage.googleapis.com/brain-genomics-public/research/sequencing/fastq/novaseq/wgs_pcr_free/30x/HG003.novaseq.pcr-free.30x.R1.fastq.gz	6919a25c6e20d0fac5a299a3d5f336dd	reads	같은 런 A00744:46:HV3C3DSXX:2, 인덱스 NGCGATAG+NAATCTTA
HG003.NovaSeq_PCRfree_30x	ext/brain-genomics-public/novaseq/wgs_pcr_free/30x/HG003.novaseq.pcr-free.30x.R2.fastq.gz	27035921150	https://storage.googleapis.com/brain-genomics-public/research/sequencing/fastq/novaseq/wgs_pcr_free/30x/HG003.novaseq.pcr-free.30x.R2.fastq.gz	b5bcc32bbab16f88b4306772b2e85c0e	reads	
HG004.NovaSeq_PCRfree_30x	ext/brain-genomics-public/novaseq/wgs_pcr_free/30x/HG004.novaseq.pcr-free.30x.R1.fastq.gz	25963733907	https://storage.googleapis.com/brain-genomics-public/research/sequencing/fastq/novaseq/wgs_pcr_free/30x/HG004.novaseq.pcr-free.30x.R1.fastq.gz	5be03cb2b9c719b1ca467223482f5979	reads	같은 런 A00744:46:HV3C3DSXX:2, 인덱스 NGCGATAG+NAGGACGT
HG004.NovaSeq_PCRfree_30x	ext/brain-genomics-public/novaseq/wgs_pcr_free/30x/HG004.novaseq.pcr-free.30x.R2.fastq.gz	26885537878	https://storage.googleapis.com/brain-genomics-public/research/sequencing/fastq/novaseq/wgs_pcr_free/30x/HG004.novaseq.pcr-free.30x.R2.fastq.gz	29979889ada4a4a4656a7b3e1fa5ab1a	reads	
HG003.Illumina_PCRfree_30x	ext/human-pangenomics/HPRC_PLUS/HG002/raw_data/Illumina/parents/HG003/HG003_HiSeq30x_subsampled_R1.fastq.gz	45137067184	https://s3-us-west-2.amazonaws.com/human-pangenomics/working/HPRC_PLUS/HG002/raw_data/Illumina/parents/HG003/HG003_HiSeq30x_subsampled_R1.fastq.gz		reads	GIAB FTP Illumina_PCRfree_downsampled README가 가리키는 HPRC 사본. HiSeq 2500 2x148 TruSeq PCR-free(300x와 같은 라이브러리), 헤더 HISEQ1:30:HA0L6ADXX. md5 없음(S3 ETag 멀티파트) — 크기+리드 길이로 검증
HG003.Illumina_PCRfree_30x	ext/human-pangenomics/HPRC_PLUS/HG002/raw_data/Illumina/parents/HG003/HG003_HiSeq30x_subsampled_R2.fastq.gz	48000175473	https://s3-us-west-2.amazonaws.com/human-pangenomics/working/HPRC_PLUS/HG002/raw_data/Illumina/parents/HG003/HG003_HiSeq30x_subsampled_R2.fastq.gz		reads	
HG004.Illumina_PCRfree_30x	ext/human-pangenomics/HPRC_PLUS/HG002/raw_data/Illumina/parents/HG004/HG004_HiSeq30x_subsampled_R1.fastq.gz	43104576071	https://s3-us-west-2.amazonaws.com/human-pangenomics/working/HPRC_PLUS/HG002/raw_data/Illumina/parents/HG004/HG004_HiSeq30x_subsampled_R1.fastq.gz		reads	헤더 HISEQ1:46:HA5R5ADXX, 2x148
HG004.Illumina_PCRfree_30x	ext/human-pangenomics/HPRC_PLUS/HG002/raw_data/Illumina/parents/HG004/HG004_HiSeq30x_subsampled_R2.fastq.gz	46282363431	https://s3-us-west-2.amazonaws.com/human-pangenomics/working/HPRC_PLUS/HG002/raw_data/Illumina/parents/HG004/HG004_HiSeq30x_subsampled_R2.fastq.gz		reads	
