data_somatic/HG008/Liss_lab/BCM_Illumina-WGS_20240313/CHM13v2.0_noPARmasking_CHM13mito/HG008-N-D_Illumina_169x_CHM13v2.0.bam	167396237471
data_somatic/HG008/Liss_lab/BCM_Illumina-WGS_20240313/CHM13v2.0_noPARmasking_CHM13mito/HG008-N-D_Illumina_169x_CHM13v2.0.bam.bai	9763080
data_somatic/HG008/Liss_lab/BCM_Illumina-WGS_20240313/CHM13v2.0_noPARmasking_CHM13mito/HG008-T_Illumina_195x_CHM13v2.0.bam	159098008365
data_somatic/HG008/Liss_lab/BCM_Illumina-WGS_20240313/CHM13v2.0_noPARmasking_CHM13mito/HG008-T_Illumina_195x_CHM13v2.0.bam.bai	9804000
data_somatic/HG008/Liss_lab/BCM_Illumina-WGS_20240313/HG008-N-D_Illumina_169x_GRCh37.bam	167685634079
data_somatic/HG008/Liss_lab/BCM_Illumina-WGS_20240313/HG008-N-D_Illumina_169x_GRCh37.bam.bai	9328304
data_somatic/HG008/Liss_lab/BCM_Illumina-WGS_20240313/HG008-N-D_Illumina_169x_GRCh38-GIABv3.bam	168960212218
data_somatic/HG008/Liss_lab/BCM_Illumina-WGS_20240313/HG008-N-D_Illumina_169x_GRCh38-GIABv3.bam.bai	9565488
data_somatic/HG008/Liss_lab/BCM_Illumina-WGS_20240313/HG008-N-D_fastqs/HV5TMDSX7-1-IDUDI0034_S1_L001_R1_001.fastq.gz	129174728987
data_somatic/HG008/Liss_lab/BCM_Illumina-WGS_20240313/HG008-N-D_fastqs/HV5TMDSX7-1-IDUDI0034_S1_L001_R2_001.fastq.gz	136093590644
data_somatic/HG008/Liss_lab/BCM_Illumina-WGS_20240313/HG008-T_Illumina_195x_GRCh37.bam	159010884807
data_somatic/HG008/Liss_lab/BCM_Illumina-WGS_20240313/HG008-T_Illumina_195x_GRCh37.bam.bai	9384256
data_somatic/HG008/Liss_lab/BCM_Illumina-WGS_20240313/HG008-T_Illumina_195x_GRCh38-GIABv3.bam	159983848053
data_somatic/HG008/Liss_lab/BCM_Illumina-WGS_20240313/HG008-T_Illumina_195x_GRCh38-GIABv3.bam.bai	9584000
data_somatic/HG008/Liss_lab/BCM_Illumina-WGS_20240313/HG008-T_fastqs/HJVHNDSX7-1-IDUDI0031_S12_L001_R1_001.fastq.gz	13067670918
data_somatic/HG008/Liss_lab/BCM_Illumina-WGS_20240313/HG008-T_fastqs/HJVHNDSX7-1-IDUDI0031_S12_L001_R2_001.fastq.gz	14070269642
data_somatic/HG008/Liss_lab/BCM_Illumina-WGS_20240313/HG008-T_fastqs/HM22JDSX7-2-IDUDI0031_S12_L002_R1_001.fastq.gz	40921939698
data_somatic/HG008/Liss_lab/BCM_Illumina-WGS_20240313/HG008-T_fastqs/HM22JDSX7-2-IDUDI0031_S12_L002_R2_001.fastq.gz	44176562405
data_somatic/HG008/Liss_lab/BCM_Illumina-WGS_20240313/HG008-T_fastqs/HM2CNDSX7-2-IDUDI0031_S26_L002_R1_001.fastq.gz	19062888154
data_somatic/HG008/Liss_lab/BCM_Illumina-WGS_20240313/HG008-T_fastqs/HM2CNDSX7-2-IDUDI0031_S26_L002_R2_001.fastq.gz	20298224493
data_somatic/HG008/Liss_lab/BCM_Illumina-WGS_20240313/HG008-T_fastqs/HVWWFDSX7-2-IDUDI0031_S138_L002_R1_001.fastq.gz	39804061971
data_somatic/HG008/Liss_lab/BCM_Illumina-WGS_20240313/HG008-T_fastqs/HVWWFDSX7-2-IDUDI0031_S138_L002_R2_001.fastq.gz	43572350218
data_somatic/HG008/Liss_lab/BCM_Illumina-WGS_20240313/README_BCM_ILMN.md	20727
data_somatic/HG008/Liss_lab/BCM_Illumina-WGS_20240313/checksum.md5	1844
data_somatic/HG008/Liss_lab/NYGC_Illumina-WGS_20231023/HG008-N-D_CGGACAAC-AATCCGGA_H3LLJDSXC_L001_001.R1.fastq.gz	9857142342
data_somatic/HG008/Liss_lab/NYGC_Illumina-WGS_20231023/HG008-N-D_CGGACAAC-AATCCGGA_H3LLJDSXC_L001_001.R2.fastq.gz	10055462256
data_somatic/HG008/Liss_lab/NYGC_Illumina-WGS_20231023/HG008-N-D_CGGACAAC-AATCCGGA_H3LLJDSXC_L002_001.R1.fastq.gz	10718612959
data_somatic/HG008/Liss_lab/NYGC_Illumina-WGS_20231023/HG008-N-D_CGGACAAC-AATCCGGA_H3LLJDSXC_L002_001.R2.fastq.gz	10973831190
data_somatic/HG008/Liss_lab/NYGC_Illumina-WGS_20231023/HG008-N-D_CGGACAAC-AATCCGGA_H3LLJDSXC_L003_001.R1.fastq.gz	9748929074
data_somatic/HG008/Liss_lab/NYGC_Illumina-WGS_20231023/HG008-N-D_CGGACAAC-AATCCGGA_H3LLJDSXC_L003_001.R2.fastq.gz	9933623508
data_somatic/HG008/Liss_lab/NYGC_Illumina-WGS_20231023/HG008-N-D_CGGACAAC-AATCCGGA_H3LLJDSXC_L004_001.R1.fastq.gz	10091453698
data_somatic/HG008/Liss_lab/NYGC_Illumina-WGS_20231023/HG008-N-D_CGGACAAC-AATCCGGA_H3LLJDSXC_L004_001.R2.fastq.gz	10301203890
data_somatic/HG008/Liss_lab/NYGC_Illumina-WGS_20231023/HG008-N-D_CGGACAAC-AATCCGGA_H5M33DSXC_L001_001.R1.fastq.gz	6845294860
data_somatic/HG008/Liss_lab/NYGC_Illumina-WGS_20231023/HG008-N-D_CGGACAAC-AATCCGGA_H5M33DSXC_L001_001.R2.fastq.gz	7025054554
data_somatic/HG008/Liss_lab/NYGC_Illumina-WGS_20231023/HG008-N-D_CGGACAAC-AATCCGGA_H5M33DSXC_L002_001.R1.fastq.gz	6732066522
data_somatic/HG008/Liss_lab/NYGC_Illumina-WGS_20231023/HG008-N-D_CGGACAAC-AATCCGGA_H5M33DSXC_L002_001.R2.fastq.gz	6918115450
data_somatic/HG008/Liss_lab/NYGC_Illumina-WGS_20231023/HG008-N-D_CGGACAAC-AATCCGGA_H5M33DSXC_L003_001.R1.fastq.gz	6499118893
data_somatic/HG008/Liss_lab/NYGC_Illumina-WGS_20231023/HG008-N-D_CGGACAAC-AATCCGGA_H5M33DSXC_L003_001.R2.fastq.gz	6695156593
data_somatic/HG008/Liss_lab/NYGC_Illumina-WGS_20231023/HG008-N-D_CGGACAAC-AATCCGGA_H5M33DSXC_L004_001.R1.fastq.gz	6791729596
data_somatic/HG008/Liss_lab/NYGC_Illumina-WGS_20231023/HG008-N-D_CGGACAAC-AATCCGGA_H5M33DSXC_L004_001.R2.fastq.gz	6994802093
data_somatic/HG008/Liss_lab/NYGC_Illumina-WGS_20231023/HG008-N-D_CGGACAAC-AATCCGGA_H73FJDSXC_L001_001.R1.fastq.gz	6560879154
data_somatic/HG008/Liss_lab/NYGC_Illumina-WGS_20231023/HG008-N-D_CGGACAAC-AATCCGGA_H73FJDSXC_L001_001.R2.fastq.gz	6780341638
data_somatic/HG008/Liss_lab/NYGC_Illumina-WGS_20231023/HG008-N-D_CGGACAAC-AATCCGGA_H73FJDSXC_L002_001.R1.fastq.gz	7642280878
data_somatic/HG008/Liss_lab/NYGC_Illumina-WGS_20231023/HG008-N-D_CGGACAAC-AATCCGGA_H73FJDSXC_L002_001.R2.fastq.gz	7932568315
data_somatic/HG008/Liss_lab/NYGC_Illumina-WGS_20231023/HG008-N-D_CGGACAAC-AATCCGGA_H73FJDSXC_L003_001.R1.fastq.gz	6527712437
data_somatic/HG008/Liss_lab/NYGC_Illumina-WGS_20231023/HG008-N-D_CGGACAAC-AATCCGGA_H73FJDSXC_L003_001.R2.fastq.gz	6766190641
data_somatic/HG008/Liss_lab/NYGC_Illumina-WGS_20231023/HG008-N-D_CGGACAAC-AATCCGGA_H73FJDSXC_L004_001.R1.fastq.gz	7355454419
data_somatic/HG008/Liss_lab/NYGC_Illumina-WGS_20231023/HG008-N-D_CGGACAAC-AATCCGGA_H73FJDSXC_L004_001.R2.fastq.gz	7595487886
data_somatic/HG008/Liss_lab/NYGC_Illumina-WGS_20231023/HG008-N-D_Illumina_118x_GRCh37.bam	436153130815
data_somatic/HG008/Liss_lab/NYGC_Illumina-WGS_20231023/HG008-N-D_Illumina_118x_GRCh37.bam.bai	9446704
data_somatic/HG008/Liss_lab/NYGC_Illumina-WGS_20231023/HG008-N-D_Illumina_118x_GRCh38-GIABv3.bam	312335111314
data_somatic/HG008/Liss_lab/NYGC_Illumina-WGS_20231023/HG008-N-D_Illumina_118x_GRCh38-GIABv3.bam.bai	9604616
data_somatic/HG008/Liss_lab/NYGC_Illumina-WGS_20231023/HG008-T_Illumina_161x_GRCh37.bam	420780392107
data_somatic/HG008/Liss_lab/NYGC_Illumina-WGS_20231023/HG008-T_Illumina_161x_GRCh37.bam.bai	9302248
data_somatic/HG008/Liss_lab/NYGC_Illumina-WGS_20231023/HG008-T_Illumina_161x_GRCh38-GIABv3.bam	267449190045
data_somatic/HG008/Liss_lab/NYGC_Illumina-WGS_20231023/HG008-T_Illumina_161x_GRCh38-GIABv3.bam.bai	9527888
data_somatic/HG008/Liss_lab/NYGC_Illumina-WGS_20231023/HG008-T_TTCCTGTT-AAGATACT_HJVY2DSX7_L001_001.R1.fastq.gz	8835790295
data_somatic/HG008/Liss_lab/NYGC_Illumina-WGS_20231023/HG008-T_TTCCTGTT-AAGATACT_HJVY2DSX7_L001_001.R2.fastq.gz	9618589570
data_somatic/HG008/Liss_lab/NYGC_Illumina-WGS_20231023/HG008-T_TTCCTGTT-AAGATACT_HJVY2DSX7_L002_001.R1.fastq.gz	8557229912
data_somatic/HG008/Liss_lab/NYGC_Illumina-WGS_20231023/HG008-T_TTCCTGTT-AAGATACT_HJVY2DSX7_L002_001.R2.fastq.gz	9319166653
data_somatic/HG008/Liss_lab/NYGC_Illumina-WGS_20231023/HG008-T_TTCCTGTT-AAGATACT_HJVY2DSX7_L003_001.R1.fastq.gz	8804750747
data_somatic/HG008/Liss_lab/NYGC_Illumina-WGS_20231023/HG008-T_TTCCTGTT-AAGATACT_HJVY2DSX7_L003_001.R2.fastq.gz	9731001105
data_somatic/HG008/Liss_lab/NYGC_Illumina-WGS_20231023/HG008-T_TTCCTGTT-AAGATACT_HJVY2DSX7_L004_001.R1.fastq.gz	8342176119
data_somatic/HG008/Liss_lab/NYGC_Illumina-WGS_20231023/HG008-T_TTCCTGTT-AAGATACT_HJVY2DSX7_L004_001.R2.fastq.gz	9125419913
data_somatic/HG008/Liss_lab/NYGC_Illumina-WGS_20231023/HG008-T_TTCCTGTT-AAGATACT_HK25HDSX7_L001_001.R1.fastq.gz	10886429123
data_somatic/HG008/Liss_lab/NYGC_Illumina-WGS_20231023/HG008-T_TTCCTGTT-AAGATACT_HK25HDSX7_L001_001.R2.fastq.gz	11623728654
data_somatic/HG008/Liss_lab/NYGC_Illumina-WGS_20231023/HG008-T_TTCCTGTT-AAGATACT_HK25HDSX7_L002_001.R1.fastq.gz	10710564499
data_somatic/HG008/Liss_lab/NYGC_Illumina-WGS_20231023/HG008-T_TTCCTGTT-AAGATACT_HK25HDSX7_L002_001.R2.fastq.gz	11366008292
data_somatic/HG008/Liss_lab/NYGC_Illumina-WGS_20231023/HG008-T_TTCCTGTT-AAGATACT_HK25HDSX7_L003_001.R1.fastq.gz	10777884164
data_somatic/HG008/Liss_lab/NYGC_Illumina-WGS_20231023/HG008-T_TTCCTGTT-AAGATACT_HK25HDSX7_L003_001.R2.fastq.gz	11449084226
data_somatic/HG008/Liss_lab/NYGC_Illumina-WGS_20231023/HG008-T_TTCCTGTT-AAGATACT_HK25HDSX7_L004_001.R1.fastq.gz	10835275881
data_somatic/HG008/Liss_lab/NYGC_Illumina-WGS_20231023/HG008-T_TTCCTGTT-AAGATACT_HK25HDSX7_L004_001.R2.fastq.gz	11458769165
data_somatic/HG008/Liss_lab/NYGC_Illumina-WGS_20231023/HG008-T_TTCCTGTT-AAGATACT_HKGTGDSX7_L001_001.R1.fastq.gz	8106058356
data_somatic/HG008/Liss_lab/NYGC_Illumina-WGS_20231023/HG008-T_TTCCTGTT-AAGATACT_HKGTGDSX7_L001_001.R2.fastq.gz	8798914221
data_somatic/HG008/Liss_lab/NYGC_Illumina-WGS_20231023/HG008-T_TTCCTGTT-AAGATACT_HKGTGDSX7_L002_001.R1.fastq.gz	7480130667
data_somatic/HG008/Liss_lab/NYGC_Illumina-WGS_20231023/HG008-T_TTCCTGTT-AAGATACT_HKGTGDSX7_L002_001.R2.fastq.gz	8156464369
data_somatic/HG008/Liss_lab/NYGC_Illumina-WGS_20231023/HG008-T_TTCCTGTT-AAGATACT_HKGTGDSX7_L003_001.R1.fastq.gz	8139468141
data_somatic/HG008/Liss_lab/NYGC_Illumina-WGS_20231023/HG008-T_TTCCTGTT-AAGATACT_HKGTGDSX7_L003_001.R2.fastq.gz	8850598240
data_somatic/HG008/Liss_lab/NYGC_Illumina-WGS_20231023/HG008-T_TTCCTGTT-AAGATACT_HKGTGDSX7_L004_001.R1.fastq.gz	8119547317
data_somatic/HG008/Liss_lab/NYGC_Illumina-WGS_20231023/HG008-T_TTCCTGTT-AAGATACT_HKGTGDSX7_L004_001.R2.fastq.gz	8749548786
data_somatic/HG008/Liss_lab/NYGC_Illumina-WGS_20231023/README_NYGC.md	27537
data_somatic/HG008/Liss_lab/NYGC_Illumina-WGS_20231023/checksums.md5	5003
