data_somatic/HG008/Liss_lab/Northeastern-ONT-UL-20241216/11_12_2024_R1041_HG008_3066.dorado_0.8.1_sup.5mC_5hmC.bam	113758374307
data_somatic/HG008/Liss_lab/Northeastern-ONT-UL-20241216/HG008-T_CHM13v2.0_ONT-UL-R10.4.1-dorado_0.8.1_sup.5mC_5hmC_54x_20241216.bam	149589461793
data_somatic/HG008/Liss_lab/Northeastern-ONT-UL-20241216/HG008-T_CHM13v2.0_ONT-UL-R10.4.1-dorado_0.8.1_sup.5mC_5hmC_54x_20241216.bam.bai	34860400
data_somatic/HG008/Liss_lab/Northeastern-ONT-UL-20241216/HG008-T_GRCh37_ONT-UL-R10.4.1-dorado_0.8.1_sup.5mC_5hmC_54x_20241216.bam	158562820593
data_somatic/HG008/Liss_lab/Northeastern-ONT-UL-20241216/HG008-T_GRCh37_ONT-UL-R10.4.1-dorado_0.8.1_sup.5mC_5hmC_54x_20241216.bam.bai	32867576
data_somatic/HG008/Liss_lab/Northeastern-ONT-UL-20241216/HG008-T_GRCh38_GIABv3_ONT-UL-R10.4.1-dorado_0.8.1_sup.5mC_5hmC_54x_20241216.bam	154368421843
data_somatic/HG008/Liss_lab/Northeastern-ONT-UL-20241216/HG008-T_GRCh38_GIABv3_ONT-UL-R10.4.1-dorado_0.8.1_sup.5mC_5hmC_54x_20241216.bam.bai	34825104
data_somatic/HG008/Liss_lab/Northeastern-ONT-UL-20241216/Northeastern-ONT-UL-20241216.md	11978
data_somatic/HG008/Liss_lab/Northeastern-ONT-UL-20241216/checksum.md5	813
data_somatic/HG008/Liss_lab/Northeastern_ONT-std_20240422/03_13_24_R1041_GIAB_Duodenum.dorado_0.5.3_5mC_5hmC.longer_than_25kb.fastq.gz	15094219662
data_somatic/HG008/Liss_lab/Northeastern_ONT-std_20240422/03_13_24_R1041_GIAB_Duodenum.dorado_0.5.3_5mC_5hmC.longer_than_50kb.fastq.gz	1968769835
data_somatic/HG008/Liss_lab/Northeastern_ONT-std_20240422/03_13_24_R1041_GIAB_Duodenum_2.dorado_0.5.3_5mC_5hmC.longer_than_25kb.fastq.gz	16062931315
data_somatic/HG008/Liss_lab/Northeastern_ONT-std_20240422/03_13_24_R1041_GIAB_Duodenum_2.dorado_0.5.3_5mC_5hmC.longer_than_50kb.fastq.gz	2132802172
data_somatic/HG008/Liss_lab/Northeastern_ONT-std_20240422/03_13_24_R1041_GIAB_Duodenum_3.dorado_0.5.3_5mC_5hmC.longer_than_25kb.fastq.gz	14211471802
data_somatic/HG008/Liss_lab/Northeastern_ONT-std_20240422/03_13_24_R1041_GIAB_Duodenum_3.dorado_0.5.3_5mC_5hmC.longer_than_50kb.fastq.gz	2056464553
data_somatic/HG008/Liss_lab/Northeastern_ONT-std_20240422/03_13_24_R1041_GIAB_Duodenum_4.dorado_0.5.3_5mC_5hmC.longer_than_25kb.fastq.gz	14797819221
data_somatic/HG008/Liss_lab/Northeastern_ONT-std_20240422/03_13_24_R1041_GIAB_Duodenum_4.dorado_0.5.3_5mC_5hmC.longer_than_50kb.fastq.gz	1706314818
data_somatic/HG008/Liss_lab/Northeastern_ONT-std_20240422/03_13_24_R1041_GIAB_Normal_Pancreas.dorado_0.5.3_5mC_5hmC.longer_than_25kb.fastq.gz	25987468357
data_somatic/HG008/Liss_lab/Northeastern_ONT-std_20240422/03_13_24_R1041_GIAB_Normal_Pancreas.dorado_0.5.3_5mC_5hmC.longer_than_50kb.fastq.gz	5552149091
data_somatic/HG008/Liss_lab/Northeastern_ONT-std_20240422/03_13_24_R1041_GIAB_Normal_Pancreas_2.dorado_0.5.3_5mC_5hmC.longer_than_25kb.fastq.gz	26702978157
data_somatic/HG008/Liss_lab/Northeastern_ONT-std_20240422/03_13_24_R1041_GIAB_Normal_Pancreas_2.dorado_0.5.3_5mC_5hmC.longer_than_50kb.fastq.gz	4799792712
data_somatic/HG008/Liss_lab/Northeastern_ONT-std_20240422/03_13_24_R1041_GIAB_Normal_Pancreas_3.dorado_0.5.3_5mC_5hmC.longer_than_25kb.fastq.gz	25912962178
data_somatic/HG008/Liss_lab/Northeastern_ONT-std_20240422/03_13_24_R1041_GIAB_Normal_Pancreas_3.dorado_0.5.3_5mC_5hmC.longer_than_50kb.fastq.gz	4563226856
data_somatic/HG008/Liss_lab/Northeastern_ONT-std_20240422/HG008-N-D_CHM13v2.0_ONT-R1041-dorado_0.5.3_5mC_5hmC_13x_gt25kb.bam	58699287587
data_somatic/HG008/Liss_lab/Northeastern_ONT-std_20240422/HG008-N-D_CHM13v2.0_ONT-R1041-dorado_0.5.3_5mC_5hmC_13x_gt25kb.bam.bai	3577072
data_somatic/HG008/Liss_lab/Northeastern_ONT-std_20240422/HG008-N-D_CHM13v2.0_ONT-R1041-dorado_0.5.3_5mC_5hmC_94x.bam	438566006119
data_somatic/HG008/Liss_lab/Northeastern_ONT-std_20240422/HG008-N-D_CHM13v2.0_ONT-R1041-dorado_0.5.3_5mC_5hmC_94x.bam.bai	162049864
data_somatic/HG008/Liss_lab/Northeastern_ONT-std_20240422/HG008-N-D_GRCh37_ONT-R1041-dorado_0.5.3_5mC_5hmC_13x_gt25kb.bam	58830633575
data_somatic/HG008/Liss_lab/Northeastern_ONT-std_20240422/HG008-N-D_GRCh37_ONT-R1041-dorado_0.5.3_5mC_5hmC_13x_gt25kb.bam.bai	3534544
data_somatic/HG008/Liss_lab/Northeastern_ONT-std_20240422/HG008-N-D_GRCh37_ONT-R1041-dorado_0.5.3_5mC_5hmC_94x.bam	444731009375
data_somatic/HG008/Liss_lab/Northeastern_ONT-std_20240422/HG008-N-D_GRCh37_ONT-R1041-dorado_0.5.3_5mC_5hmC_94x.bam.bai	155246008
data_somatic/HG008/Liss_lab/Northeastern_ONT-std_20240422/HG008-N-D_GRCh38-GIABv3_ONT-R1041-dorado_0.5.3_5mC_5hmC_13x_gt25kb.bam	58932876550
data_somatic/HG008/Liss_lab/Northeastern_ONT-std_20240422/HG008-N-D_GRCh38-GIABv3_ONT-R1041-dorado_0.5.3_5mC_5hmC_13x_gt25kb.bam.bai	3564552
data_somatic/HG008/Liss_lab/Northeastern_ONT-std_20240422/HG008-N-D_GRCh38-GIABv3_ONT-R1041-dorado_0.5.3_5mC_5hmC_94x.bam	450755274622
data_somatic/HG008/Liss_lab/Northeastern_ONT-std_20240422/HG008-N-D_GRCh38-GIABv3_ONT-R1041-dorado_0.5.3_5mC_5hmC_94x.bam.bai	163250120
data_somatic/HG008/Liss_lab/Northeastern_ONT-std_20240422/HG008-N-D_ubams/03_13_24_R1041_GIAB_Duodenum.dorado_0.5.3_5mC_5hmC.bam	90105803645
data_somatic/HG008/Liss_lab/Northeastern_ONT-std_20240422/HG008-N-D_ubams/03_13_24_R1041_GIAB_Duodenum.dorado_0.5.3_5mC_5hmC.summary.txt	1606513131
data_somatic/HG008/Liss_lab/Northeastern_ONT-std_20240422/HG008-N-D_ubams/03_13_24_R1041_GIAB_Duodenum.dorado_0.5.3_5mC_5hmC.summary_pycoQC_report.html	1787301
data_somatic/HG008/Liss_lab/Northeastern_ONT-std_20240422/HG008-N-D_ubams/03_13_24_R1041_GIAB_Duodenum_2.dorado_0.5.3_5mC_5hmC.bam	89647408277
data_somatic/HG008/Liss_lab/Northeastern_ONT-std_20240422/HG008-N-D_ubams/03_13_24_R1041_GIAB_Duodenum_2.dorado_0.5.3_5mC_5hmC.summary.txt	1480479270
data_somatic/HG008/Liss_lab/Northeastern_ONT-std_20240422/HG008-N-D_ubams/03_13_24_R1041_GIAB_Duodenum_2.dorado_0.5.3_5mC_5hmC.summary_pycoQC_report.html	1771331
data_somatic/HG008/Liss_lab/Northeastern_ONT-std_20240422/HG008-N-D_ubams/03_13_24_R1041_GIAB_Duodenum_3.dorado_0.5.3_5mC_5hmC.bam	77856391489
data_somatic/HG008/Liss_lab/Northeastern_ONT-std_20240422/HG008-N-D_ubams/03_13_24_R1041_GIAB_Duodenum_3.dorado_0.5.3_5mC_5hmC.summary.txt	1287286079
data_somatic/HG008/Liss_lab/Northeastern_ONT-std_20240422/HG008-N-D_ubams/03_13_24_R1041_GIAB_Duodenum_3.dorado_0.5.3_5mC_5hmC.summary_pycoQC_report.html	1756092
data_somatic/HG008/Liss_lab/Northeastern_ONT-std_20240422/HG008-N-D_ubams/03_13_24_R1041_GIAB_Duodenum_4.dorado_0.5.3_5mC_5hmC.bam	88155952723
data_somatic/HG008/Liss_lab/Northeastern_ONT-std_20240422/HG008-N-D_ubams/03_13_24_R1041_GIAB_Duodenum_4.dorado_0.5.3_5mC_5hmC.summary.txt	1501072666
data_somatic/HG008/Liss_lab/Northeastern_ONT-std_20240422/HG008-N-D_ubams/03_13_24_R1041_GIAB_Duodenum_4.dorado_0.5.3_5mC_5hmC.summary_pycoQC_report.html	1782957
data_somatic/HG008/Liss_lab/Northeastern_ONT-std_20240422/HG008-N-P_CHM13v2.0_ONT-R1041-dorado_0.5.3_5mC_5hmC_20x_gt25kb.bam	78291475200
data_somatic/HG008/Liss_lab/Northeastern_ONT-std_20240422/HG008-N-P_CHM13v2.0_ONT-R1041-dorado_0.5.3_5mC_5hmC_20x_gt25kb.bam.bai	4283904
data_somatic/HG008/Liss_lab/Northeastern_ONT-std_20240422/HG008-N-P_CHM13v2.0_ONT-R1041-dorado_0.5.3_5mC_5hmC_41x.bam	179728032337
data_somatic/HG008/Liss_lab/Northeastern_ONT-std_20240422/HG008-N-P_CHM13v2.0_ONT-R1041-dorado_0.5.3_5mC_5hmC_41x.bam.bai	61563112
data_somatic/HG008/Liss_lab/Northeastern_ONT-std_20240422/HG008-N-P_GRCh37_ONT-R1041-dorado_0.5.3_5mC_5hmC_20x_gt25kb.bam	78570781401
data_somatic/HG008/Liss_lab/Northeastern_ONT-std_20240422/HG008-N-P_GRCh37_ONT-R1041-dorado_0.5.3_5mC_5hmC_20x_gt25kb.bam.bai	4210496
data_somatic/HG008/Liss_lab/Northeastern_ONT-std_20240422/HG008-N-P_GRCh37_ONT_R1041-dorado_0.5.3_5mC_5hmC_41x.bam	185125723259
data_somatic/HG008/Liss_lab/Northeastern_ONT-std_20240422/HG008-N-P_GRCh37_ONT_R1041-dorado_0.5.3_5mC_5hmC_41x.bam.bai	58193504
data_somatic/HG008/Liss_lab/Northeastern_ONT-std_20240422/HG008-N-P_GRCh38-GIABv3_ONT-R1041-dorado_0.5.3_5mC_5hmC_20x_gt25kb.bam	78641825680
data_somatic/HG008/Liss_lab/Northeastern_ONT-std_20240422/HG008-N-P_GRCh38-GIABv3_ONT-R1041-dorado_0.5.3_5mC_5hmC_20x_gt25kb.bam.bai	4269008
data_somatic/HG008/Liss_lab/Northeastern_ONT-std_20240422/HG008-N-P_GRCh38-GIABv3_ONT-R1041-dorado_0.5.3_5mC_5hmC_41x.bam	185972227157
data_somatic/HG008/Liss_lab/Northeastern_ONT-std_20240422/HG008-N-P_GRCh38-GIABv3_ONT-R1041-dorado_0.5.3_5mC_5hmC_41x.bam.bai	61353032
data_somatic/HG008/Liss_lab/Northeastern_ONT-std_20240422/HG008-N-P_ubams/03_13_24_R1041_GIAB_Normal_Pancreas.dorado_0.5.3_5mC_5hmC.bam	46300412577
data_somatic/HG008/Liss_lab/Northeastern_ONT-std_20240422/HG008-N-P_ubams/03_13_24_R1041_GIAB_Normal_Pancreas.dorado_0.5.3_5mC_5hmC.summary.txt	461230254
data_somatic/HG008/Liss_lab/Northeastern_ONT-std_20240422/HG008-N-P_ubams/03_13_24_R1041_GIAB_Normal_Pancreas.dorado_0.5.3_5mC_5hmC.summary_pycoQC_report.html	1792761
data_somatic/HG008/Liss_lab/Northeastern_ONT-std_20240422/HG008-N-P_ubams/03_13_24_R1041_GIAB_Normal_Pancreas_2.dorado_0.5.3_5mC_5hmC.bam	49607859349
data_somatic/HG008/Liss_lab/Northeastern_ONT-std_20240422/HG008-N-P_ubams/03_13_24_R1041_GIAB_Normal_Pancreas_2.dorado_0.5.3_5mC_5hmC.summary.txt	528013957
data_somatic/HG008/Liss_lab/Northeastern_ONT-std_20240422/HG008-N-P_ubams/03_13_24_R1041_GIAB_Normal_Pancreas_2.dorado_0.5.3_5mC_5hmC.summary_pycoQC_report.html	1776349
data_somatic/HG008/Liss_lab/Northeastern_ONT-std_20240422/HG008-N-P_ubams/03_13_24_R1041_GIAB_Normal_Pancreas_3.dorado_0.5.3_5mC_5hmC.bam	49458453894
data_somatic/HG008/Liss_lab/Northeastern_ONT-std_20240422/HG008-N-P_ubams/03_13_24_R1041_GIAB_Normal_Pancreas_3.dorado_0.5.3_5mC_5hmC.summary.txt	532927960
data_somatic/HG008/Liss_lab/Northeastern_ONT-std_20240422/HG008-N-P_ubams/03_13_24_R1041_GIAB_Normal_Pancreas_3.dorado_0.5.3_5mC_5hmC.summary_pycoQC_report.html	1783467
data_somatic/HG008/Liss_lab/Northeastern_ONT-std_20240422/README_NE_ONT-std.md	23784
data_somatic/HG008/Liss_lab/Northeastern_ONT-std_20240422/checksum.md5	6528
data_somatic/HG008/Liss_lab/UCSC_ONT-UL_20231207/HG008-T_CHM13v2.0_ONT-UL-R10.4.1-dorado0.4.3_sup4.2.0_5mCG_5hmCG_54x_UCSC_20231031.bam	118580245914
data_somatic/HG008/Liss_lab/UCSC_ONT-UL_20231207/HG008-T_CHM13v2.0_ONT-UL-R10.4.1-dorado0.4.3_sup4.2.0_5mCG_5hmCG_54x_UCSC_20231031.bam.bai	23254656
data_somatic/HG008/Liss_lab/UCSC_ONT-UL_20231207/HG008-T_GRCh37_ONT-UL-R10.4.1-dorado0.4.3_sup4.2.0_5mCG_5hmCG_54x_UCSC_20231031.bam	123505131012
data_somatic/HG008/Liss_lab/UCSC_ONT-UL_20231207/HG008-T_GRCh37_ONT-UL-R10.4.1-dorado0.4.3_sup4.2.0_5mCG_5hmCG_54x_UCSC_20231031.bam.bai	21914160
data_somatic/HG008/Liss_lab/UCSC_ONT-UL_20231207/HG008-T_GRCh38_GIABv3_ONT-UL-R10.4.1-dorado0.4.3_sup4.2.0_5mCG_5hmCG_54x_UCSC_20231031.bam	121804713283
data_somatic/HG008/Liss_lab/UCSC_ONT-UL_20231207/HG008-T_GRCh38_GIABv3_ONT-UL-R10.4.1-dorado0.4.3_sup4.2.0_5mCG_5hmCG_54x_UCSC_20231031.bam.bai	23177968
data_somatic/HG008/Liss_lab/UCSC_ONT-UL_20231207/HG008-T_UCSC_20231031_ONT-UL-R10.4.1_1_dorado-v0.4.3_sup4.2.0-5mCG-5hmCG.bam	27866492447
data_somatic/HG008/Liss_lab/UCSC_ONT-UL_20231207/HG008-T_UCSC_20231031_ONT-UL-R10.4.1_2_dorado-v0.4.3_sup4.2.0-5mCG-5hmCG.bam	32346946107
data_somatic/HG008/Liss_lab/UCSC_ONT-UL_20231207/HG008-T_UCSC_20231031_ONT-UL-R10.4.1_3_dorado-v0.4.3_sup4.2.0-5mCG-5hmCG.bam	44669150476
data_somatic/HG008/Liss_lab/UCSC_ONT-UL_20231207/HG008-T_UCSC_20231031_ONT-UL-R10.4.1_dorado-v0.4.3_sup4.2.0-5mCG-5hmCG_run_info.tar.gz	97827021
data_somatic/HG008/Liss_lab/UCSC_ONT-UL_20231207/README_UCSC_ONT-UL.md	15575
data_somatic/HG008/Liss_lab/UCSC_ONT-UL_20231207/checksum.md5	1241
data_somatic/HG008/Liss_lab/UCSC_ONT_20231003/HG008-T_CHM13v2.0_ONT-R10.4.1-doradov0.3.4-5mCG-5hmC_63x_UCSC_20230905.bam	138484672073
data_somatic/HG008/Liss_lab/UCSC_ONT_20231003/HG008-T_CHM13v2.0_ONT-R10.4.1-doradov0.3.4-5mCG-5hmC_63x_UCSC_20230905.bam.bai	41272672
data_somatic/HG008/Liss_lab/UCSC_ONT_20231003/HG008-T_GRCh37_ONT-R10.4.1-doradov0.3.4-5mCG-5hmC_63x_UCSC_20230905.bam	141326398953
data_somatic/HG008/Liss_lab/UCSC_ONT_20231003/HG008-T_GRCh37_ONT-R10.4.1-doradov0.3.4-5mCG-5hmC_63x_UCSC_20230905.bam.bai	39215120
data_somatic/HG008/Liss_lab/UCSC_ONT_20231003/HG008-T_GRCh38_GIABv3_ONT-R10.4.1-doradov0.3.4-5mCG-5hmC_63x_UCSC_20230905.bam	141043159121
data_somatic/HG008/Liss_lab/UCSC_ONT_20231003/HG008-T_GRCh38_GIABv3_ONT-R10.4.1-doradov0.3.4-5mCG-5hmC_63x_UCSC_20230905.bam.bai	41011832
data_somatic/HG008/Liss_lab/UCSC_ONT_20231003/HG008-T_UCSC_20230905_ONT-std-R10.4.1_1_dorado_v0.3.4_sup4.2.0_5mCG-5hmC.bam	125731454084
data_somatic/HG008/Liss_lab/UCSC_ONT_20231003/HG008-T_UCSC_20230905_ONT-std-R10.4.1_1_dorado_v0.3.4_sup4.2.0_5mCG-5hmC.html	28253330
data_somatic/HG008/Liss_lab/UCSC_ONT_20231003/HG008-T_UCSC_20230905_ONT-std-R10.4.1_1_dorado_v0.3.4_sup4.2.0_5mCG-5hmC_summary.txt	1006467279
data_somatic/HG008/Liss_lab/UCSC_ONT_20231003/README_UCSC_ONT-std.md	16080
data_somatic/HG008/Liss_lab/UCSC_ONT_20231003/checksum5.md	1011
